Protocollo;Gruppo;DataOraIncidente;Localizzazione1;STRADA1;Localizzazione2;STRADA2;Strada02;Chilometrica;DaSpecificare;NaturaIncidente;particolaritastrade;TipoStrada;FondoStradale;Pavimentazione;Segnaletica;CondizioneAtmosferica;Traffico;Visibilita;Illuminazione;NUM_FERITI;NUM_RISERVATA;NUM_MORTI;NUM_ILLESI;Longitudine;Latitudine;Confermato;Progressivo;TipoVeicolo;StatoVeicolo;TipoPersona;Sesso;Tipolesione;Deceduto;DecedutoDopo;CinturaCascoUtilizzato;Airbag
2944876;23;01/09/2016 00:20;Strada Urbana;VIA CRISTOFORO COLOMBO;all'intersezione con;VIA PONTINA;VIA PONTINA;;;Scontro frontale/laterale DX fra veicoli in marcia;Incrocio;Più di due carreggiate;Asciutto;Asfaltata;Orizzontale;Sereno;Scarso;Insufficiente;Inesistente;0;0;0;2;12.4571;41.80991;-1;1;Autovettura privata;In marcia / fermata / arresto;Conducente;M;Illeso;0;;Utilizzato;Inesploso
2944876;23;01/09/2016 00:20;Strada Urbana;VIA CRISTOFORO COLOMBO;all'intersezione con;VIA PONTINA;VIA PONTINA;;;Scontro frontale/laterale DX fra veicoli in marcia;Incrocio;Più di due carreggiate;Asciutto;Asfaltata;Orizzontale;Sereno;Scarso;Insufficiente;Inesistente;0;0;0;2;12.4571;41.80991;-1;2;Autovettura privata;In marcia / fermata / arresto;Conducente;F;Illeso;0;;Utilizzato;Inesploso
2946020;13;01/09/2016 00:15;Strada Urbana;VIA CRISTOFORO COLOMBO;all'intersezione con;VIA DI CASAL PALOCCO;VIA DI CASAL PALOCCO;;;Tamponamento;Incrocio;Più di due carreggiate;Asciutto;Asfaltata;Verticale ed orizzontale;Nuvoloso;Normale;Buona;Sufficiente;0;0;0;3;12.35726;41.74585;-1;1;Autovettura privata;In marcia / fermata / arresto;Conducente;M;Illeso;0;;Non accertato;Inesploso
2946020;13;01/09/2016 00:15;Strada Urbana;VIA CRISTOFORO COLOMBO;all'intersezione con;VIA DI CASAL PALOCCO;VIA DI CASAL PALOCCO;;;Tamponamento;Incrocio;Più di due carreggiate;Asciutto;Asfaltata;Verticale ed orizzontale;Nuvoloso;Normale;Buona;Sufficiente;0;0;0;3;12.35726;41.74585;-1;1;Autovettura privata;In marcia / fermata / arresto;Passeggero;M;Illeso;0;;Non accertato;Inesploso
2946020;13;01/09/2016 00:15;Strada Urbana;VIA CRISTOFORO COLOMBO;all'intersezione con;VIA DI CASAL PALOCCO;VIA DI CASAL PALOCCO;;;Tamponamento;Incrocio;Più di due carreggiate;Asciutto;Asfaltata;Verticale ed orizzontale;Nuvoloso;Normale;Buona;Sufficiente;0;0;0;3;12.35726;41.74585;-1;2;Autovettura privata;In marcia / fermata / arresto;Conducente;M;Illeso;0;;;
2946051;7;01/09/2016 07:15;Strada Urbana;VIA PRENESTINA;all'intersezione semaforizzata con;VIALE PALMIRO TOGLIATTI;VIALE PALMIRO TOGLIATTI;;;Scontro frontale/laterale DX fra veicoli in marcia;Intersezione semaforizzata;Due carreggiate;Asciutto;Asfaltata;Verticale ed orizzontale;Sereno;Normale;Buona;Ore Diurne;0;0;0;2;12.57527;41.89489;-1;1;Autovettura privata;In marcia / fermata / arresto;Conducente;M;Illeso;0;;;
2946051;7;01/09/2016 07:15;Strada Urbana;VIA PRENESTINA;all'intersezione semaforizzata con;VIALE PALMIRO TOGLIATTI;VIALE PALMIRO TOGLIATTI;;;Scontro frontale/laterale DX fra veicoli in marcia;Intersezione semaforizzata;Due carreggiate;Asciutto;Asfaltata;Verticale ed orizzontale;Sereno;Normale;Buona;Ore Diurne;0;0;0;2;12.57527;41.89489;-1;2;Autovettura privata;In marcia / fermata / arresto;Conducente;M;Illeso;0;;Non accertato;Inesploso
2946130;7;01/09/2016 08:15;Strada Urbana;VIALE PALMIRO TOGLIATTI;in prossimità;;del civico n.;581;;Tamponamento;Rettilineo;Due carreggiate;Asciutto;Asfaltata;Orizzontale;Sereno;Normale;Buona;Ore Diurne;0;0;0;3;12.57153;41.87683;-1;1;Autovettura privata;In marcia / fermata / arresto;Conducente;M;Illeso;0;;Non accertato;Inesploso
2946130;7;01/09/2016 08:15;Strada Urbana;VIALE PALMIRO TOGLIATTI;in prossimità;;del civico n.;581;;Tamponamento;Rettilineo;Due carreggiate;Asciutto;Asfaltata;Orizzontale;Sereno;Normale;Buona;Ore Diurne;0;0;0;3;12.57153;41.87683;-1;2;Autovettura privata;In marcia / fermata / arresto;Conducente;M;Illeso;0;;Non accertato;Inesploso
2946130;7;01/09/2016 08:15;Strada Urbana;VIALE PALMIRO TOGLIATTI;in prossimità;;del civico n.;581;;Tamponamento;Rettilineo;Due carreggiate;Asciutto;Asfaltata;Orizzontale;Sereno;Normale;Buona;Ore Diurne;0;0;0;3;12.57153;41.87683;-1;2;Autovettura privata;In marcia / fermata / arresto;Passeggero;F;Illeso;0;;Non accertato;Inesploso
2946313;7;01/09/2016 10:00;Strada Urbana;VIA TOR DE' SCHIAVI;all'intersezione con;VIA DEI GLICINI;VIA DEI GLICINI;;;Scontro frontale/laterale DX fra veicoli in marcia;Incrocio;Due carreggiate;Asciutto;Asfaltata;Verticale ed orizzontale;Sereno;Normale;Buona;Ore Diurne;0;0;0;3;12.5638;41.87968;-1;1;Autovettura privata;In marcia / fermata / arresto;Conducente;M;Illeso;0;;Non accertato;Inesploso
2946313;7;01/09/2016 10:00;Strada Urbana;VIA TOR DE' SCHIAVI;all'intersezione con;VIA DEI GLICINI;VIA DEI GLICINI;;;Scontro frontale/laterale DX fra veicoli in marcia;Incrocio;Due carreggiate;Asciutto;Asfaltata;Verticale ed orizzontale;Sereno;Normale;Buona;Ore Diurne;0;0;0;3;12.5638;41.87968;-1;2;Autovettura privata;In marcia / fermata / arresto;Conducente;M;Illeso;0;;Non accertato;Inesploso
2946313;7;01/09/2016 10:00;Strada Urbana;VIA TOR DE' SCHIAVI;all'intersezione con;VIA DEI GLICINI;VIA DEI GLICINI;;;Scontro frontale/laterale DX fra veicoli in marcia;Incrocio;Due carreggiate;Asciutto;Asfaltata;Verticale ed orizzontale;Sereno;Normale;Buona;Ore Diurne;0;0;0;3;12.5638;41.87968;-1;2;Autovettura privata;In marcia / fermata / arresto;Passeggero;F;Illeso;0;;Non accertato;Inesploso
2946426;20;01/09/2016 08:30;Regionale entro l'abitato;VIA CASSIA;in corrispondenza;;del civico n.;1020;;Scontro frontale/laterale SX fra veicoli in marcia;Rettilineo;Una carreggiata a doppio senso;Asciutto;Asfaltata;Verticale ed orizzontale;Sereno;Intenso;Buona;Ore Diurne;0;0;0;1;12.42788;41.9742;-1;1;Autovettura privata;In marcia / fermata / arresto;Conducente;M;Illeso;0;;Non accertato;Inesploso
2946486;1;01/09/2016 09:00;Strada Urbana;LUNGOTEVERE RIPA;all'intersezione con;VIA RIPENSE;VIA RIPENSE;;;Tamponamento;Incrocio;Una carreggiata a senso unico di marcia;Asciutto;Asfaltata;Verticale ed orizzontale;Sereno;Normale;Buona;Ore Diurne;1;0;0;2;12.47885;41.88786;-1;1;Autovettura privata;In marcia / fermata / arresto;Conducente;M;Illeso;0;;Non accertato;Inesploso
2946486;1;01/09/2016 09:00;Strada Urbana;LUNGOTEVERE RIPA;all'intersezione con;VIA RIPENSE;VIA RIPENSE;;;Tamponamento;Incrocio;Una carreggiata a senso unico di marcia;Asciutto;Asfaltata;Verticale ed orizzontale;Sereno;Normale;Buona;Ore Diurne;1;0;0;2;12.47885;41.88786;-1;1;Autovettura privata;In marcia / fermata / arresto;Passeggero;F;Illeso;0;;Non accertato;Inesploso
2946486;1;01/09/2016 09:00;Strada Urbana;LUNGOTEVERE RIPA;all'intersezione con;VIA RIPENSE;VIA RIPENSE;;;Tamponamento;Incrocio;Una carreggiata a senso unico di marcia;Asciutto;Asfaltata;Verticale ed orizzontale;Sereno;Normale;Buona;Ore Diurne;1;0;0;2;12.47885;41.88786;-1;2;Motociclo a solo;In marcia / fermata / arresto;Conducente;M;Rimandato;0;NON DECEDUTO;Utilizzato;
2946505;18;01/09/2016 06:50;Strada Urbana;PIAZZA PIO XI;all'intersezione semaforizzata con;VIA ANASTASIO II;VIA ANASTASIO II;;;Veicolo in marcia contro ostacolo accidentale;Intersezione semaforizzata;Due carreggiate;Sdrucciolevole (pietrisco);Asfaltata;Verticale ed orizzontale;Sereno;Normale;Buona;Ore Diurne;1;0;0;0;12.43807;41.89447;-1;1;Motociclo a solo;In marcia / fermata / arresto;Conducente;F;Rimandato;0;NON DECEDUTO;Non accertato;
2946660;12;01/09/2016 09:40;Strada Urbana;VIA CIRO IL GRANDE;in prossimità;;del civico n.;21;;Investimento di pedone;Rettilineo;Una carreggiata a senso unico di marcia;Asciutto;Asfaltata;Verticale ed orizzontale;Sereno;Normale;Buona;Ore Diurne;1;0;0;1;12.46987;41.83619;-1;;;;Pedone;F;Rimandato;0;NON DECEDUTO;;
2946660;12;01/09/2016 09:40;Strada Urbana;VIA CIRO IL GRANDE;in prossimità;;del civico n.;21;;Investimento di pedone;Rettilineo;Una carreggiata a senso unico di marcia;Asciutto;Asfaltata;Verticale ed orizzontale;Sereno;Normale;Buona;Ore Diurne;1;0;0;1;12.46987;41.83619;-1;1;Autocarro inferiore 35 q.;In marcia / fermata / arresto;Conducente;M;Illeso;0;;Utilizzato;Inesploso
2946689;15;01/09/2016 11:00;Strada Urbana;VIA LA CONTEA;in prossimità;;del civico n.;20;;Veicolo in marcia contro veicolo fermo;Rettilineo;Una carreggiata a doppio senso;Asciutto;Asfaltata;Verticale;Sereno;Scarso;Buona;Ore Diurne;0;0;0;3;12.42116;41.85645;-1;1;Autovettura privata;In marcia / fermata / arresto;Conducente;F;Illeso;0;;Utilizzato;Inesploso
2946689;15;01/09/2016 11:00;Strada Urbana;VIA LA CONTEA;in prossimità;;del civico n.;20;;Veicolo in marcia contro veicolo fermo;Rettilineo;Una carreggiata a doppio senso;Asciutto;Asfaltata;Verticale;Sereno;Scarso;Buona;Ore Diurne;0;0;0;3;12.42116;41.85645;-1;1;Autovettura privata;In marcia / fermata / arresto;Passeggero;M;Illeso;0;;Utilizzato;Inesploso
2946689;15;01/09/2016 11:00;Strada Urbana;VIA LA CONTEA;in prossimità;;del civico n.;20;;Veicolo in marcia contro veicolo fermo;Rettilineo;Una carreggiata a doppio senso;Asciutto;Asfaltata;Verticale;Sereno;Scarso;Buona;Ore Diurne;0;0;0;3;12.42116;41.85645;-1;2;Autovettura privata;In marcia / fermata / arresto;Conducente;M;Illeso;0;;Utilizzato;Inesploso
2946703;10;01/09/2016 14:15;Strada Urbana;VIA DEL QUADRARO;in corrispondenza;;del civico n.;18;;Scontro frontale fra veicoli in marcia;Curva a visuale libera;Una carreggiata a senso unico di marcia;Asciutto;Asfaltata;Orizzontale;Sereno;Scarso;Buona;Ore Diurne;1;0;0;1;12.55432;41.86059;-1;1;Autocarro inferiore 35 q.;In marcia / fermata / arresto;Conducente;M;Illeso;0;;Non accertato;Inesploso
2946703;10;01/09/2016 14:15;Strada Urbana;VIA DEL QUADRARO;in corrispondenza;;del civico n.;18;;Scontro frontale fra veicoli in marcia;Curva a visuale libera;Una carreggiata a senso unico di marcia;Asciutto;Asfaltata;Orizzontale;Sereno;Scarso;Buona;Ore Diurne;1;0;0;1;12.55432;41.86059;-1;2;Motociclo a solo;In marcia / fermata / arresto;Conducente;F;Rimandato;0;NON DECEDUTO;Non accertato;
2946752;20;01/09/2016 13:00;Regionale;VIA FLAMINIA;in corrispondenza;;della chilometrica;18.6;;Fuoriuscita dalla sede stradale;Rettilineo;Una carreggiata a doppio senso;Asciutto;Asfaltata;Orizzontale;Sereno;Intenso;Buona;Ore Diurne;2;0;0;0;12.47183;41.94192;-1;1;Autovettura privata;In marcia / fermata / arresto;Conducente;M;Rimandato;0;NON DECEDUTO;Non accertato;Inesploso
2946752;20;01/09/2016 13:00;Regionale;VIA FLAMINIA;in corrispondenza;;della chilometrica;18.6;;Fuoriuscita dalla sede stradale;Rettilineo;Una carreggiata a doppio senso;Asciutto;Asfaltata;Orizzontale;Sereno;Intenso;Buona;Ore Diurne;2;0;0;0;12.47183;41.94192;-1;1;Autovettura privata;In marcia / fermata / arresto;Passeggero;F;Rimandato;0;NON DECEDUTO;Non accertato;Inesploso
2946808;15;01/09/2016 13:20;Strada Urbana;VIA PORTUENSE;da specificare;;;;fronte civico 805;Tamponamento Multiplo;Rettilineo;Una carreggiata a doppio senso;Asciutto;Asfaltata;Orizzontale;Sereno;Normale;Buona;Ore Diurne;0;0;0;4;12.40847;41.84322;-1;1;Autovettura privata;In marcia / fermata / arresto;Conducente;M;Illeso;0;;Utilizzato;Inesploso
2946808;15;01/09/2016 13:20;Strada Urbana;VIA PORTUENSE;da specificare;;;;fronte civico 805;Tamponamento Multiplo;Rettilineo;Una carreggiata a doppio senso;Asciutto;Asfaltata;Orizzontale;Sereno;Normale;Buona;Ore Diurne;0;0;0;4;12.40847;41.84322;-1;2;Autovettura privata;In marcia / fermata / arresto;Conducente;M;Illeso;0;;Non accertato;Inesploso
2946808;15;01/09/2016 13:20;Strada Urbana;VIA PORTUENSE;da specificare;;;;fronte civico 805;Tamponamento Multiplo;Rettilineo;Una carreggiata a doppio senso;Asciutto;Asfaltata;Orizzontale;Sereno;Normale;Buona;Ore Diurne;0;0;0;4;12.40847;41.84322;-1;3;Autovettura privata;In marcia / fermata / arresto;Conducente;F;Illeso;0;;Non accertato;Inesploso
2946808;15;01/09/2016 13:20;Strada Urbana;VIA PORTUENSE;da specificare;;;;fronte civico 805;Tamponamento Multiplo;Rettilineo;Una carreggiata a doppio senso;Asciutto;Asfaltata;Orizzontale;Sereno;Normale;Buona;Ore Diurne;0;0;0;4;12.40847;41.84322;-1;3;Autovettura privata;In marcia / fermata / arresto;Passeggero;M;Illeso;0;;Non accertato;Inesploso
2946903;6;01/09/2016 13:40;Strada Urbana;VIA DEI GORDIANI;all'intersezione con;VIA CHECCO DURANTE;VIA CHECCO DURANTE;;;Scontro laterale fra veicoli in marcia;Intersezione stradale segnalata;Una carreggiata a doppio senso;Asciutto;Asfaltata;Verticale ed orizzontale;Sereno;Normale;Buona;Ore Diurne;1;0;0;1;12.55323;41.88143;-1;1;Motociclo a solo;In marcia / fermata / arresto;Conducente;M;Rimandato;0;NON DECEDUTO;;
2946903;6;01/09/2016 13:40;Strada Urbana;VIA DEI GORDIANI;all'intersezione con;VIA CHECCO DURANTE;VIA CHECCO DURANTE;;;Scontro laterale fra veicoli in marcia;Intersezione stradale segnalata;Una carreggiata a doppio senso;Asciutto;Asfaltata;Verticale ed orizzontale;Sereno;Normale;Buona;Ore Diurne;1;0;0;1;12.55323;41.88143;-1;2;Autovettura privata;In marcia / fermata / arresto;Conducente;F;Illeso;0;;;
2946912;19;05/09/2016 03:15;Strada Urbana;VIA LATTANZIO;in prossimità;;del civico n.;28;;Veicolo in marcia contro veicolo in sosta;Curva a visuale libera;Una carreggiata a senso unico di marcia;Asciutto;Asfaltata;Assente;Sereno;Scarso;Buona;Sufficiente;0;0;0;1;12.44153;41.91187;-1;1;Quadriciclo leggero;In marcia / fermata / arresto;Conducente;M;Illeso;0;;;
2946947;16;01/09/2016 12:15;Strada Urbana;VIALE DELLE MURA GIANICOLENSI;in prossimità;;del civico n.;77;;Scontro laterale fra veicoli in marcia;Rettilineo;Una carreggiata a doppio senso;Asciutto;Asfaltata;Verticale;Sereno;Normale;Buona;Ore Diurne;0;0;0;2;12.46129;41.88434;-1;1;Autovettura privata;In marcia / fermata / arresto;Conducente;M;Illeso;0;;Non accertato;
2946947;16;01/09/2016 12:15;Strada Urbana;VIALE DELLE MURA GIANICOLENSI;in prossimità;;del civico n.;77;;Scontro laterale fra veicoli in marcia;Rettilineo;Una carreggiata a doppio senso;Asciutto;Asfaltata;Verticale;Sereno;Normale;Buona;Ore Diurne;0;0;0;2;12.46129;41.88434;-1;1;Autovettura privata;In marcia / fermata / arresto;Passeggero;M;Illeso;0;;Non accertato;
2947077;10;01/09/2016 19:00;Strada Urbana;VIA PETRIZZI;all'intersezione con;VIA DELLE VIGNE DI MORENA;VIA DELLE VIGNE DI MORENA;;;Scontro frontale/laterale SX fra veicoli in marcia;Intersezione stradale segnalata;Una carreggiata a senso unico di marcia;Bagnato (pioggia);Asfaltata;Verticale ed orizzontale;Pioggia in atto;Normale;Buona;Ore Diurne;0;0;0;4;12.60511;41.81097;-1;1;Autovettura privata;In marcia / fermata / arresto;Conducente;M;Illeso;0;;Non accertato;Inesploso
2947077;10;01/09/2016 19:00;Strada Urbana;VIA PETRIZZI;all'intersezione con;VIA DELLE VIGNE DI MORENA;VIA DELLE VIGNE DI MORENA;;;Scontro frontale/laterale SX fra veicoli in marcia;Intersezione stradale segnalata;Una carreggiata a senso unico di marcia;Bagnato (pioggia);Asfaltata;Verticale ed orizzontale;Pioggia in atto;Normale;Buona;Ore Diurne;0;0;0;4;12.60511;41.81097;-1;1;Autovettura privata;In marcia / fermata / arresto;Passeggero;M;Illeso;0;;Non accertato;Inesploso
2947077;10;01/09/2016 19:00;Strada Urbana;VIA PETRIZZI;all'intersezione con;VIA DELLE VIGNE DI MORENA;VIA DELLE VIGNE DI MORENA;;;Scontro frontale/laterale SX fra veicoli in marcia;Intersezione stradale segnalata;Una carreggiata a senso unico di marcia;Bagnato (pioggia);Asfaltata;Verticale ed orizzontale;Pioggia in atto;Normale;Buona;Ore Diurne;0;0;0;4;12.60511;41.81097;-1;2;Autovettura privata;In marcia / fermata / arresto;Conducente;M;Illeso;0;;Non accertato;Inesploso
2947077;10;01/09/2016 19:00;Strada Urbana;VIA PETRIZZI;all'intersezione con;VIA DELLE VIGNE DI MORENA;VIA DELLE VIGNE DI MORENA;;;Scontro frontale/laterale SX fra veicoli in marcia;Intersezione stradale segnalata;Una carreggiata a senso unico di marcia;Bagnato (pioggia);Asfaltata;Verticale ed orizzontale;Pioggia in atto;Normale;Buona;Ore Diurne;0;0;0;4;12.60511;41.81097;-1;2;Autovettura privata;In marcia / fermata / arresto;Passeggero;F;Illeso;0;;Non accertato;Inesploso
2947093;9;01/09/2016 17:45;Strada Urbana;VIA APPIA NUOVA;in prossimità;;del civico n.;246/A;;Investimento di pedone;Rettilineo;Due carreggiate;Asciutto;Asfaltata;Orizzontale;Sereno;Normale;Buona;Ore Diurne;2;0;0;2;12.51627;41.87972;-1;;;;Pedone;F;Rimandato;0;NON DECEDUTO;;
2947093;9;01/09/2016 17:45;Strada Urbana;VIA APPIA NUOVA;in prossimità;;del civico n.;246/A;;Investimento di pedone;Rettilineo;Due carreggiate;Asciutto;Asfaltata;Orizzontale;Sereno;Normale;Buona;Ore Diurne;2;0;0;2;12.51627;41.87972;-1;;;;Pedone;M;Rimandato;0;NON DECEDUTO;;
2947093;9;01/09/2016 17:45;Strada Urbana;VIA APPIA NUOVA;in prossimità;;del civico n.;246/A;;Investimento di pedone;Rettilineo;Due carreggiate;Asciutto;Asfaltata;Orizzontale;Sereno;Normale;Buona;Ore Diurne;2;0;0;2;12.51627;41.87972;-1;1;Autovettura privata;In marcia / fermata / arresto;Conducente;M;Illeso;0;;Utilizzato;Inesploso
2947093;9;01/09/2016 17:45;Strada Urbana;VIA APPIA NUOVA;in prossimità;;del civico n.;246/A;;Investimento di pedone;Rettilineo;Due carreggiate;Asciutto;Asfaltata;Orizzontale;Sereno;Normale;Buona;Ore Diurne;2;0;0;2;12.51627;41.87972;-1;1;Autovettura privata;In marcia / fermata / arresto;Passeggero;F;Illeso;0;;Utilizzato;Inesploso
2947097;20;01/09/2016 18:30;Regionale entro l'abitato;VIA CASSIA;da specificare;;;;interno area di parcheggio civico 1778;Scontro laterale fra veicoli in marcia;Rettilineo;Una carreggiata a doppio senso;Asciutto;Asfaltata;Assente;Sereno;Intenso;Buona;Ore Diurne;0;0;0;7;12.41425;41.9826;-1;1;Autovettura privata;In marcia / fermata / arresto;Conducente;M;Illeso;0;;Non accertato;Inesploso
2947097;20;01/09/2016 18:30;Regionale entro l'abitato;VIA CASSIA;da specificare;;;;interno area di parcheggio civico 1778;Scontro laterale fra veicoli in marcia;Rettilineo;Una carreggiata a doppio senso;Asciutto;Asfaltata;Assente;Sereno;Intenso;Buona;Ore Diurne;0;0;0;7;12.41425;41.9826;-1;1;Autovettura privata;In marcia / fermata / arresto;Passeggero;F;Illeso;0;;;
2947097;20;01/09/2016 18:30;Regionale entro l'abitato;VIA CASSIA;da specificare;;;;interno area di parcheggio civico 1778;Scontro laterale fra veicoli in marcia;Rettilineo;Una carreggiata a doppio senso;Asciutto;Asfaltata;Assente;Sereno;Intenso;Buona;Ore Diurne;0;0;0;7;12.41425;41.9826;-1;1;Autovettura privata;In marcia / fermata / arresto;Passeggero;F;Illeso;0;;;
2947097;20;01/09/2016 18:30;Regionale entro l'abitato;VIA CASSIA;da specificare;;;;interno area di parcheggio civico 1778;Scontro laterale fra veicoli in marcia;Rettilineo;Una carreggiata a doppio senso;Asciutto;Asfaltata;Assente;Sereno;Intenso;Buona;Ore Diurne;0;0;0;7;12.41425;41.9826;-1;1;Autovettura privata;In marcia / fermata / arresto;Passeggero;M;Illeso;0;;;
2947097;20;01/09/2016 18:30;Regionale entro l'abitato;VIA CASSIA;da specificare;;;;interno area di parcheggio civico 1778;Scontro laterale fra veicoli in marcia;Rettilineo;Una carreggiata a doppio senso;Asciutto;Asfaltata;Assente;Sereno;Intenso;Buona;Ore Diurne;0;0;0;7;12.41425;41.9826;-1;2;Autovettura privata;In marcia / fermata / arresto;Conducente;M;Illeso;0;;Non accertato;Inesploso
2947097;20;01/09/2016 18:30;Regionale entro l'abitato;VIA CASSIA;da specificare;;;;interno area di parcheggio civico 1778;Scontro laterale fra veicoli in marcia;Rettilineo;Una carreggiata a doppio senso;Asciutto;Asfaltata;Assente;Sereno;Intenso;Buona;Ore Diurne;0;0;0;7;12.41425;41.9826;-1;2;Autovettura privata;In marcia / fermata / arresto;Passeggero;F;Illeso;0;;Non accertato;Inesploso
2947104;15;01/09/2016 12:50;Strada Urbana;PIAZZA ENRICO FERMI;all'intersezione con;VIA GEROLAMO CARDANO;VIA GEROLAMO CARDANO;;;Scontro frontale/laterale DX fra veicoli in marcia;Incrocio;Due carreggiate;Asciutto;Asfaltata;Verticale;Sereno;Intenso;Sufficiente;Ore Diurne;0;0;0;2;12.46957;41.86423;-1;1;Autovettura privata;In marcia / fermata / arresto;Conducente;F;Illeso;0;;Utilizzato;Inesploso
2947104;15;01/09/2016 12:50;Strada Urbana;PIAZZA ENRICO FERMI;all'intersezione con;VIA GEROLAMO CARDANO;VIA GEROLAMO CARDANO;;;Scontro frontale/laterale DX fra veicoli in marcia;Incrocio;Due carreggiate;Asciutto;Asfaltata;Verticale;Sereno;Intenso;Sufficiente;Ore Diurne;0;0;0;2;12.46957;41.86423;-1;2;Autovettura privata;In marcia / fermata / arresto;Conducente;M;Illeso;0;;Utilizzato;Inesploso
2947226;6;01/09/2016 23:05;Strada Urbana;VIA TUSCOLANA;all'intersezione semaforizzata con;VIA SCRIBONIO CURIONE;VIA SCRIBONIO CURIONE;;;Scontro frontale/laterale DX fra veicoli in marcia;Incrocio;Due carreggiate;Asciutto;Asfaltata;Verticale ed orizzontale;Sereno;Scarso;Buona;Sufficiente;1;0;0;2;12.55304;41.86206;-1;1;Autovettura privata;In marcia / fermata / arresto;Conducente;M;Illeso;0;;Non accertato;Inesploso
2947226;6;01/09/2016 23:05;Strada Urbana;VIA TUSCOLANA;all'intersezione semaforizzata con;VIA SCRIBONIO CURIONE;VIA SCRIBONIO CURIONE;;;Scontro frontale/laterale DX fra veicoli in marcia;Incrocio;Due carreggiate;Asciutto;Asfaltata;Verticale ed orizzontale;Sereno;Scarso;Buona;Sufficiente;1;0;0;2;12.55304;41.86206;-1;1;Autovettura privata;In marcia / fermata / arresto;Passeggero;M;Illeso;0;;Non accertato;Inesploso
2947226;6;01/09/2016 23:05;Strada Urbana;VIA TUSCOLANA;all'intersezione semaforizzata con;VIA SCRIBONIO CURIONE;VIA SCRIBONIO CURIONE;;;Scontro frontale/laterale DX fra veicoli in marcia;Incrocio;Due carreggiate;Asciutto;Asfaltata;Verticale ed orizzontale;Sereno;Scarso;Buona;Sufficiente;1;0;0;2;12.55304;41.86206;-1;2;Motociclo a solo;In marcia / fermata / arresto;Conducente;F;Rimandato;0;NON DECEDUTO;Non accertato;
2947306;11;01/09/2016 14:00;Strada Urbana;VIA OSTIENSE;all'intersezione semaforizzata con;PIAZZA DEL GAZOMETRO;PIAZZA DEL GAZOMETRO;;;Fuoriuscita dalla sede stradale;Intersezione semaforizzata;Più di due carreggiate;Asciutto;Asfaltata;Verticale ed orizzontale;Sereno;Normale;Buona;Ore Diurne;1;0;0;1;12.47961;41.87008;-1;1;Motociclo a solo;In marcia / fermata / arresto;Conducente;M;Rifiuta cure immediate;0;NON DECEDUTO;Non accertato;
2947306;11;01/09/2016 14:00;Strada Urbana;VIA OSTIENSE;all'intersezione semaforizzata con;PIAZZA DEL GAZOMETRO;PIAZZA DEL GAZOMETRO;;;Fuoriuscita dalla sede stradale;Intersezione semaforizzata;Più di due carreggiate;Asciutto;Asfaltata;Verticale ed orizzontale;Sereno;Normale;Buona;Ore Diurne;1;0;0;1;12.47961;41.87008;-1;1;Motociclo a solo;In marcia / fermata / arresto;Passeggero;F;Illeso;0;;Non accertato;
2947307;11;01/09/2016 17:30;Strada Urbana;VIA OSTIENSE;in corrispondenza;;del civico n.;363;;Ribaltamento senza urto contro ostacolo fisso;Rettilineo;Una carreggiata a doppio senso;Asciutto;Asfaltata;Assente;Sereno;Normale;Buona;Ore Diurne;0;0;0;4;12.47692;41.85382;-1;1;Autovettura privata;In marcia / fermata / arresto;Conducente;M;Illeso;0;;;
2947307;11;01/09/2016 17:30;Strada Urbana;VIA OSTIENSE;in corrispondenza;;del civico n.;363;;Ribaltamento senza urto contro ostacolo fisso;Rettilineo;Una carreggiata a doppio senso;Asciutto;Asfaltata;Assente;Sereno;Normale;Buona;Ore Diurne;0;0;0;4;12.47692;41.85382;-1;1;Autovettura privata;In marcia / fermata / arresto;Passeggero;F;Illeso;0;;;
2947307;11;01/09/2016 17:30;Strada Urbana;VIA OSTIENSE;in corrispondenza;;del civico n.;363;;Ribaltamento senza urto contro ostacolo fisso;Rettilineo;Una carreggiata a doppio senso;Asciutto;Asfaltata;Assente;Sereno;Normale;Buona;Ore Diurne;0;0;0;4;12.47692;41.85382;-1;2;Autovettura privata;In marcia / fermata / arresto;Conducente;M;Illeso;0;;;
2947307;11;01/09/2016 17:30;Strada Urbana;VIA OSTIENSE;in corrispondenza;;del civico n.;363;;Ribaltamento senza urto contro ostacolo fisso;Rettilineo;Una carreggiata a doppio senso;Asciutto;Asfaltata;Assente;Sereno;Normale;Buona;Ore Diurne;0;0;0;4;12.47692;41.85382;-1;2;Autovettura privata;In marcia / fermata / arresto;Passeggero;F;Illeso;0;;;
2947314;9;01/09/2016 08:20;Strada Urbana;VIA TODI;all'intersezione con;VIA MONTEFALCO;VIA MONTEFALCO;;;Scontro frontale/laterale SX fra veicoli in marcia;Incrocio;Una carreggiata a senso unico di marcia;Asciutto;Asfaltata;Verticale ed orizzontale;Sereno;Scarso;Buona;Ore Diurne;1;0;0;1;12.52914;41.87997;-1;1;Autocarro inferiore 35 q.;In marcia / fermata / arresto;Conducente;M;Illeso;0;;Non accertato;Inesploso
2947314;9;01/09/2016 08:20;Strada Urbana;VIA TODI;all'intersezione con;VIA MONTEFALCO;VIA MONTEFALCO;;;Scontro frontale/laterale SX fra veicoli in marcia;Incrocio;Una carreggiata a senso unico di marcia;Asciutto;Asfaltata;Verticale ed orizzontale;Sereno;Scarso;Buona;Ore Diurne;1;0;0;1;12.52914;41.87997;-1;2;Autovettura privata;In marcia / fermata / arresto;Conducente;F;Rimandato;0;NON DECEDUTO;Non accertato;Inesploso