Protocollo;Gruppo;DataOraIncidente;Localizzazione1;STRADA1;Localizzazione2;STRADA2;Strada02;Chilometrica;DaSpecificare;NaturaIncidente;particolaritastrade;TipoStrada;FondoStradale;Pavimentazione;Segnaletica;CondizioneAtmosferica;Traffico;Visibilita;Illuminazione;NUM_FERITI;NUM_RISERVATA;NUM_MORTI;NUM_ILLESI;Longitudine;Latitudine;Confermato;Progressivo;TipoVeicolo;StatoVeicolo;TipoPersona;Sesso;Tipolesione;Deceduto;DecedutoDopo;CinturaCascoUtilizzato;Airbag
2950162;5;03/09/2016 17:05;Strada Urbana;VIA SALVIATI;in prossimità;;del civico n.;70/72;;Veicolo in marcia contro ostacolo fisso;Rettilineo;Una carreggiata a doppio senso;Asciutto;Asfaltata;Assente;Sereno;Scarso;Buona;Ore Diurne;0;0;0;1;12.58268;41.90654;-1;1;Autovettura privata;In marcia / fermata / arresto;Conducente;M;Illeso;0;;Non accertato;Inesistente
2950170;4;01/09/2016 23:50;Strada Urbana;VIA DOMENICO CARBONE GRIO;in prossimità;;del civico n.;15;;Veicolo in marcia contro ostacolo accidentale;Rettilineo;Una carreggiata a senso unico di marcia;Asciutto;Asfaltata;Verticale;Sereno;Scarso;Sufficiente;Insufficiente;0;0;0;1;12.56121;41.94647;-1;1;Autovettura privata;In marcia / fermata / arresto;Conducente;M;Illeso;0;;Non accertato;Inesploso
2950171;5;04/09/2016 01:45;Strada Urbana;VIA DI TORRE SPACCATA;da specificare;;;;per Via Tuscolana;Scontro frontale/laterale DX fra veicoli in marcia;Rettilineo;Due carreggiate;Asciutto;Asfaltata;Verticale ed orizzontale;Sereno;Normale;Buona;Sufficiente;4;0;0;3;12.57568;41.84847;-1;1;Autovettura privata;In marcia / fermata / arresto;Conducente;M;Illeso;0;;Non accertato;
2950171;5;04/09/2016 01:45;Strada Urbana;VIA DI TORRE SPACCATA;da specificare;;;;per Via Tuscolana;Scontro frontale/laterale DX fra veicoli in marcia;Rettilineo;Due carreggiate;Asciutto;Asfaltata;Verticale ed orizzontale;Sereno;Normale;Buona;Sufficiente;4;0;0;3;12.57568;41.84847;-1;1;Autovettura privata;In marcia / fermata / arresto;Passeggero;F;Illeso;0;;Non accertato;
2950171;5;04/09/2016 01:45;Strada Urbana;VIA DI TORRE SPACCATA;da specificare;;;;per Via Tuscolana;Scontro frontale/laterale DX fra veicoli in marcia;Rettilineo;Due carreggiate;Asciutto;Asfaltata;Verticale ed orizzontale;Sereno;Normale;Buona;Sufficiente;4;0;0;3;12.57568;41.84847;-1;1;Autovettura privata;In marcia / fermata / arresto;Passeggero;F;Rimandato;0;NON DECEDUTO;Non accertato;Inesistente
2950171;5;04/09/2016 01:45;Strada Urbana;VIA DI TORRE SPACCATA;da specificare;;;;per Via Tuscolana;Scontro frontale/laterale DX fra veicoli in marcia;Rettilineo;Due carreggiate;Asciutto;Asfaltata;Verticale ed orizzontale;Sereno;Normale;Buona;Sufficiente;4;0;0;3;12.57568;41.84847;-1;2;Autovettura privata;In marcia / fermata / arresto;Conducente;M;Illeso;0;;Non accertato;
2950171;5;04/09/2016 01:45;Strada Urbana;VIA DI TORRE SPACCATA;da specificare;;;;per Via Tuscolana;Scontro frontale/laterale DX fra veicoli in marcia;Rettilineo;Due carreggiate;Asciutto;Asfaltata;Verticale ed orizzontale;Sereno;Normale;Buona;Sufficiente;4;0;0;3;12.57568;41.84847;-1;2;Autovettura privata;In marcia / fermata / arresto;Passeggero;M;Rimandato;0;NON DECEDUTO;Non accertato;
2950171;5;04/09/2016 01:45;Strada Urbana;VIA DI TORRE SPACCATA;da specificare;;;;per Via Tuscolana;Scontro frontale/laterale DX fra veicoli in marcia;Rettilineo;Due carreggiate;Asciutto;Asfaltata;Verticale ed orizzontale;Sereno;Normale;Buona;Sufficiente;4;0;0;3;12.57568;41.84847;-1;2;Autovettura privata;In marcia / fermata / arresto;Passeggero;F;Rimandato;0;NON DECEDUTO;Non accertato;
2950174;4;02/09/2016 14:10;Strada Urbana;VIA MONTE MASSICO;da specificare;;;;prossimità via Monte Crocco;Veicolo in marcia contro ostacolo accidentale;Rettilineo;Una carreggiata a doppio senso;Asciutto;Asfaltata;Assente;Sereno;Scarso;Buona;Ore Diurne;0;0;0;1;12.53059;41.95163;-1;1;Autovettura privata;In marcia / fermata / arresto;Conducente;M;Illeso;0;;Non accertato;Inesploso
2950175;9;03/09/2016 16:24;Strada Urbana;VIA TUSCOLANA;in corrispondenza;;del palo luce n.;123;;Tamponamento Multiplo;Rettilineo;Due carreggiate;Asciutto;Asfaltata;Verticale ed orizzontale;Sereno;Normale;Buona;Ore Diurne;0;0;0;7;12.5284;41.87501;-1;1;Autovettura privata;In marcia / fermata / arresto;Conducente;M;Illeso;0;;Non accertato;Inesploso
2950175;9;03/09/2016 16:24;Strada Urbana;VIA TUSCOLANA;in corrispondenza;;del palo luce n.;123;;Tamponamento Multiplo;Rettilineo;Due carreggiate;Asciutto;Asfaltata;Verticale ed orizzontale;Sereno;Normale;Buona;Ore Diurne;0;0;0;7;12.5284;41.87501;-1;1;Autovettura privata;In marcia / fermata / arresto;Passeggero;M;Illeso;0;;Non accertato;Inesploso
2950175;9;03/09/2016 16:24;Strada Urbana;VIA TUSCOLANA;in corrispondenza;;del palo luce n.;123;;Tamponamento Multiplo;Rettilineo;Due carreggiate;Asciutto;Asfaltata;Verticale ed orizzontale;Sereno;Normale;Buona;Ore Diurne;0;0;0;7;12.5284;41.87501;-1;1;Autovettura privata;In marcia / fermata / arresto;Passeggero;M;Illeso;0;;Non accertato;Inesploso
2950175;9;03/09/2016 16:24;Strada Urbana;VIA TUSCOLANA;in corrispondenza;;del palo luce n.;123;;Tamponamento Multiplo;Rettilineo;Due carreggiate;Asciutto;Asfaltata;Verticale ed orizzontale;Sereno;Normale;Buona;Ore Diurne;0;0;0;7;12.5284;41.87501;-1;2;Autovettura privata;In marcia / fermata / arresto;Conducente;M;Illeso;0;;Non accertato;Inesploso
2950175;9;03/09/2016 16:24;Strada Urbana;VIA TUSCOLANA;in corrispondenza;;del palo luce n.;123;;Tamponamento Multiplo;Rettilineo;Due carreggiate;Asciutto;Asfaltata;Verticale ed orizzontale;Sereno;Normale;Buona;Ore Diurne;0;0;0;7;12.5284;41.87501;-1;2;Autovettura privata;In marcia / fermata / arresto;Passeggero;M;Illeso;0;;Non accertato;Inesploso
2950175;9;03/09/2016 16:24;Strada Urbana;VIA TUSCOLANA;in corrispondenza;;del palo luce n.;123;;Tamponamento Multiplo;Rettilineo;Due carreggiate;Asciutto;Asfaltata;Verticale ed orizzontale;Sereno;Normale;Buona;Ore Diurne;0;0;0;7;12.5284;41.87501;-1;3;Autovettura privata;In marcia / fermata / arresto;Conducente;M;Illeso;0;;Non accertato;Inesploso
2950175;9;03/09/2016 16:24;Strada Urbana;VIA TUSCOLANA;in corrispondenza;;del palo luce n.;123;;Tamponamento Multiplo;Rettilineo;Due carreggiate;Asciutto;Asfaltata;Verticale ed orizzontale;Sereno;Normale;Buona;Ore Diurne;0;0;0;7;12.5284;41.87501;-1;3;Autovettura privata;In marcia / fermata / arresto;Passeggero;F;Illeso;0;;Non accertato;Inesploso
2950179;9;04/09/2016 01:50;Strada Urbana;VIA MARCO DECUMIO;all'intersezione con;VIALE OPITA OPPIO;VIALE OPITA OPPIO;;;Scontro frontale/laterale SX fra veicoli in marcia;Incrocio;Due carreggiate;Asciutto;Asfaltata;Verticale ed orizzontale;Sereno;Scarso;Sufficiente;Sufficiente;4;0;0;2;12.5483;41.86158;-1;1;Autovettura privata;In marcia / fermata / arresto;Conducente;M;Illeso;0;;Non accertato;Inesploso
2950179;9;04/09/2016 01:50;Strada Urbana;VIA MARCO DECUMIO;all'intersezione con;VIALE OPITA OPPIO;VIALE OPITA OPPIO;;;Scontro frontale/laterale SX fra veicoli in marcia;Incrocio;Due carreggiate;Asciutto;Asfaltata;Verticale ed orizzontale;Sereno;Scarso;Sufficiente;Sufficiente;4;0;0;2;12.5483;41.86158;-1;1;Autovettura privata;In marcia / fermata / arresto;Passeggero;M;Rimandato;0;NON DECEDUTO;Non accertato;Inesploso
2950179;9;04/09/2016 01:50;Strada Urbana;VIA MARCO DECUMIO;all'intersezione con;VIALE OPITA OPPIO;VIALE OPITA OPPIO;;;Scontro frontale/laterale SX fra veicoli in marcia;Incrocio;Due carreggiate;Asciutto;Asfaltata;Verticale ed orizzontale;Sereno;Scarso;Sufficiente;Sufficiente;4;0;0;2;12.5483;41.86158;-1;1;Autovettura privata;In marcia / fermata / arresto;Passeggero;M;Illeso;0;;Non accertato;Inesploso
2950179;9;04/09/2016 01:50;Strada Urbana;VIA MARCO DECUMIO;all'intersezione con;VIALE OPITA OPPIO;VIALE OPITA OPPIO;;;Scontro frontale/laterale SX fra veicoli in marcia;Incrocio;Due carreggiate;Asciutto;Asfaltata;Verticale ed orizzontale;Sereno;Scarso;Sufficiente;Sufficiente;4;0;0;2;12.5483;41.86158;-1;1;Autovettura privata;In marcia / fermata / arresto;Passeggero;M;Rimandato;0;NON DECEDUTO;Non accertato;Inesploso
2950179;9;04/09/2016 01:50;Strada Urbana;VIA MARCO DECUMIO;all'intersezione con;VIALE OPITA OPPIO;VIALE OPITA OPPIO;;;Scontro frontale/laterale SX fra veicoli in marcia;Incrocio;Due carreggiate;Asciutto;Asfaltata;Verticale ed orizzontale;Sereno;Scarso;Sufficiente;Sufficiente;4;0;0;2;12.5483;41.86158;-1;2;Autovettura privata;In marcia / fermata / arresto;Conducente;M;Rimandato;0;NON DECEDUTO;Non accertato;Esploso
2950179;9;04/09/2016 01:50;Strada Urbana;VIA MARCO DECUMIO;all'intersezione con;VIALE OPITA OPPIO;VIALE OPITA OPPIO;;;Scontro frontale/laterale SX fra veicoli in marcia;Incrocio;Due carreggiate;Asciutto;Asfaltata;Verticale ed orizzontale;Sereno;Scarso;Sufficiente;Sufficiente;4;0;0;2;12.5483;41.86158;-1;2;Autovettura privata;In marcia / fermata / arresto;Passeggero;M;Rimandato;0;NON DECEDUTO;Non accertato;Esploso
2950180;5;04/09/2016 12:40;Strada Urbana;VIA TIBURTINA;da specificare;;;;altezza Via Diego Angeli;Investimento di pedone;Rettilineo;Due carreggiate;Asciutto;Asfaltata;Verticale ed orizzontale;Sereno;Scarso;Buona;Ore Diurne;1;0;0;0;12.54934;41.91051;-1;;;;Pedone;M;Rimandato;0;NON DECEDUTO;;
2950182;4;02/09/2016 21:00;Strada Urbana;VIA DI SETTEBAGNI;in prossimità;;del civico n.;726;;Scontro laterale fra veicoli in marcia;Curva senza visuale libera;Una carreggiata a doppio senso;Asciutto;Asfaltata;Verticale ed orizzontale;Sereno;Normale;Insufficiente;Inesistente;1;0;0;4;12.51784;41.98839;-1;1;Autovettura privata;In marcia / fermata / arresto;Conducente;M;Illeso;0;;Non accertato;Inesploso
2950182;4;02/09/2016 21:00;Strada Urbana;VIA DI SETTEBAGNI;in prossimità;;del civico n.;726;;Scontro laterale fra veicoli in marcia;Curva senza visuale libera;Una carreggiata a doppio senso;Asciutto;Asfaltata;Verticale ed orizzontale;Sereno;Normale;Insufficiente;Inesistente;1;0;0;4;12.51784;41.98839;-1;1;Autovettura privata;In marcia / fermata / arresto;Passeggero;M;Illeso;0;;Non accertato;
2950182;4;02/09/2016 21:00;Strada Urbana;VIA DI SETTEBAGNI;in prossimità;;del civico n.;726;;Scontro laterale fra veicoli in marcia;Curva senza visuale libera;Una carreggiata a doppio senso;Asciutto;Asfaltata;Verticale ed orizzontale;Sereno;Normale;Insufficiente;Inesistente;1;0;0;4;12.51784;41.98839;-1;1;Autovettura privata;In marcia / fermata / arresto;Passeggero;M;Illeso;0;;Non accertato;
2950182;4;02/09/2016 21:00;Strada Urbana;VIA DI SETTEBAGNI;in prossimità;;del civico n.;726;;Scontro laterale fra veicoli in marcia;Curva senza visuale libera;Una carreggiata a doppio senso;Asciutto;Asfaltata;Verticale ed orizzontale;Sereno;Normale;Insufficiente;Inesistente;1;0;0;4;12.51784;41.98839;-1;2;Autovettura privata;In marcia / fermata / arresto;Conducente;M;Rimandato;0;NON DECEDUTO;Non accertato;Inesploso
2950188;1;03/09/2016 18:55;Strada Urbana;VIA NAZIONALE;all'intersezione semaforizzata con;VIA MILANO;VIA MILANO;;;Tamponamento;Intersezione semaforizzata;Una carreggiata a doppio senso;Asciutto;In cubetti di porfido;Verticale ed orizzontale;Sereno;Normale;Buona;Ore Diurne;0;0;0;2;12.49046;41.89892;-1;1;Autovettura pubblica;In marcia / fermata / arresto;Conducente;M;Illeso;0;;Non accertato;Inesploso
2950188;1;03/09/2016 18:55;Strada Urbana;VIA NAZIONALE;all'intersezione semaforizzata con;VIA MILANO;VIA MILANO;;;Tamponamento;Intersezione semaforizzata;Una carreggiata a doppio senso;Asciutto;In cubetti di porfido;Verticale ed orizzontale;Sereno;Normale;Buona;Ore Diurne;0;0;0;2;12.49046;41.89892;-1;2;Autovettura privata;In marcia / fermata / arresto;Conducente;M;Illeso;0;;Utilizzato;Inesploso
2950192;12;02/09/2016 16:45;Strada Urbana;VIA REGDO SCODRO;da specificare;;;;circa 50 metri da via A. Del Portillo;Scontro frontale fra veicoli in marcia;Rettilineo;Una carreggiata a doppio senso;Asciutto;Asfaltata;Verticale ed orizzontale;Sereno;Scarso;Buona;Ore Diurne;3;0;0;0;12.46995;41.77083;-1;1;Autovettura privata;In marcia / fermata / arresto;Conducente;M;Rimandato;0;NON DECEDUTO;Utilizzato;Esploso
2950192;12;02/09/2016 16:45;Strada Urbana;VIA REGDO SCODRO;da specificare;;;;circa 50 metri da via A. Del Portillo;Scontro frontale fra veicoli in marcia;Rettilineo;Una carreggiata a doppio senso;Asciutto;Asfaltata;Verticale ed orizzontale;Sereno;Scarso;Buona;Ore Diurne;3;0;0;0;12.46995;41.77083;-1;1;Autovettura privata;In marcia / fermata / arresto;Passeggero;M;Rimandato;0;NON DECEDUTO;Utilizzato;Esploso
2950192;12;02/09/2016 16:45;Strada Urbana;VIA REGDO SCODRO;da specificare;;;;circa 50 metri da via A. Del Portillo;Scontro frontale fra veicoli in marcia;Rettilineo;Una carreggiata a doppio senso;Asciutto;Asfaltata;Verticale ed orizzontale;Sereno;Scarso;Buona;Ore Diurne;3;0;0;0;12.46995;41.77083;-1;2;Autovettura privata;In marcia / fermata / arresto;Conducente;M;Rimandato;0;NON DECEDUTO;Utilizzato;Esploso
2950197;1;04/09/2016 06:45;Strada Urbana;VIA CAVOUR;in prossimità;;del civico n.;252;;Veicolo in marcia contro veicoli in sosta;Rettilineo;Una carreggiata a doppio senso;Asciutto;Asfaltata;Verticale ed orizzontale;Sereno;Scarso;Buona;Ore Diurne;0;0;0;2;12.49199;41.89441;-1;1;Autovettura privata;In marcia / fermata / arresto;Conducente;M;Illeso;0;;Non accertato;
2950197;1;04/09/2016 06:45;Strada Urbana;VIA CAVOUR;in prossimità;;del civico n.;252;;Veicolo in marcia contro veicoli in sosta;Rettilineo;Una carreggiata a doppio senso;Asciutto;Asfaltata;Verticale ed orizzontale;Sereno;Scarso;Buona;Ore Diurne;0;0;0;2;12.49199;41.89441;-1;2;Autovettura privata;In marcia / fermata / arresto;Conducente;M;Illeso;0;;Esente;
2950199;5;04/09/2016 20:25;Strada Urbana;LARGO NICOLA SPINELLI;da specificare;;;;altezza Stazione Tiburtina;Veicolo in marcia contro ostacolo fisso;Rettilineo;Due carreggiate;Asciutto;Asfaltata;Verticale ed orizzontale;Sereno;Scarso;Insufficiente;Inesistente;0;0;0;1;12.49386;41.91674;-1;1;Autovettura privata;In marcia / fermata / arresto;Conducente;F;Illeso;0;;Non accertato;Inesploso
2950202;4;03/09/2016 02:50;Strada Urbana;VIA CONCA D'ORO;da specificare;;;;all'altezza di via Valle Vermiglio;Veicolo in marcia contro ostacolo accidentale;Rettilineo;Una carreggiata a senso unico di marcia;Asciutto;Asfaltata;Verticale ed orizzontale;Sereno;Scarso;Buona;Sufficiente;0;0;0;2;12.52381;41.94094;-1;1;Autovettura privata;In marcia / fermata / arresto;Conducente;F;Illeso;0;;Non accertato;
2950202;4;03/09/2016 02:50;Strada Urbana;VIA CONCA D'ORO;da specificare;;;;all'altezza di via Valle Vermiglio;Veicolo in marcia contro ostacolo accidentale;Rettilineo;Una carreggiata a senso unico di marcia;Asciutto;Asfaltata;Verticale ed orizzontale;Sereno;Scarso;Buona;Sufficiente;0;0;0;2;12.52381;41.94094;-1;1;Autovettura privata;In marcia / fermata / arresto;Passeggero;M;Illeso;0;;Non accertato;
2950204;4;02/09/2016 23:15;Strada Urbana;VIA UGO OJETTI;all'intersezione con;PIAZZA GIUSEPPE PRIMOLI;PIAZZA GIUSEPPE PRIMOLI;;;Scontro laterale fra veicoli in marcia;Rotatoria;Una carreggiata a senso unico di marcia;Asciutto;Asfaltata;Verticale ed orizzontale;Sereno;Scarso;Buona;Sufficiente;0;0;0;2;12.55248;41.94501;-1;1;Autovettura privata;In marcia / fermata / arresto;Conducente;M;Illeso;0;;Non accertato;Inesploso
2950204;4;02/09/2016 23:15;Strada Urbana;VIA UGO OJETTI;all'intersezione con;PIAZZA GIUSEPPE PRIMOLI;PIAZZA GIUSEPPE PRIMOLI;;;Scontro laterale fra veicoli in marcia;Rotatoria;Una carreggiata a senso unico di marcia;Asciutto;Asfaltata;Verticale ed orizzontale;Sereno;Scarso;Buona;Sufficiente;0;0;0;2;12.55248;41.94501;-1;2;Autovettura privata;In marcia / fermata / arresto;Conducente;F;Illeso;0;;Non accertato;Inesploso
2950209;5;04/09/2016 03:30;Strada Urbana;VIA DEI DURANTINI;in corrispondenza;;del civico n.;22/B;;Veicolo in marcia contro veicoli in sosta;Rettilineo;Una carreggiata a doppio senso;Asciutto;Asfaltata;Verticale ed orizzontale;Sereno;Scarso;Sufficiente;Sufficiente;0;0;0;1;12.54252;41.9095;-1;3;Autovettura privata;In marcia / fermata / arresto;Conducente;F;Illeso;0;;Non accertato;Inesistente
2950217;4;03/09/2016 09:40;Strada Urbana;VIADOTTO ANTONIO SEGNI;da specificare;;;;prossimità via talli;Veicolo in marcia contro ostacolo fisso;Rettilineo;Una carreggiata a senso unico di marcia;Asciutto;Asfaltata;Assente;Sereno;Normale;Buona;Ore Diurne;1;0;0;1;12.52681;41.96306;-1;1;Motociclo con passeggero;In marcia / fermata / arresto;Conducente;M;Illeso;0;;Non accertato;
2950217;4;03/09/2016 09:40;Strada Urbana;VIADOTTO ANTONIO SEGNI;da specificare;;;;prossimità via talli;Veicolo in marcia contro ostacolo fisso;Rettilineo;Una carreggiata a senso unico di marcia;Asciutto;Asfaltata;Assente;Sereno;Normale;Buona;Ore Diurne;1;0;0;1;12.52681;41.96306;-1;1;Motociclo con passeggero;In marcia / fermata / arresto;Passeggero;F;Rimandato;0;NON DECEDUTO;Non accertato;
2950218;17;03/09/2016 19:15;Strada Urbana;PIAZZA DEI TRIBUNALI;da specificare;;;;in prossimità VIA TRIBONIANO;Tamponamento;Rettilineo;Una carreggiata a senso unico di marcia;Asciutto;Asfaltata;Assente;Sereno;Intenso;Buona;Ore Diurne;0;0;0;3;12.47109;41.90337;-1;1;Autovettura privata;In marcia / fermata / arresto;Conducente;F;Illeso;0;;Non accertato;Inesploso
2950218;17;03/09/2016 19:15;Strada Urbana;PIAZZA DEI TRIBUNALI;da specificare;;;;in prossimità VIA TRIBONIANO;Tamponamento;Rettilineo;Una carreggiata a senso unico di marcia;Asciutto;Asfaltata;Assente;Sereno;Intenso;Buona;Ore Diurne;0;0;0;3;12.47109;41.90337;-1;2;Autovettura privata;In marcia / fermata / arresto;Conducente;F;Illeso;0;;Non accertato;Inesploso
2950218;17;03/09/2016 19:15;Strada Urbana;PIAZZA DEI TRIBUNALI;da specificare;;;;in prossimità VIA TRIBONIANO;Tamponamento;Rettilineo;Una carreggiata a senso unico di marcia;Asciutto;Asfaltata;Assente;Sereno;Intenso;Buona;Ore Diurne;0;0;0;3;12.47109;41.90337;-1;2;Autovettura privata;In marcia / fermata / arresto;Passeggero;M;Illeso;0;;Non accertato;Inesploso
2950220;4;03/09/2016 10:30;Statale;VIA SALARIA;all'intersezione con;VIA MODESTO PANETTI;VIA MODESTO PANETTI;;;Tamponamento Multiplo;Incrocio;Una carreggiata a doppio senso;Asciutto;Asfaltata;Verticale ed orizzontale;Sereno;Normale;Buona;Ore Diurne;0;0;0;3;12.5685;42.04605;-1;1;Autovettura privata;In marcia / fermata / arresto;Conducente;F;Illeso;0;;Non accertato;
2950220;4;03/09/2016 10:30;Statale;VIA SALARIA;all'intersezione con;VIA MODESTO PANETTI;VIA MODESTO PANETTI;;;Tamponamento Multiplo;Incrocio;Una carreggiata a doppio senso;Asciutto;Asfaltata;Verticale ed orizzontale;Sereno;Normale;Buona;Ore Diurne;0;0;0;3;12.5685;42.04605;-1;2;Autovettura privata;In marcia / fermata / arresto;Conducente;M;Illeso;0;;Non accertato;
2950220;4;03/09/2016 10:30;Statale;VIA SALARIA;all'intersezione con;VIA MODESTO PANETTI;VIA MODESTO PANETTI;;;Tamponamento Multiplo;Incrocio;Una carreggiata a doppio senso;Asciutto;Asfaltata;Verticale ed orizzontale;Sereno;Normale;Buona;Ore Diurne;0;0;0;3;12.5685;42.04605;-1;3;Autovettura privata;In marcia / fermata / arresto;Conducente;M;Illeso;0;;Non accertato;
2950240;17;04/09/2016 17:01;Strada Urbana;VIALE GIULIO CESARE;all'intersezione semaforizzata con;VIA DAMIATA;VIA DAMIATA;;;Scontro laterale fra veicoli in marcia;Incrocio;Più di due carreggiate;Asciutto;Asfaltata;Verticale ed orizzontale;Sereno;Scarso;Buona;Ore Diurne;1;0;0;1;12.46378;41.91097;-1;1;Ciclomotore;In marcia / fermata / arresto;Conducente;F;Rimandato;0;NON DECEDUTO;Non accertato;
2950240;17;04/09/2016 17:01;Strada Urbana;VIALE GIULIO CESARE;all'intersezione semaforizzata con;VIA DAMIATA;VIA DAMIATA;;;Scontro laterale fra veicoli in marcia;Incrocio;Più di due carreggiate;Asciutto;Asfaltata;Verticale ed orizzontale;Sereno;Scarso;Buona;Ore Diurne;1;0;0;1;12.46378;41.91097;-1;2;Autovettura di polizia;In marcia / fermata / arresto;Conducente;F;Illeso;0;;;
2950246;9;04/09/2016 11:50;Strada Urbana;VIA LA SPEZIA;all'intersezione semaforizzata con;VIA FOLIGNO;VIA FOLIGNO;;;Scontro frontale/laterale DX fra veicoli in marcia;Incrocio;Una carreggiata a doppio senso;Asciutto;Asfaltata;Verticale ed orizzontale;Sereno;Scarso;Buona;Ore Diurne;0;0;0;2;12.51552;41.88635;-1;1;Autovettura privata;In marcia / fermata / arresto;Conducente;M;Illeso;0;;Non accertato;Inesploso
2950246;9;04/09/2016 11:50;Strada Urbana;VIA LA SPEZIA;all'intersezione semaforizzata con;VIA FOLIGNO;VIA FOLIGNO;;;Scontro frontale/laterale DX fra veicoli in marcia;Incrocio;Una carreggiata a doppio senso;Asciutto;Asfaltata;Verticale ed orizzontale;Sereno;Scarso;Buona;Ore Diurne;0;0;0;2;12.51552;41.88635;-1;2;Autovettura privata;In marcia / fermata / arresto;Conducente;M;Illeso;0;;Non accertato;Inesploso
2950250;20;04/09/2016 13:34;Strada Urbana;VIA NEMEA;all'intersezione con;VIA APOLLO PIZIO;VIA APOLLO PIZIO;;;Tamponamento;Intersezione stradale segnalata;Una carreggiata a senso unico di marcia;Asciutto;Asfaltata;Verticale ed orizzontale;Sereno;Scarso;Buona;Ore Diurne;1;0;0;1;12.45858;41.94679;-1;1;Autovettura privata;In marcia / fermata / arresto;Conducente;M;Illeso;0;;Non accertato;
2950250;20;04/09/2016 13:34;Strada Urbana;VIA NEMEA;all'intersezione con;VIA APOLLO PIZIO;VIA APOLLO PIZIO;;;Tamponamento;Intersezione stradale segnalata;Una carreggiata a senso unico di marcia;Asciutto;Asfaltata;Verticale ed orizzontale;Sereno;Scarso;Buona;Ore Diurne;1;0;0;1;12.45858;41.94679;-1;2;Motociclo a solo;In marcia / fermata / arresto;Conducente;F;Rimandato;0;NON DECEDUTO;Non accertato;
2950258;1;04/09/2016 09:10;Strada Urbana;VIALE DELLE TERME DI CARACALLA;all'intersezione semaforizzata con;LARGO CAVALIERI DI COLOMBO;LARGO CAVALIERI DI COLOMBO;;;Scontro frontale/laterale DX fra veicoli in marcia;Intersezione semaforizzata;Due carreggiate;Asciutto;Asfaltata;Verticale ed orizzontale;Sereno;Normale;Buona;Ore Diurne;1;0;0;1;12.4952;41.8785;-1;1;Autovettura privata;In marcia / fermata / arresto;Conducente;M;Rimandato;0;NON DECEDUTO;;
2950258;1;04/09/2016 09:10;Strada Urbana;VIALE DELLE TERME DI CARACALLA;all'intersezione semaforizzata con;LARGO CAVALIERI DI COLOMBO;LARGO CAVALIERI DI COLOMBO;;;Scontro frontale/laterale DX fra veicoli in marcia;Intersezione semaforizzata;Due carreggiate;Asciutto;Asfaltata;Verticale ed orizzontale;Sereno;Normale;Buona;Ore Diurne;1;0;0;1;12.4952;41.8785;-1;2;Autovettura privata;In marcia / fermata / arresto;Conducente;M;Illeso;0;;;
2950259;20;04/09/2016 01:30;Statale entro l'abitato;VIA CASSIA;in corrispondenza;;del civico n.;306;;Scontro laterale fra veicoli in marcia;Rettilineo;Una carreggiata a doppio senso;Asciutto;Asfaltata;Verticale ed orizzontale;Sereno;Scarso;Sufficiente;Sufficiente;0;0;0;6;12.4588;41.95167;-1;1;Autovettura privata;In marcia / fermata / arresto;Conducente;M;Illeso;0;;Non accertato;Inesploso
2950259;20;04/09/2016 01:30;Statale entro l'abitato;VIA CASSIA;in corrispondenza;;del civico n.;306;;Scontro laterale fra veicoli in marcia;Rettilineo;Una carreggiata a doppio senso;Asciutto;Asfaltata;Verticale ed orizzontale;Sereno;Scarso;Sufficiente;Sufficiente;0;0;0;6;12.4588;41.95167;-1;1;Autovettura privata;In marcia / fermata / arresto;Passeggero;F;Illeso;0;;Non accertato;Inesploso
2950259;20;04/09/2016 01:30;Statale entro l'abitato;VIA CASSIA;in corrispondenza;;del civico n.;306;;Scontro laterale fra veicoli in marcia;Rettilineo;Una carreggiata a doppio senso;Asciutto;Asfaltata;Verticale ed orizzontale;Sereno;Scarso;Sufficiente;Sufficiente;0;0;0;6;12.4588;41.95167;-1;2;Autovettura privata;In marcia / fermata / arresto;Conducente;F;Illeso;0;;Non accertato;Inesploso
2950259;20;04/09/2016 01:30;Statale entro l'abitato;VIA CASSIA;in corrispondenza;;del civico n.;306;;Scontro laterale fra veicoli in marcia;Rettilineo;Una carreggiata a doppio senso;Asciutto;Asfaltata;Verticale ed orizzontale;Sereno;Scarso;Sufficiente;Sufficiente;0;0;0;6;12.4588;41.95167;-1;2;Autovettura privata;In marcia / fermata / arresto;Passeggero;M;Illeso;0;;Non accertato;Inesistente
2950259;20;04/09/2016 01:30;Statale entro l'abitato;VIA CASSIA;in corrispondenza;;del civico n.;306;;Scontro laterale fra veicoli in marcia;Rettilineo;Una carreggiata a doppio senso;Asciutto;Asfaltata;Verticale ed orizzontale;Sereno;Scarso;Sufficiente;Sufficiente;0;0;0;6;12.4588;41.95167;-1;2;Autovettura privata;In marcia / fermata / arresto;Passeggero;F;Illeso;0;;Non accertato;Inesistente
2950259;20;04/09/2016 01:30;Statale entro l'abitato;VIA CASSIA;in corrispondenza;;del civico n.;306;;Scontro laterale fra veicoli in marcia;Rettilineo;Una carreggiata a doppio senso;Asciutto;Asfaltata;Verticale ed orizzontale;Sereno;Scarso;Sufficiente;Sufficiente;0;0;0;6;12.4588;41.95167;-1;2;Autovettura privata;In marcia / fermata / arresto;Passeggero;F;Illeso;0;;Utilizzato;Esploso