Protocollo;Gruppo;DataOraIncidente;Localizzazione1;STRADA1;Localizzazione2;STRADA2;Strada02;Chilometrica;DaSpecificare;NaturaIncidente;particolaritastrade;TipoStrada;FondoStradale;Pavimentazione;Segnaletica;CondizioneAtmosferica;Traffico;Visibilita;Illuminazione;NUM_FERITI;NUM_RISERVATA;NUM_MORTI;NUM_ILLESI;Longitudine;Latitudine;Confermato;Progressivo;TipoVeicolo;StatoVeicolo;TipoPersona;Sesso;Tipolesione;Deceduto;DecedutoDopo;CinturaCascoUtilizzato;Airbag
2950481;1;04/09/2016 15:05;Strada Urbana;PIAZZALE OSTIENSE;all'intersezione semaforizzata con;PIAZZA DI PORTA S. PAOLO;PIAZZA DI PORTA S. PAOLO;;;Scontro laterale fra veicoli in marcia;Intersezione semaforizzata;Più di due carreggiate;Asciutto;Asfaltata;Verticale ed orizzontale;Sereno;Normale;Buona;Ore Diurne;0;0;0;5;12.4819;41.87623;-1;2;Autovettura privata;In marcia / fermata / arresto;Passeggero;F;Illeso;0;;Non accertato;Inesploso
2950481;1;04/09/2016 15:05;Strada Urbana;PIAZZALE OSTIENSE;all'intersezione semaforizzata con;PIAZZA DI PORTA S. PAOLO;PIAZZA DI PORTA S. PAOLO;;;Scontro laterale fra veicoli in marcia;Intersezione semaforizzata;Più di due carreggiate;Asciutto;Asfaltata;Verticale ed orizzontale;Sereno;Normale;Buona;Ore Diurne;0;0;0;5;12.4819;41.87623;-1;2;Autovettura privata;In marcia / fermata / arresto;Passeggero;M;Illeso;0;;Non accertato;Inesploso
2950487;19;04/09/2016 13:45;Strada Urbana;VIA DELLA PINETA SACCHETTI;all'intersezione con;VIA FRANCESCO CRUCITTI;VIA FRANCESCO CRUCITTI;;;Scontro laterale fra veicoli in marcia;Intersezione stradale segnalata;Una carreggiata a senso unico di marcia;Asciutto;Asfaltata;Orizzontale;Sereno;Scarso;Sufficiente;Ore Diurne;1;0;0;2;12.42455;41.92364;-1;1;Autovettura privata;In marcia / fermata / arresto;Conducente;M;Illeso;0;;;
2950487;19;04/09/2016 13:45;Strada Urbana;VIA DELLA PINETA SACCHETTI;all'intersezione con;VIA FRANCESCO CRUCITTI;VIA FRANCESCO CRUCITTI;;;Scontro laterale fra veicoli in marcia;Intersezione stradale segnalata;Una carreggiata a senso unico di marcia;Asciutto;Asfaltata;Orizzontale;Sereno;Scarso;Sufficiente;Ore Diurne;1;0;0;2;12.42455;41.92364;-1;1;Autovettura privata;In marcia / fermata / arresto;Passeggero;F;Illeso;0;;;
2950487;19;04/09/2016 13:45;Strada Urbana;VIA DELLA PINETA SACCHETTI;all'intersezione con;VIA FRANCESCO CRUCITTI;VIA FRANCESCO CRUCITTI;;;Scontro laterale fra veicoli in marcia;Intersezione stradale segnalata;Una carreggiata a senso unico di marcia;Asciutto;Asfaltata;Orizzontale;Sereno;Scarso;Sufficiente;Ore Diurne;1;0;0;2;12.42455;41.92364;-1;2;Motociclo a solo;In marcia / fermata / arresto;Conducente;M;Rifiuta cure immediate;0;NON DECEDUTO;;
2950500;19;04/09/2016 14:49;Comunale extraurbana;VIA DI S. MARIA DI GALERIA;in prossimità;;del civico n.;563;;Veicolo in marcia contro ostacolo fisso;Curva senza visuale libera;Una carreggiata a doppio senso;Asciutto;Asfaltata;Assente;Sereno;Scarso;Buona;Ore Diurne;0;0;0;1;12.30983;42.01333;-1;1;Autovettura privata;In marcia / fermata / arresto;Conducente;M;Illeso;0;;;
2950508;19;04/09/2016 17:30;Comunale extraurbana;VIA DI S. MARIA DI GALERIA;in prossimità;;del civico n.;631;;Veicolo in marcia contro ostacolo accidentale;Rettilineo;Una carreggiata a doppio senso;Asciutto;Asfaltata;Assente;Sereno;Scarso;Buona;Ore Diurne;1;0;0;0;12.31523;42.03627;-1;1;Motociclo a solo;In marcia / fermata / arresto;Conducente;F;Rimandato;0;NON DECEDUTO;Non accertato;
2950509;9;05/09/2016 07:35;Strada Urbana;VIA MONZA;da specificare;;;;fronte civico 17;Investimento di pedone;Rettilineo;Una carreggiata a doppio senso;Asciutto;Asfaltata;Assente;Nuvoloso;Intenso;Buona;Ore Diurne;2;0;0;0;12.51531;41.88541;-1;;;;Pedone;F;Rimandato;0;NON DECEDUTO;;
2950509;9;05/09/2016 07:35;Strada Urbana;VIA MONZA;da specificare;;;;fronte civico 17;Investimento di pedone;Rettilineo;Una carreggiata a doppio senso;Asciutto;Asfaltata;Assente;Nuvoloso;Intenso;Buona;Ore Diurne;2;0;0;0;12.51531;41.88541;-1;1;Motociclo a solo;In marcia / fermata / arresto;Conducente;M;Rimandato;0;NON DECEDUTO;;
2950511;12;01/09/2016 17:00;Strada Urbana;VIALE CESARE PAVESE;in corrispondenza;;del civico n.;100;;Scontro laterale fra veicoli in marcia;Rettilineo;Due carreggiate;Asciutto;Asfaltata;Verticale ed orizzontale;Sereno;Scarso;Buona;Ore Diurne;1;0;0;1;12.477;41.81722;-1;1;Autovettura privata;In marcia / fermata / arresto;Conducente;M;Illeso;0;;Non accertato;Inesploso
2950511;12;01/09/2016 17:00;Strada Urbana;VIALE CESARE PAVESE;in corrispondenza;;del civico n.;100;;Scontro laterale fra veicoli in marcia;Rettilineo;Due carreggiate;Asciutto;Asfaltata;Verticale ed orizzontale;Sereno;Scarso;Buona;Ore Diurne;1;0;0;1;12.477;41.81722;-1;2;Motociclo a solo;In marcia / fermata / arresto;Conducente;F;Rimandato;0;NON DECEDUTO;Utilizzato;
2950515;1;04/09/2016 17:30;Strada Urbana;VIA DELLE TERME DI TRAIANO;all'intersezione con;VIALE DEL MONTE OPPIO;VIALE DEL MONTE OPPIO;;;Scontro frontale/laterale DX fra veicoli in marcia;Incrocio;Una carreggiata a doppio senso;Asciutto;Asfaltata;Verticale ed orizzontale;Sereno;Normale;Buona;Ore Diurne;0;0;0;2;12.49742;41.89351;-1;1;Autovettura pubblica;In marcia / fermata / arresto;Conducente;M;Illeso;0;;Non accertato;Inesploso
2950515;1;04/09/2016 17:30;Strada Urbana;VIA DELLE TERME DI TRAIANO;all'intersezione con;VIALE DEL MONTE OPPIO;VIALE DEL MONTE OPPIO;;;Scontro frontale/laterale DX fra veicoli in marcia;Incrocio;Una carreggiata a doppio senso;Asciutto;Asfaltata;Verticale ed orizzontale;Sereno;Normale;Buona;Ore Diurne;0;0;0;2;12.49742;41.89351;-1;2;Autovettura privata;In marcia / fermata / arresto;Conducente;F;Illeso;0;;Non accertato;Inesploso
2950520;4;03/09/2016 17:00;Statale entro l'abitato;VIA SALARIA;da specificare;;;;tra i pali luce n. 298 e 299;Veicolo in marcia contro ostacolo fisso;Rettilineo;Due carreggiate;Asciutto;Asfaltata;Verticale ed orizzontale;Sereno;Normale;Buona;Ore Diurne;0;0;0;2;12.50822;41.98257;-1;1;Autovettura privata;In marcia / fermata / arresto;Conducente;F;Illeso;0;;Non accertato;Inesploso
2950520;4;03/09/2016 17:00;Statale entro l'abitato;VIA SALARIA;da specificare;;;;tra i pali luce n. 298 e 299;Veicolo in marcia contro ostacolo fisso;Rettilineo;Due carreggiate;Asciutto;Asfaltata;Verticale ed orizzontale;Sereno;Normale;Buona;Ore Diurne;0;0;0;2;12.50822;41.98257;-1;1;Autovettura privata;In marcia / fermata / arresto;Passeggero;F;Illeso;0;;Non accertato;Inesploso
2950521;17;04/09/2016 19:40;Strada Urbana;PIAZZA DEI PRATI DEGLI STROZZI;all'intersezione con;VIA PREVESA;VIA PREVESA;;;Scontro frontale/laterale SX fra veicoli in marcia;Incrocio;Due carreggiate;Asciutto;Asfaltata;Verticale ed orizzontale;Sereno;Scarso;Sufficiente;Sufficiente;1;0;0;2;12.45632;41.91472;-1;1;Autovettura privata;In marcia / fermata / arresto;Conducente;F;Illeso;0;;Non accertato;Inesploso
2950521;17;04/09/2016 19:40;Strada Urbana;PIAZZA DEI PRATI DEGLI STROZZI;all'intersezione con;VIA PREVESA;VIA PREVESA;;;Scontro frontale/laterale SX fra veicoli in marcia;Incrocio;Due carreggiate;Asciutto;Asfaltata;Verticale ed orizzontale;Sereno;Scarso;Sufficiente;Sufficiente;1;0;0;2;12.45632;41.91472;-1;1;Autovettura privata;In marcia / fermata / arresto;Passeggero;F;Illeso;0;;Non accertato;Inesploso
2950521;17;04/09/2016 19:40;Strada Urbana;PIAZZA DEI PRATI DEGLI STROZZI;all'intersezione con;VIA PREVESA;VIA PREVESA;;;Scontro frontale/laterale SX fra veicoli in marcia;Incrocio;Due carreggiate;Asciutto;Asfaltata;Verticale ed orizzontale;Sereno;Scarso;Sufficiente;Sufficiente;1;0;0;2;12.45632;41.91472;-1;2;Autovettura privata;In marcia / fermata / arresto;Conducente;F;Rimandato;0;NON DECEDUTO;;
2950522;12;01/09/2016 13:15;Strada Urbana;VIALE AMERICA;all'intersezione con;VIALE BOSTON;VIALE BOSTON;;;Investimento di pedone;Incrocio;Una carreggiata a doppio senso;Asciutto;Asfaltata;Verticale ed orizzontale;Sereno;Normale;Buona;Ore Diurne;2;0;0;0;12.4712;41.82886;-1;;;;Pedone;F;Rimandato;0;NON DECEDUTO;;
2950522;12;01/09/2016 13:15;Strada Urbana;VIALE AMERICA;all'intersezione con;VIALE BOSTON;VIALE BOSTON;;;Investimento di pedone;Incrocio;Una carreggiata a doppio senso;Asciutto;Asfaltata;Verticale ed orizzontale;Sereno;Normale;Buona;Ore Diurne;2;0;0;0;12.4712;41.82886;-1;1;Motociclo a solo;In marcia / fermata / arresto;Conducente;M;Rimandato;0;NON DECEDUTO;Utilizzato;
2950533;1;04/09/2016 02:45;Strada Urbana;VIA RAFFAELE PERSICHETTI;all'intersezione con;PIAZZALE OSTIENSE;PIAZZALE OSTIENSE;;;Scontro frontale/laterale DX fra veicoli in marcia;Intersezione semaforizzata;Una carreggiata a senso unico di marcia;Bagnato (pioggia);Asfaltata;Verticale ed orizzontale;Sereno;Scarso;Sufficiente;Sufficiente;4;0;0;2;12.48127;41.87652;-1;1;Autovettura privata;In marcia / fermata / arresto;Conducente;M;Illeso;0;;Non accertato;Esploso
2950533;1;04/09/2016 02:45;Strada Urbana;VIA RAFFAELE PERSICHETTI;all'intersezione con;PIAZZALE OSTIENSE;PIAZZALE OSTIENSE;;;Scontro frontale/laterale DX fra veicoli in marcia;Intersezione semaforizzata;Una carreggiata a senso unico di marcia;Bagnato (pioggia);Asfaltata;Verticale ed orizzontale;Sereno;Scarso;Sufficiente;Sufficiente;4;0;0;2;12.48127;41.87652;-1;1;Autovettura privata;In marcia / fermata / arresto;Passeggero;M;Illeso;0;;Non accertato;Inesploso
2950533;1;04/09/2016 02:45;Strada Urbana;VIA RAFFAELE PERSICHETTI;all'intersezione con;PIAZZALE OSTIENSE;PIAZZALE OSTIENSE;;;Scontro frontale/laterale DX fra veicoli in marcia;Intersezione semaforizzata;Una carreggiata a senso unico di marcia;Bagnato (pioggia);Asfaltata;Verticale ed orizzontale;Sereno;Scarso;Sufficiente;Sufficiente;4;0;0;2;12.48127;41.87652;-1;1;Autovettura privata;In marcia / fermata / arresto;Passeggero;M;Rifiuta cure immediate;0;NON DECEDUTO;Non accertato;Inesploso
2950533;1;04/09/2016 02:45;Strada Urbana;VIA RAFFAELE PERSICHETTI;all'intersezione con;PIAZZALE OSTIENSE;PIAZZALE OSTIENSE;;;Scontro frontale/laterale DX fra veicoli in marcia;Intersezione semaforizzata;Una carreggiata a senso unico di marcia;Bagnato (pioggia);Asfaltata;Verticale ed orizzontale;Sereno;Scarso;Sufficiente;Sufficiente;4;0;0;2;12.48127;41.87652;-1;1;Autovettura privata;In marcia / fermata / arresto;Passeggero;F;Rifiuta cure immediate;0;NON DECEDUTO;Non accertato;Inesploso
2950533;1;04/09/2016 02:45;Strada Urbana;VIA RAFFAELE PERSICHETTI;all'intersezione con;PIAZZALE OSTIENSE;PIAZZALE OSTIENSE;;;Scontro frontale/laterale DX fra veicoli in marcia;Intersezione semaforizzata;Una carreggiata a senso unico di marcia;Bagnato (pioggia);Asfaltata;Verticale ed orizzontale;Sereno;Scarso;Sufficiente;Sufficiente;4;0;0;2;12.48127;41.87652;-1;2;Autovettura pubblica;In marcia / fermata / arresto;Conducente;M;Rifiuta cure immediate;0;NON DECEDUTO;Non accertato;Inesploso
2950537;10;05/09/2016 09:40;Strada Urbana;VIALE ANTONIO CIAMARRA;in prossimità;;del civico n.;162-2/164;;Investimento di pedone;Curva a visuale libera;Più di due carreggiate;Asciutto;Asfaltata;Verticale;Sereno;Normale;Sufficiente;Sufficiente;1;0;0;1;12.59066;41.85219;-1;;;;Pedone;M;Rimandato;0;NON DECEDUTO;;
2950537;10;05/09/2016 09:40;Strada Urbana;VIALE ANTONIO CIAMARRA;in prossimità;;del civico n.;162-2/164;;Investimento di pedone;Curva a visuale libera;Più di due carreggiate;Asciutto;Asfaltata;Verticale;Sereno;Normale;Sufficiente;Sufficiente;1;0;0;1;12.59066;41.85219;-1;1;Autovettura privata;In marcia / fermata / arresto;Conducente;F;Illeso;0;;Non accertato;Inesploso
2950548;2;05/09/2016 10:15;Strada Urbana;LARGO AMILCARE PONCHIELLI;all'intersezione semaforizzata con;VIA CARLO ZECCHI;VIA CARLO ZECCHI;;;Scontro laterale fra veicoli in marcia;Intersezione semaforizzata;Una carreggiata a doppio senso;Asciutto;Asfaltata;Verticale ed orizzontale;Sereno;Normale;Buona;Ore Diurne;0;0;0;2;12.49606;41.91713;-1;1;Autovettura privata;In marcia / fermata / arresto;Conducente;M;Illeso;0;;Non accertato;Inesploso
2950548;2;05/09/2016 10:15;Strada Urbana;LARGO AMILCARE PONCHIELLI;all'intersezione semaforizzata con;VIA CARLO ZECCHI;VIA CARLO ZECCHI;;;Scontro laterale fra veicoli in marcia;Intersezione semaforizzata;Una carreggiata a doppio senso;Asciutto;Asfaltata;Verticale ed orizzontale;Sereno;Normale;Buona;Ore Diurne;0;0;0;2;12.49606;41.91713;-1;2;Autovettura privata;In marcia / fermata / arresto;Conducente;M;Illeso;0;;Non accertato;Inesploso
2950567;1;04/09/2016 12:40;Strada Urbana;LUNGOTEVERE TESTACCIO;in prossimità;;del civico n.;32;;Scontro laterale fra veicoli in marcia;Rettilineo;Una carreggiata a doppio senso;Asciutto;Asfaltata;Verticale ed orizzontale;Sereno;Normale;Buona;Ore Diurne;0;0;0;4;12.47192;41.87977;-1;1;Autovettura privata;In marcia / fermata / arresto;Conducente;F;Illeso;0;;Non accertato;Inesploso
2950567;1;04/09/2016 12:40;Strada Urbana;LUNGOTEVERE TESTACCIO;in prossimità;;del civico n.;32;;Scontro laterale fra veicoli in marcia;Rettilineo;Una carreggiata a doppio senso;Asciutto;Asfaltata;Verticale ed orizzontale;Sereno;Normale;Buona;Ore Diurne;0;0;0;4;12.47192;41.87977;-1;1;Autovettura privata;In marcia / fermata / arresto;Passeggero;F;Illeso;0;;Non accertato;Inesploso
2950567;1;04/09/2016 12:40;Strada Urbana;LUNGOTEVERE TESTACCIO;in prossimità;;del civico n.;32;;Scontro laterale fra veicoli in marcia;Rettilineo;Una carreggiata a doppio senso;Asciutto;Asfaltata;Verticale ed orizzontale;Sereno;Normale;Buona;Ore Diurne;0;0;0;4;12.47192;41.87977;-1;1;Autovettura privata;In marcia / fermata / arresto;Passeggero;F;Illeso;0;;Non accertato;Inesistente
2950567;1;04/09/2016 12:40;Strada Urbana;LUNGOTEVERE TESTACCIO;in prossimità;;del civico n.;32;;Scontro laterale fra veicoli in marcia;Rettilineo;Una carreggiata a doppio senso;Asciutto;Asfaltata;Verticale ed orizzontale;Sereno;Normale;Buona;Ore Diurne;0;0;0;4;12.47192;41.87977;-1;2;Motociclo a solo;In marcia / fermata / arresto;Conducente;F;Illeso;0;;Non accertato;
2950584;4;04/09/2016 16:00;Strada Urbana;VIADOTTO GIUSEPPE SARAGAT;da specificare;;;;altezza cavalcavia via Monte Giberto;Veicolo in marcia contro ostacolo fisso;Rettilineo;Due carreggiate;Asciutto;Con buche;Orizzontale;Sereno;Scarso;Buona;Ore Diurne;0;0;0;1;12.5152;41.97821;-1;1;Autovettura privata;In marcia / fermata / arresto;Conducente;M;Illeso;0;;Non accertato;Inesploso
2950593;4;04/09/2016 14:45;Strada Urbana;VIA GIUSEPPE DE SANTIS;da specificare;;;;pross. E. De Giorgi;Tamponamento;Curva a visuale libera;Due carreggiate;Asciutto;Asfaltata;Verticale ed orizzontale;Sereno;Normale;Buona;Ore Diurne;0;0;0;2;12.53928;41.96553;-1;1;Autovettura privata;In marcia / fermata / arresto;Conducente;M;Illeso;0;;Non accertato;Inesploso
2950593;4;04/09/2016 14:45;Strada Urbana;VIA GIUSEPPE DE SANTIS;da specificare;;;;pross. E. De Giorgi;Tamponamento;Curva a visuale libera;Due carreggiate;Asciutto;Asfaltata;Verticale ed orizzontale;Sereno;Normale;Buona;Ore Diurne;0;0;0;2;12.53928;41.96553;-1;2;Autovettura privata;Allontanatosi;Conducente;;Illeso;0;;;
2950604;1;05/09/2016 08:20;Strada Urbana;VIA DEI MILLE;all'intersezione con;VIA MILAZZO;VIA MILAZZO;;;Scontro frontale/laterale DX fra veicoli in marcia;Incrocio;Una carreggiata a senso unico di marcia;Asciutto;Asfaltata;Verticale ed orizzontale;Sereno;Normale;Buona;Ore Diurne;1;0;0;1;12.50491;41.9024;-1;1;Autovettura privata;In marcia / fermata / arresto;Conducente;M;Illeso;0;;Utilizzato;Inesploso
2950604;1;05/09/2016 08:20;Strada Urbana;VIA DEI MILLE;all'intersezione con;VIA MILAZZO;VIA MILAZZO;;;Scontro frontale/laterale DX fra veicoli in marcia;Incrocio;Una carreggiata a senso unico di marcia;Asciutto;Asfaltata;Verticale ed orizzontale;Sereno;Normale;Buona;Ore Diurne;1;0;0;1;12.50491;41.9024;-1;2;Motociclo a solo;In marcia / fermata / arresto;Conducente;F;Rimandato;0;NON DECEDUTO;Utilizzato;
2950613;1;04/09/2016 15:00;Strada Urbana;VIA QUATTRO NOVEMBRE;in corrispondenza;;del civico n.;108;;Tamponamento;Rettilineo;Una carreggiata a doppio senso;Asciutto;In cubetti di porfido;Verticale ed orizzontale;Sereno;Normale;Buona;Ore Diurne;0;0;0;2;12.48463;41.89702;-1;1;Ciclomotore con passeggero;In marcia / fermata / arresto;Conducente;F;Illeso;0;;;
2950613;1;04/09/2016 15:00;Strada Urbana;VIA QUATTRO NOVEMBRE;in corrispondenza;;del civico n.;108;;Tamponamento;Rettilineo;Una carreggiata a doppio senso;Asciutto;In cubetti di porfido;Verticale ed orizzontale;Sereno;Normale;Buona;Ore Diurne;0;0;0;2;12.48463;41.89702;-1;1;Ciclomotore con passeggero;In marcia / fermata / arresto;Passeggero;M;Illeso;0;;;
2950683;16;04/09/2016 02:30;Strada Urbana;LARGO DI PORTA S. PANCRAZIO;all'intersezione con;VIA ANGELO MASINA;VIA ANGELO MASINA;;;Scontro frontale/laterale SX fra veicoli in marcia;Incrocio;Una carreggiata a senso unico di marcia;Asciutto;Asfaltata;Verticale ed orizzontale;Sereno;Scarso;Buona;Sufficiente;1;0;0;4;12.46178;41.88846;-1;1;Autovettura privata;In marcia / fermata / arresto;Conducente;F;Illeso;0;;Non accertato;Inesploso
2950683;16;04/09/2016 02:30;Strada Urbana;LARGO DI PORTA S. PANCRAZIO;all'intersezione con;VIA ANGELO MASINA;VIA ANGELO MASINA;;;Scontro frontale/laterale SX fra veicoli in marcia;Incrocio;Una carreggiata a senso unico di marcia;Asciutto;Asfaltata;Verticale ed orizzontale;Sereno;Scarso;Buona;Sufficiente;1;0;0;4;12.46178;41.88846;-1;1;Autovettura privata;In marcia / fermata / arresto;Passeggero;F;Illeso;0;;Non accertato;Inesploso
2950683;16;04/09/2016 02:30;Strada Urbana;LARGO DI PORTA S. PANCRAZIO;all'intersezione con;VIA ANGELO MASINA;VIA ANGELO MASINA;;;Scontro frontale/laterale SX fra veicoli in marcia;Incrocio;Una carreggiata a senso unico di marcia;Asciutto;Asfaltata;Verticale ed orizzontale;Sereno;Scarso;Buona;Sufficiente;1;0;0;4;12.46178;41.88846;-1;2;Autovettura privata;In marcia / fermata / arresto;Conducente;M;Illeso;0;;Non accertato;Inesploso
2950683;16;04/09/2016 02:30;Strada Urbana;LARGO DI PORTA S. PANCRAZIO;all'intersezione con;VIA ANGELO MASINA;VIA ANGELO MASINA;;;Scontro frontale/laterale SX fra veicoli in marcia;Incrocio;Una carreggiata a senso unico di marcia;Asciutto;Asfaltata;Verticale ed orizzontale;Sereno;Scarso;Buona;Sufficiente;1;0;0;4;12.46178;41.88846;-1;2;Autovettura privata;In marcia / fermata / arresto;Passeggero;M;Illeso;0;;Non accertato;Inesploso
2950683;16;04/09/2016 02:30;Strada Urbana;LARGO DI PORTA S. PANCRAZIO;all'intersezione con;VIA ANGELO MASINA;VIA ANGELO MASINA;;;Scontro frontale/laterale SX fra veicoli in marcia;Incrocio;Una carreggiata a senso unico di marcia;Asciutto;Asfaltata;Verticale ed orizzontale;Sereno;Scarso;Buona;Sufficiente;1;0;0;4;12.46178;41.88846;-1;2;Autovettura privata;In marcia / fermata / arresto;Passeggero;M;Rimandato;0;NON DECEDUTO;Non accertato;Inesploso
2950688;2;03/09/2016 22:00;Strada Urbana;LUNGOTEVERE ARNALDO DA BRESCIA;da specificare;;;;tratto sottovia pross. rampa di uscita VIA AZUNI;Scontro laterale fra veicoli in marcia;Rettilineo;Una carreggiata a senso unico di marcia;Asciutto;Asfaltata;Verticale ed orizzontale;Sereno;Normale;Buona;Sufficiente;0;0;0;3;12.47261;41.91225;-1;1;Autovettura privata;In marcia / fermata / arresto;Conducente;M;Illeso;0;;;
2950688;2;03/09/2016 22:00;Strada Urbana;LUNGOTEVERE ARNALDO DA BRESCIA;da specificare;;;;tratto sottovia pross. rampa di uscita VIA AZUNI;Scontro laterale fra veicoli in marcia;Rettilineo;Una carreggiata a senso unico di marcia;Asciutto;Asfaltata;Verticale ed orizzontale;Sereno;Normale;Buona;Sufficiente;0;0;0;3;12.47261;41.91225;-1;1;Autovettura privata;In marcia / fermata / arresto;Passeggero;F;Illeso;0;;;
2950688;2;03/09/2016 22:00;Strada Urbana;LUNGOTEVERE ARNALDO DA BRESCIA;da specificare;;;;tratto sottovia pross. rampa di uscita VIA AZUNI;Scontro laterale fra veicoli in marcia;Rettilineo;Una carreggiata a senso unico di marcia;Asciutto;Asfaltata;Verticale ed orizzontale;Sereno;Normale;Buona;Sufficiente;0;0;0;3;12.47261;41.91225;-1;2;Autovettura privata;In marcia / fermata / arresto;Conducente;F;Illeso;0;;;
2950690;2;04/09/2016 10:10;Strada Urbana;PASSEGGIATA DI RIPETTA;da specificare;;;;sottopasso L.RE ARNALDO DA BRESCIA;Scontro laterale fra veicoli in marcia;Rettilineo;Una carreggiata a senso unico di marcia;Asciutto;Asfaltata;Verticale ed orizzontale;Sereno;Normale;Buona;Ore Diurne;0;0;0;4;12.4744;41.90854;-1;1;Autovettura privata;In marcia / fermata / arresto;Conducente;M;Illeso;0;;;
2950690;2;04/09/2016 10:10;Strada Urbana;PASSEGGIATA DI RIPETTA;da specificare;;;;sottopasso L.RE ARNALDO DA BRESCIA;Scontro laterale fra veicoli in marcia;Rettilineo;Una carreggiata a senso unico di marcia;Asciutto;Asfaltata;Verticale ed orizzontale;Sereno;Normale;Buona;Ore Diurne;0;0;0;4;12.4744;41.90854;-1;1;Autovettura privata;In marcia / fermata / arresto;Passeggero;F;Illeso;0;;;
2950690;2;04/09/2016 10:10;Strada Urbana;PASSEGGIATA DI RIPETTA;da specificare;;;;sottopasso L.RE ARNALDO DA BRESCIA;Scontro laterale fra veicoli in marcia;Rettilineo;Una carreggiata a senso unico di marcia;Asciutto;Asfaltata;Verticale ed orizzontale;Sereno;Normale;Buona;Ore Diurne;0;0;0;4;12.4744;41.90854;-1;2;Autovettura privata;In marcia / fermata / arresto;Conducente;M;Illeso;0;;;
2950690;2;04/09/2016 10:10;Strada Urbana;PASSEGGIATA DI RIPETTA;da specificare;;;;sottopasso L.RE ARNALDO DA BRESCIA;Scontro laterale fra veicoli in marcia;Rettilineo;Una carreggiata a senso unico di marcia;Asciutto;Asfaltata;Verticale ed orizzontale;Sereno;Normale;Buona;Ore Diurne;0;0;0;4;12.4744;41.90854;-1;2;Autovettura privata;In marcia / fermata / arresto;Passeggero;F;Illeso;0;;;
2950696;2;04/09/2016 21:35;Strada Urbana;VIA DEL FORO ITALICO;da specificare;;;;altezza distributore ESSO direz. Stadio Olimpico;Scontro frontale/laterale SX fra veicoli in marcia;Rettilineo;Due carreggiate;Asciutto;Asfaltata;Verticale ed orizzontale;Sereno;Scarso;Buona;Sufficiente;0;0;0;6;12.46387;41.94067;-1;1;Autovettura privata;In marcia / fermata / arresto;Conducente;F;Illeso;0;;;
2950696;2;04/09/2016 21:35;Strada Urbana;VIA DEL FORO ITALICO;da specificare;;;;altezza distributore ESSO direz. Stadio Olimpico;Scontro frontale/laterale SX fra veicoli in marcia;Rettilineo;Due carreggiate;Asciutto;Asfaltata;Verticale ed orizzontale;Sereno;Scarso;Buona;Sufficiente;0;0;0;6;12.46387;41.94067;-1;1;Autovettura privata;In marcia / fermata / arresto;Passeggero;F;Illeso;0;;;
2950696;2;04/09/2016 21:35;Strada Urbana;VIA DEL FORO ITALICO;da specificare;;;;altezza distributore ESSO direz. Stadio Olimpico;Scontro frontale/laterale SX fra veicoli in marcia;Rettilineo;Due carreggiate;Asciutto;Asfaltata;Verticale ed orizzontale;Sereno;Scarso;Buona;Sufficiente;0;0;0;6;12.46387;41.94067;-1;1;Autovettura privata;In marcia / fermata / arresto;Passeggero;F;Illeso;0;;;
2950696;2;04/09/2016 21:35;Strada Urbana;VIA DEL FORO ITALICO;da specificare;;;;altezza distributore ESSO direz. Stadio Olimpico;Scontro frontale/laterale SX fra veicoli in marcia;Rettilineo;Due carreggiate;Asciutto;Asfaltata;Verticale ed orizzontale;Sereno;Scarso;Buona;Sufficiente;0;0;0;6;12.46387;41.94067;-1;2;Autovettura privata;In marcia / fermata / arresto;Conducente;M;Illeso;0;;;
2950696;2;04/09/2016 21:35;Strada Urbana;VIA DEL FORO ITALICO;da specificare;;;;altezza distributore ESSO direz. Stadio Olimpico;Scontro frontale/laterale SX fra veicoli in marcia;Rettilineo;Due carreggiate;Asciutto;Asfaltata;Verticale ed orizzontale;Sereno;Scarso;Buona;Sufficiente;0;0;0;6;12.46387;41.94067;-1;2;Autovettura privata;In marcia / fermata / arresto;Passeggero;M;Illeso;0;;;
2950696;2;04/09/2016 21:35;Strada Urbana;VIA DEL FORO ITALICO;da specificare;;;;altezza distributore ESSO direz. Stadio Olimpico;Scontro frontale/laterale SX fra veicoli in marcia;Rettilineo;Due carreggiate;Asciutto;Asfaltata;Verticale ed orizzontale;Sereno;Scarso;Buona;Sufficiente;0;0;0;6;12.46387;41.94067;-1;2;Autovettura privata;In marcia / fermata / arresto;Passeggero;M;Illeso;0;;;
2950698;1;03/09/2016 16:10;Strada Urbana;VIA DI S. GREGORIO;in prossimità;;del palo luce n.;13;;Veicolo in marcia contro ostacolo fisso;Curva senza visuale libera;Una carreggiata a doppio senso;Asciutto;In cubetti di porfido;Verticale ed orizzontale;Sereno;Normale;Sufficiente;Ore Diurne;0;0;0;1;12.48997;41.88771;-1;1;Autovettura privata;In marcia / fermata / arresto;Conducente;M;Illeso;0;;Non accertato;Esploso
2950712;16;02/09/2016 21:00;Strada Urbana;VIA ANDREA BUSIRI VICI;in corrispondenza;;del civico n.;16;;Tamponamento;Rettilineo;Una carreggiata a senso unico di marcia;Asciutto;In cubetti di porfido;Assente;Sereno;Scarso;Sufficiente;Sufficiente;0;0;0;3;12.45769;41.88266;-1;1;Autovettura privata;In marcia / fermata / arresto;Conducente;M;Illeso;0;;Non accertato;Inesploso