Protocollo;Gruppo;DataOraIncidente;Localizzazione1;STRADA1;Localizzazione2;STRADA2;Strada02;Chilometrica;DaSpecificare;NaturaIncidente;particolaritastrade;TipoStrada;FondoStradale;Pavimentazione;Segnaletica;CondizioneAtmosferica;Traffico;Visibilita;Illuminazione;NUM_FERITI;NUM_RISERVATA;NUM_MORTI;NUM_ILLESI;Longitudine;Latitudine;Confermato;Progressivo;TipoVeicolo;StatoVeicolo;TipoPersona;Sesso;Tipolesione;Deceduto;DecedutoDopo;CinturaCascoUtilizzato;Airbag
2951682;10;05/09/2016 21:50;Strada Urbana;VIA TUSCOLANA;all'intersezione semaforizzata con;PIAZZA DI CINECITTA';PIAZZA DI CINECITTA';;;Investimento di pedone;Intersezione semaforizzata;Due carreggiate;Bagnato (pioggia);Asfaltata;Verticale ed orizzontale;Pioggia in atto;Normale;Sufficiente;Sufficiente;2;0;0;0;12.5676;41.85377;-1;1;Motociclo a solo;In marcia / fermata / arresto;Conducente;M;Rimandato;0;NON DECEDUTO;Non accertato;
2951690;18;05/09/2016 20:50;Strada Urbana;VIA BALDO DEGLI UBALDI;in corrispondenza;;del civico n.;114;;Scontro frontale/laterale SX fra veicoli in marcia;Pendenza;Due carreggiate;Bagnato (pioggia);Asfaltata;Verticale ed orizzontale;Pioggia in atto;Normale;Sufficiente;Sufficiente;0;0;0;5;12.43374;41.89912;-1;1;Quadriciclo leggero;In marcia / fermata / arresto;Conducente;F;Illeso;0;;;
2951690;18;05/09/2016 20:50;Strada Urbana;VIA BALDO DEGLI UBALDI;in corrispondenza;;del civico n.;114;;Scontro frontale/laterale SX fra veicoli in marcia;Pendenza;Due carreggiate;Bagnato (pioggia);Asfaltata;Verticale ed orizzontale;Pioggia in atto;Normale;Sufficiente;Sufficiente;0;0;0;5;12.43374;41.89912;-1;1;Quadriciclo leggero;In marcia / fermata / arresto;Passeggero;M;Illeso;0;;;
2951690;18;05/09/2016 20:50;Strada Urbana;VIA BALDO DEGLI UBALDI;in corrispondenza;;del civico n.;114;;Scontro frontale/laterale SX fra veicoli in marcia;Pendenza;Due carreggiate;Bagnato (pioggia);Asfaltata;Verticale ed orizzontale;Pioggia in atto;Normale;Sufficiente;Sufficiente;0;0;0;5;12.43374;41.89912;-1;1;Quadriciclo leggero;In marcia / fermata / arresto;Passeggero;F;Illeso;0;;;
2951690;18;05/09/2016 20:50;Strada Urbana;VIA BALDO DEGLI UBALDI;in corrispondenza;;del civico n.;114;;Scontro frontale/laterale SX fra veicoli in marcia;Pendenza;Due carreggiate;Bagnato (pioggia);Asfaltata;Verticale ed orizzontale;Pioggia in atto;Normale;Sufficiente;Sufficiente;0;0;0;5;12.43374;41.89912;-1;2;Autovettura privata;In marcia / fermata / arresto;Conducente;M;Illeso;0;;;
2951692;12;03/09/2016 16:35;Strada Urbana;VIA KARIBA;da specificare;;;;prossimità VIA NAIROBI;Scontro laterale fra veicoli in marcia;Curva senza visuale libera;Una carreggiata a doppio senso;Asciutto;Asfaltata;Orizzontale;Sereno;Scarso;Buona;Ore Diurne;0;0;0;3;12.474;41.8236;-1;1;Quadriciclo leggero;In marcia / fermata / arresto;Conducente;M;Illeso;0;;Non accertato;Inesploso
2951692;12;03/09/2016 16:35;Strada Urbana;VIA KARIBA;da specificare;;;;prossimità VIA NAIROBI;Scontro laterale fra veicoli in marcia;Curva senza visuale libera;Una carreggiata a doppio senso;Asciutto;Asfaltata;Orizzontale;Sereno;Scarso;Buona;Ore Diurne;0;0;0;3;12.474;41.8236;-1;1;Quadriciclo leggero;In marcia / fermata / arresto;Passeggero;M;Illeso;0;;Non accertato;Inesploso
2951692;12;03/09/2016 16:35;Strada Urbana;VIA KARIBA;da specificare;;;;prossimità VIA NAIROBI;Scontro laterale fra veicoli in marcia;Curva senza visuale libera;Una carreggiata a doppio senso;Asciutto;Asfaltata;Orizzontale;Sereno;Scarso;Buona;Ore Diurne;0;0;0;3;12.474;41.8236;-1;2;Autovettura privata;In marcia / fermata / arresto;Conducente;F;Illeso;0;;Non accertato;Inesploso
2951694;16;05/09/2016 17:20;Strada Urbana;LARGO ALESSANDRO TOJA;da specificare;;;;in prossimità fronte civico 5;Veicolo in marcia contro veicoli in sosta;Rettilineo;Una carreggiata a doppio senso;Asciutto;Asfaltata;Orizzontale;Sereno;Normale;Buona;Ore Diurne;0;0;0;2;12.46781;41.87734;-1;2;Autovettura privata;In marcia / fermata / arresto;Conducente;M;Illeso;0;;Non accertato;Inesploso
2951694;16;05/09/2016 17:20;Strada Urbana;LARGO ALESSANDRO TOJA;da specificare;;;;in prossimità fronte civico 5;Veicolo in marcia contro veicoli in sosta;Rettilineo;Una carreggiata a doppio senso;Asciutto;Asfaltata;Orizzontale;Sereno;Normale;Buona;Ore Diurne;0;0;0;2;12.46781;41.87734;-1;2;Autovettura privata;In marcia / fermata / arresto;Passeggero;F;Illeso;0;;Non accertato;Inesploso
2951696;2;06/09/2016 08:30;Strada Urbana;VIA BRENTA;in corrispondenza;;del civico n.;13;;Scontro laterale fra veicoli in marcia;Rettilineo;Una carreggiata a senso unico di marcia;Asciutto;Asfaltata;Orizzontale;Sereno;Normale;Buona;Ore Diurne;1;0;0;1;12.50295;41.91824;-1;1;Autovettura privata;In marcia / fermata / arresto;Conducente;F;Illeso;0;;Non accertato;Inesploso
2951696;2;06/09/2016 08:30;Strada Urbana;VIA BRENTA;in corrispondenza;;del civico n.;13;;Scontro laterale fra veicoli in marcia;Rettilineo;Una carreggiata a senso unico di marcia;Asciutto;Asfaltata;Orizzontale;Sereno;Normale;Buona;Ore Diurne;1;0;0;1;12.50295;41.91824;-1;2;Motociclo a solo;In marcia / fermata / arresto;Conducente;F;Ricoverato;0;NON DECEDUTO;;
2951707;11;06/09/2016 07:30;Strada Urbana;VIA DI GROTTA PERFETTA;all'intersezione con;VIA ATTILIO AMBROSINI;VIA ATTILIO AMBROSINI;;;Scontro frontale/laterale SX fra veicoli in marcia;Intersezione semaforizzata;Due carreggiate;Asciutto;Asfaltata;Verticale ed orizzontale;Sereno;Normale;Buona;Ore Diurne;2;0;0;0;12.48776;41.84757;-1;1;Autovettura privata;In marcia / fermata / arresto;Conducente;F;Rimandato;0;NON DECEDUTO;Non accertato;Esploso
2951707;11;06/09/2016 07:30;Strada Urbana;VIA DI GROTTA PERFETTA;all'intersezione con;VIA ATTILIO AMBROSINI;VIA ATTILIO AMBROSINI;;;Scontro frontale/laterale SX fra veicoli in marcia;Intersezione semaforizzata;Due carreggiate;Asciutto;Asfaltata;Verticale ed orizzontale;Sereno;Normale;Buona;Ore Diurne;2;0;0;0;12.48776;41.84757;-1;2;Autovettura privata;In marcia / fermata / arresto;Conducente;F;Rimandato;0;NON DECEDUTO;Non accertato;Inesploso
2951721;7;05/09/2016 18:25;Strada Urbana;VIA PESCOMAGGIORE;in corrispondenza;;del palo luce n.;19;;Veicolo in marcia contro ostacolo fisso;Rettilineo;Una carreggiata a senso unico di marcia;Asciutto;Asfaltata;Verticale;Sereno;Scarso;Buona;Ore Diurne;0;0;0;1;12.61033;41.91821;-1;1;Autovettura privata;In marcia / fermata / arresto;Conducente;M;Illeso;0;;Non accertato;Inesploso
2951723;20;06/09/2016 08:25;Strada Urbana;VIA VILFREDO PARETO;in corrispondenza;;del civico n.;19;;Scontro laterale fra veicoli in marcia;Rettilineo;Una carreggiata a doppio senso;Asciutto;Asfaltata;Verticale ed orizzontale;Sereno;Intenso;Buona;Ore Diurne;0;0;0;4;12.46701;41.95047;-1;1;Motociclo a solo;In marcia / fermata / arresto;Conducente;M;Illeso;0;;Non accertato;
2951723;20;06/09/2016 08:25;Strada Urbana;VIA VILFREDO PARETO;in corrispondenza;;del civico n.;19;;Scontro laterale fra veicoli in marcia;Rettilineo;Una carreggiata a doppio senso;Asciutto;Asfaltata;Verticale ed orizzontale;Sereno;Intenso;Buona;Ore Diurne;0;0;0;4;12.46701;41.95047;-1;2;Autovettura privata;In marcia / fermata / arresto;Conducente;F;Illeso;0;;Non accertato;Inesploso
2951723;20;06/09/2016 08:25;Strada Urbana;VIA VILFREDO PARETO;in corrispondenza;;del civico n.;19;;Scontro laterale fra veicoli in marcia;Rettilineo;Una carreggiata a doppio senso;Asciutto;Asfaltata;Verticale ed orizzontale;Sereno;Intenso;Buona;Ore Diurne;0;0;0;4;12.46701;41.95047;-1;2;Autovettura privata;In marcia / fermata / arresto;Passeggero;F;Illeso;0;;Non accertato;Inesploso
2951723;20;06/09/2016 08:25;Strada Urbana;VIA VILFREDO PARETO;in corrispondenza;;del civico n.;19;;Scontro laterale fra veicoli in marcia;Rettilineo;Una carreggiata a doppio senso;Asciutto;Asfaltata;Verticale ed orizzontale;Sereno;Intenso;Buona;Ore Diurne;0;0;0;4;12.46701;41.95047;-1;2;Autovettura privata;In marcia / fermata / arresto;Passeggero;M;Illeso;0;;Non accertato;Inesploso
2951730;12;04/09/2016 04:00;Regionale;VIA PONTINA;in corrispondenza;;della chilometrica;24;;Ribaltamento senza urto contro ostacolo fisso;Rettilineo;Due carreggiate;Asciutto;Asfaltata;Verticale ed orizzontale;Sereno;Scarso;Buona;Inesistente;0;0;0;1;12.45642;41.7095;-1;1;Autovettura privata;In marcia / fermata / arresto;Conducente;M;Illeso;0;;Utilizzato;Inesploso
2951733;16;05/09/2016 21:15;Strada Urbana;VIA CRISTOFORO COLOMBO;all'intersezione con;VIALE AMERICA;VIALE AMERICA;;;Veicolo in marcia contro ostacolo fisso;Intersezione semaforizzata;Una carreggiata a senso unico di marcia;Bagnato (pioggia);Asfaltata;Verticale ed orizzontale;Pioggia in atto;Normale;Sufficiente;Sufficiente;0;0;0;1;12.42449;41.78815;-1;1;Autovettura privata;In marcia / fermata / arresto;Conducente;M;Illeso;0;;;
2951745;19;05/09/2016 11:10;Strada Urbana;VIA DELLA BALDUINA;in prossimità;;del civico n.;202;;Scontro laterale fra veicoli in marcia;Rettilineo;Una carreggiata a doppio senso;Asciutto;Asfaltata;Assente;Sereno;Normale;Buona;Ore Diurne;0;0;0;4;12.43875;41.92217;-1;1;Autocarro inferiore 35 q.;In marcia / fermata / arresto;Conducente;M;Illeso;0;;;
2951745;19;05/09/2016 11:10;Strada Urbana;VIA DELLA BALDUINA;in prossimità;;del civico n.;202;;Scontro laterale fra veicoli in marcia;Rettilineo;Una carreggiata a doppio senso;Asciutto;Asfaltata;Assente;Sereno;Normale;Buona;Ore Diurne;0;0;0;4;12.43875;41.92217;-1;1;Autocarro inferiore 35 q.;In marcia / fermata / arresto;Passeggero;M;Illeso;0;;;
2951745;19;05/09/2016 11:10;Strada Urbana;VIA DELLA BALDUINA;in prossimità;;del civico n.;202;;Scontro laterale fra veicoli in marcia;Rettilineo;Una carreggiata a doppio senso;Asciutto;Asfaltata;Assente;Sereno;Normale;Buona;Ore Diurne;0;0;0;4;12.43875;41.92217;-1;1;Autocarro inferiore 35 q.;In marcia / fermata / arresto;Passeggero;M;Illeso;0;;;
2951745;19;05/09/2016 11:10;Strada Urbana;VIA DELLA BALDUINA;in prossimità;;del civico n.;202;;Scontro laterale fra veicoli in marcia;Rettilineo;Una carreggiata a doppio senso;Asciutto;Asfaltata;Assente;Sereno;Normale;Buona;Ore Diurne;0;0;0;4;12.43875;41.92217;-1;2;Autocarro inferiore 35 q.;In marcia / fermata / arresto;Conducente;M;Illeso;0;;;
2951756;2;05/09/2016 14:00;Strada Urbana;LUNGOTEVERE ARNALDO DA BRESCIA;all'intersezione semaforizzata con;VIA DEGLI SCIALOJA;VIA DEGLI SCIALOJA;;;Scontro laterale fra veicoli in marcia;Intersezione semaforizzata;Una carreggiata a senso unico di marcia;Asciutto;Asfaltata;Verticale ed orizzontale;Nuvoloso;Normale;Buona;Ore Diurne;0;0;0;3;12.47234;41.91306;-1;1;Autovettura di polizia;In marcia / fermata / arresto;Conducente;M;Illeso;0;;Non accertato;Inesploso
2951756;2;05/09/2016 14:00;Strada Urbana;LUNGOTEVERE ARNALDO DA BRESCIA;all'intersezione semaforizzata con;VIA DEGLI SCIALOJA;VIA DEGLI SCIALOJA;;;Scontro laterale fra veicoli in marcia;Intersezione semaforizzata;Una carreggiata a senso unico di marcia;Asciutto;Asfaltata;Verticale ed orizzontale;Nuvoloso;Normale;Buona;Ore Diurne;0;0;0;3;12.47234;41.91306;-1;1;Autovettura di polizia;In marcia / fermata / arresto;Passeggero;M;Illeso;0;;Non accertato;Inesploso
2951756;2;05/09/2016 14:00;Strada Urbana;LUNGOTEVERE ARNALDO DA BRESCIA;all'intersezione semaforizzata con;VIA DEGLI SCIALOJA;VIA DEGLI SCIALOJA;;;Scontro laterale fra veicoli in marcia;Intersezione semaforizzata;Una carreggiata a senso unico di marcia;Asciutto;Asfaltata;Verticale ed orizzontale;Nuvoloso;Normale;Buona;Ore Diurne;0;0;0;3;12.47234;41.91306;-1;2;Autovettura privata;In marcia / fermata / arresto;Conducente;F;Illeso;0;;Non accertato;Inesploso
2951758;2;05/09/2016 20:00;Strada Urbana;VIALE TIZIANO;in prossimità;;del civico n.;FR. 58;;Veicolo in marcia contro ostacolo fisso;Rettilineo;Una carreggiata a senso unico di marcia;Asciutto;Asfaltata;Verticale ed orizzontale;Sereno;Normale;Buona;Sufficiente;0;0;0;1;13.01212;41.72827;-1;1;Autovettura privata;In marcia / fermata / arresto;Conducente;F;Illeso;0;;;
2951760;4;05/09/2016 13:20;Strada Urbana;VIA UGO OJETTI;da specificare;;;;in corrispondenza di via A. Fogazzaro;Tamponamento;Rettilineo;Due carreggiate;Asciutto;Asfaltata;Orizzontale;Sereno;Normale;Buona;Ore Diurne;1;0;1;1;12.55742;41.94976;-1;;;;Pedone;M;Rimandato;0;DECEDUTO ENTRO 3 MESI;;
2951760;4;05/09/2016 13:20;Strada Urbana;VIA UGO OJETTI;da specificare;;;;in corrispondenza di via A. Fogazzaro;Tamponamento;Rettilineo;Due carreggiate;Asciutto;Asfaltata;Orizzontale;Sereno;Normale;Buona;Ore Diurne;1;0;1;1;12.55742;41.94976;-1;1;Autovettura privata;In marcia / fermata / arresto;Conducente;M;Illeso;0;;;
2951760;4;05/09/2016 13:20;Strada Urbana;VIA UGO OJETTI;da specificare;;;;in corrispondenza di via A. Fogazzaro;Tamponamento;Rettilineo;Due carreggiate;Asciutto;Asfaltata;Orizzontale;Sereno;Normale;Buona;Ore Diurne;1;0;1;1;12.55742;41.94976;-1;2;Motociclo a solo;In marcia / fermata / arresto;Conducente;M;Rimandato;0;NON DECEDUTO;Non accertato;
2951763;2;05/09/2016 15:00;Strada Urbana;VIA DI S. COSTANZA;in corrispondenza;;del civico n.;9;;Veicolo in marcia contro veicolo in sosta;Rettilineo;Una carreggiata a doppio senso;Asciutto;Asfaltata;Orizzontale;Sereno;Normale;Buona;Ore Diurne;0;0;0;1;12.51333;41.92291;-1;1;Autovettura privata;In marcia / fermata / arresto;Conducente;M;Illeso;0;;Non accertato;Inesploso
2951770;2;05/09/2016 14:00;Strada Urbana;VIA SALARIA;all'intersezione semaforizzata con;VIALE DI VILLA GRAZIOLI;VIALE DI VILLA GRAZIOLI;;;Scontro laterale fra veicoli in marcia;Intersezione semaforizzata;Due carreggiate;Asciutto;Asfaltata;Verticale ed orizzontale;Nuvoloso;Normale;Buona;Ore Diurne;1;0;0;1;12.50049;41.92137;-1;1;Autovettura privata;In marcia / fermata / arresto;Conducente;M;Illeso;0;;Non accertato;Inesploso
2951770;2;05/09/2016 14:00;Strada Urbana;VIA SALARIA;all'intersezione semaforizzata con;VIALE DI VILLA GRAZIOLI;VIALE DI VILLA GRAZIOLI;;;Scontro laterale fra veicoli in marcia;Intersezione semaforizzata;Due carreggiate;Asciutto;Asfaltata;Verticale ed orizzontale;Nuvoloso;Normale;Buona;Ore Diurne;1;0;0;1;12.50049;41.92137;-1;2;Motociclo a solo;In marcia / fermata / arresto;Conducente;M;Rifiuta cure immediate;0;NON DECEDUTO;;
2951772;2;05/09/2016 18:00;Strada Urbana;VIA SAVOIA;in prossimità;;del civico n.;18;;Scontro laterale fra veicoli in marcia;Rettilineo;Una carreggiata a senso unico di marcia;Asciutto;Asfaltata;Verticale ed orizzontale;Sereno;Normale;Buona;Ore Diurne;0;0;0;3;12.49823;41.91281;-1;1;Autovettura privata;In marcia / fermata / arresto;Conducente;F;Illeso;0;;;
2951772;2;05/09/2016 18:00;Strada Urbana;VIA SAVOIA;in prossimità;;del civico n.;18;;Scontro laterale fra veicoli in marcia;Rettilineo;Una carreggiata a senso unico di marcia;Asciutto;Asfaltata;Verticale ed orizzontale;Sereno;Normale;Buona;Ore Diurne;0;0;0;3;12.49823;41.91281;-1;1;Autovettura privata;In marcia / fermata / arresto;Passeggero;F;Illeso;0;;;
2951772;2;05/09/2016 18:00;Strada Urbana;VIA SAVOIA;in prossimità;;del civico n.;18;;Scontro laterale fra veicoli in marcia;Rettilineo;Una carreggiata a senso unico di marcia;Asciutto;Asfaltata;Verticale ed orizzontale;Sereno;Normale;Buona;Ore Diurne;0;0;0;3;12.49823;41.91281;-1;2;Motociclo a solo;In marcia / fermata / arresto;Conducente;M;Illeso;0;;;
2951777;23;04/09/2016 10:50;Comunale extraurbana;VIA CRISTOFORO COLOMBO;in corrispondenza;;della chilometrica;22.5;;Tamponamento;Rettilineo;Più di due carreggiate;Asciutto;Asfaltata;Verticale ed orizzontale;Sereno;Normale;Buona;Ore Diurne;1;0;0;2;12.35866;41.74644;-1;1;Autovettura privata;In marcia / fermata / arresto;Conducente;M;Illeso;0;;Non accertato;Inesploso
2951777;23;04/09/2016 10:50;Comunale extraurbana;VIA CRISTOFORO COLOMBO;in corrispondenza;;della chilometrica;22.5;;Tamponamento;Rettilineo;Più di due carreggiate;Asciutto;Asfaltata;Verticale ed orizzontale;Sereno;Normale;Buona;Ore Diurne;1;0;0;2;12.35866;41.74644;-1;1;Autovettura privata;In marcia / fermata / arresto;Passeggero;M;Illeso;0;;Non accertato;Inesploso
2951777;23;04/09/2016 10:50;Comunale extraurbana;VIA CRISTOFORO COLOMBO;in corrispondenza;;della chilometrica;22.5;;Tamponamento;Rettilineo;Più di due carreggiate;Asciutto;Asfaltata;Verticale ed orizzontale;Sereno;Normale;Buona;Ore Diurne;1;0;0;2;12.35866;41.74644;-1;2;Autovettura privata;In marcia / fermata / arresto;Conducente;F;Rimandato;0;NON DECEDUTO;Utilizzato;Esploso
2951803;6;03/09/2016 20:00;Strada Urbana;VIA DI TOR BELLA MONACA;da specificare;;;;ALT. SVINCOLO TORRE ANGELA;Veicolo in marcia contro ostacolo fisso;Curva a visuale libera;Due carreggiate;Asciutto;Asfaltata;Verticale ed orizzontale;Sereno;Normale;Buona;Sufficiente;0;0;0;1;12.62014;41.88149;-1;1;Autovettura privata;In marcia / fermata / arresto;Conducente;M;Illeso;0;;;
2951805;1;05/09/2016 14:00;Strada Urbana;VIALE DELLE TERME DI CARACALLA;all'intersezione semaforizzata con;PIAZZALE NUMA POMPILIO;PIAZZALE NUMA POMPILIO;;;Scontro laterale fra veicoli in marcia;Intersezione semaforizzata;Una carreggiata a doppio senso;Asciutto;Asfaltata;Verticale ed orizzontale;Nuvoloso;Normale;Buona;Ore Diurne;0;0;0;3;12.4952;41.8785;-1;1;Autovettura privata;In marcia / fermata / arresto;Conducente;M;Illeso;0;;Non accertato;
2951805;1;05/09/2016 14:00;Strada Urbana;VIALE DELLE TERME DI CARACALLA;all'intersezione semaforizzata con;PIAZZALE NUMA POMPILIO;PIAZZALE NUMA POMPILIO;;;Scontro laterale fra veicoli in marcia;Intersezione semaforizzata;Una carreggiata a doppio senso;Asciutto;Asfaltata;Verticale ed orizzontale;Nuvoloso;Normale;Buona;Ore Diurne;0;0;0;3;12.4952;41.8785;-1;1;Autovettura privata;In marcia / fermata / arresto;Passeggero;F;Illeso;0;;Non accertato;Inesploso
2951805;1;05/09/2016 14:00;Strada Urbana;VIALE DELLE TERME DI CARACALLA;all'intersezione semaforizzata con;PIAZZALE NUMA POMPILIO;PIAZZALE NUMA POMPILIO;;;Scontro laterale fra veicoli in marcia;Intersezione semaforizzata;Una carreggiata a doppio senso;Asciutto;Asfaltata;Verticale ed orizzontale;Nuvoloso;Normale;Buona;Ore Diurne;0;0;0;3;12.4952;41.8785;-1;2;Autovettura privata;In marcia / fermata / arresto;Conducente;M;Illeso;0;;Non accertato;Inesploso
2951811;23;04/09/2016 15:00;Strada Urbana;VIA CRISTOFORO COLOMBO;in prossimità;;del civico n.;348;;Scontro frontale/laterale DX fra veicoli in marcia;Rettilineo;Più di due carreggiate;Asciutto;Asfaltata;Verticale ed orizzontale;Sereno;Normale;Buona;Ore Diurne;0;0;0;6;12.49118;41.85506;-1;1;Autovettura privata;In marcia / fermata / arresto;Conducente;M;Illeso;0;;Non accertato;Inesploso
2951811;23;04/09/2016 15:00;Strada Urbana;VIA CRISTOFORO COLOMBO;in prossimità;;del civico n.;348;;Scontro frontale/laterale DX fra veicoli in marcia;Rettilineo;Più di due carreggiate;Asciutto;Asfaltata;Verticale ed orizzontale;Sereno;Normale;Buona;Ore Diurne;0;0;0;6;12.49118;41.85506;-1;1;Autovettura privata;In marcia / fermata / arresto;Passeggero;M;Illeso;0;;Utilizzato;Inesploso
2951811;23;04/09/2016 15:00;Strada Urbana;VIA CRISTOFORO COLOMBO;in prossimità;;del civico n.;348;;Scontro frontale/laterale DX fra veicoli in marcia;Rettilineo;Più di due carreggiate;Asciutto;Asfaltata;Verticale ed orizzontale;Sereno;Normale;Buona;Ore Diurne;0;0;0;6;12.49118;41.85506;-1;1;Autovettura privata;In marcia / fermata / arresto;Passeggero;F;Illeso;0;;Utilizzato;Inesploso
2951811;23;04/09/2016 15:00;Strada Urbana;VIA CRISTOFORO COLOMBO;in prossimità;;del civico n.;348;;Scontro frontale/laterale DX fra veicoli in marcia;Rettilineo;Più di due carreggiate;Asciutto;Asfaltata;Verticale ed orizzontale;Sereno;Normale;Buona;Ore Diurne;0;0;0;6;12.49118;41.85506;-1;1;Autovettura privata;In marcia / fermata / arresto;Passeggero;M;Illeso;0;;Utilizzato;Inesploso
2951811;23;04/09/2016 15:00;Strada Urbana;VIA CRISTOFORO COLOMBO;in prossimità;;del civico n.;348;;Scontro frontale/laterale DX fra veicoli in marcia;Rettilineo;Più di due carreggiate;Asciutto;Asfaltata;Verticale ed orizzontale;Sereno;Normale;Buona;Ore Diurne;0;0;0;6;12.49118;41.85506;-1;2;Autocarro inferiore 35 q.;In marcia / fermata / arresto;Conducente;M;Illeso;0;;Utilizzato;Inesistente
2951811;23;04/09/2016 15:00;Strada Urbana;VIA CRISTOFORO COLOMBO;in prossimità;;del civico n.;348;;Scontro frontale/laterale DX fra veicoli in marcia;Rettilineo;Più di due carreggiate;Asciutto;Asfaltata;Verticale ed orizzontale;Sereno;Normale;Buona;Ore Diurne;0;0;0;6;12.49118;41.85506;-1;2;Autocarro inferiore 35 q.;In marcia / fermata / arresto;Passeggero;M;Illeso;0;;Non accertato;Inesistente
2951827;16;05/09/2016 23:30;Strada Urbana;VIA CRISTOFORO COLOMBO;all'intersezione con;VIALE EUROPA;VIALE EUROPA;;;Scontro frontale/laterale DX fra veicoli in marcia;Incrocio;Due carreggiate;Bagnato (umidità in atto);Asfaltata;Verticale ed orizzontale;Nuvoloso;Scarso;Buona;Sufficiente;0;0;0;4;12.42449;41.78815;-1;1;Autovettura privata;In marcia / fermata / arresto;Conducente;F;Illeso;0;;Non accertato;
2951827;16;05/09/2016 23:30;Strada Urbana;VIA CRISTOFORO COLOMBO;all'intersezione con;VIALE EUROPA;VIALE EUROPA;;;Scontro frontale/laterale DX fra veicoli in marcia;Incrocio;Due carreggiate;Bagnato (umidità in atto);Asfaltata;Verticale ed orizzontale;Nuvoloso;Scarso;Buona;Sufficiente;0;0;0;4;12.42449;41.78815;-1;1;Autovettura privata;In marcia / fermata / arresto;Passeggero;F;Illeso;0;;Non accertato;
2951827;16;05/09/2016 23:30;Strada Urbana;VIA CRISTOFORO COLOMBO;all'intersezione con;VIALE EUROPA;VIALE EUROPA;;;Scontro frontale/laterale DX fra veicoli in marcia;Incrocio;Due carreggiate;Bagnato (umidità in atto);Asfaltata;Verticale ed orizzontale;Nuvoloso;Scarso;Buona;Sufficiente;0;0;0;4;12.42449;41.78815;-1;2;Autocarro inferiore 35 q.;In marcia / fermata / arresto;Conducente;M;Illeso;0;;Non accertato;
2951827;16;05/09/2016 23:30;Strada Urbana;VIA CRISTOFORO COLOMBO;all'intersezione con;VIALE EUROPA;VIALE EUROPA;;;Scontro frontale/laterale DX fra veicoli in marcia;Incrocio;Due carreggiate;Bagnato (umidità in atto);Asfaltata;Verticale ed orizzontale;Nuvoloso;Scarso;Buona;Sufficiente;0;0;0;4;12.42449;41.78815;-1;2;Autocarro inferiore 35 q.;In marcia / fermata / arresto;Passeggero;M;Illeso;0;;Non accertato;
2951833;8;05/09/2016 07:30;Strada Urbana;VIA DELLA TENUTA DEL CAVALIERE;da specificare;;;;50 metri dal ponte fiume ANIENE dir.ne TIBURTINA;Veicolo in marcia contro ostacolo accidentale;Rettilineo;Una carreggiata a doppio senso;Asciutto;Con buche;Assente;Nuvoloso;Normale;Sufficiente;Ore Diurne;0;0;0;1;12.65441;41.93634;-1;1;Autovettura privata;In marcia / fermata / arresto;Conducente;M;Illeso;0;;Non accertato;Inesploso
2951838;4;05/09/2016 17:00;Strada Urbana;VIA DI VALLE MELAINA;in prossimità;;del civico n.;121;;Scontro frontale/laterale DX fra veicoli in marcia;Rettilineo;Due carreggiate;Asciutto;Asfaltata;Orizzontale;Nuvoloso;Normale;Buona;Ore Diurne;0;0;0;3;12.52582;41.94943;-1;1;Autovettura privata;In marcia / fermata / arresto;Conducente;M;Illeso;0;;Non accertato;Inesploso
2951838;4;05/09/2016 17:00;Strada Urbana;VIA DI VALLE MELAINA;in prossimità;;del civico n.;121;;Scontro frontale/laterale DX fra veicoli in marcia;Rettilineo;Due carreggiate;Asciutto;Asfaltata;Orizzontale;Nuvoloso;Normale;Buona;Ore Diurne;0;0;0;3;12.52582;41.94943;-1;2;Autovettura privata;In marcia / fermata / arresto;Conducente;M;Illeso;0;;Non accertato;Inesploso
2951838;4;05/09/2016 17:00;Strada Urbana;VIA DI VALLE MELAINA;in prossimità;;del civico n.;121;;Scontro frontale/laterale DX fra veicoli in marcia;Rettilineo;Due carreggiate;Asciutto;Asfaltata;Orizzontale;Nuvoloso;Normale;Buona;Ore Diurne;0;0;0;3;12.52582;41.94943;-1;2;Autovettura privata;In marcia / fermata / arresto;Passeggero;F;Illeso;0;;Non accertato;Inesploso
2951842;1;05/09/2016 16:50;Strada Urbana;LUNGOTEVERE RIPA;in prossimità;;del civico n.;6;;Tamponamento Multiplo;Curva a visuale libera;Una carreggiata a senso unico di marcia;Asciutto;Asfaltata;Orizzontale;Sereno;Normale;Buona;Ore Diurne;1;0;0;2;12.47877;41.88826;-1;1;Autovettura privata;In marcia / fermata / arresto;Conducente;M;Illeso;0;;Utilizzato;Inesploso
2951842;1;05/09/2016 16:50;Strada Urbana;LUNGOTEVERE RIPA;in prossimità;;del civico n.;6;;Tamponamento Multiplo;Curva a visuale libera;Una carreggiata a senso unico di marcia;Asciutto;Asfaltata;Orizzontale;Sereno;Normale;Buona;Ore Diurne;1;0;0;2;12.47877;41.88826;-1;2;Autovettura privata;In marcia / fermata / arresto;Conducente;F;Rifiuta cure immediate;0;NON DECEDUTO;Utilizzato;Inesploso
2951842;1;05/09/2016 16:50;Strada Urbana;LUNGOTEVERE RIPA;in prossimità;;del civico n.;6;;Tamponamento Multiplo;Curva a visuale libera;Una carreggiata a senso unico di marcia;Asciutto;Asfaltata;Orizzontale;Sereno;Normale;Buona;Ore Diurne;1;0;0;2;12.47877;41.88826;-1;3;Autovettura privata;In marcia / fermata / arresto;Conducente;F;Illeso;0;;Utilizzato;Inesploso