Protocollo;Gruppo;DataOraIncidente;Localizzazione1;STRADA1;Localizzazione2;STRADA2;Strada02;Chilometrica;DaSpecificare;NaturaIncidente;particolaritastrade;TipoStrada;FondoStradale;Pavimentazione;Segnaletica;CondizioneAtmosferica;Traffico;Visibilita;Illuminazione;NUM_FERITI;NUM_RISERVATA;NUM_MORTI;NUM_ILLESI;Longitudine;Latitudine;Confermato;Progressivo;TipoVeicolo;StatoVeicolo;TipoPersona;Sesso;Tipolesione;Deceduto;DecedutoDopo;CinturaCascoUtilizzato;Airbag
2953060;7;07/09/2016 03:45;Strada Urbana;VIALE DELLA PRIMAVERA;all'intersezione con;VIA DEI GLICINI;VIA DEI GLICINI;;;Veicolo in marcia contro veicoli in sosta;Incrocio;Due carreggiate;Asciutto;Asfaltata;Orizzontale;Nuvoloso;Scarso;Sufficiente;Sufficiente;0;0;0;2;12.55998;41.88023;-1;1;Autovettura privata;In marcia / fermata / arresto;Conducente;M;Illeso;0;;Non accertato;
2953060;7;07/09/2016 03:45;Strada Urbana;VIALE DELLA PRIMAVERA;all'intersezione con;VIA DEI GLICINI;VIA DEI GLICINI;;;Veicolo in marcia contro veicoli in sosta;Incrocio;Due carreggiate;Asciutto;Asfaltata;Orizzontale;Nuvoloso;Scarso;Sufficiente;Sufficiente;0;0;0;2;12.55998;41.88023;-1;1;Autovettura privata;In marcia / fermata / arresto;Passeggero;M;Illeso;0;;Non accertato;
2953074;6;06/09/2016 13:20;Strada Urbana;VIA TOR DE' SCHIAVI;in corrispondenza;;del civico n.;343;;Veicolo in marcia contro veicolo fermo;Rettilineo;Due carreggiate;Asciutto;Asfaltata;Verticale ed orizzontale;Sereno;Scarso;Buona;Ore Diurne;0;0;0;3;12.55968;41.8927;-1;1;Autovettura privata;In marcia / fermata / arresto;Conducente;M;Illeso;0;;;
2953074;6;06/09/2016 13:20;Strada Urbana;VIA TOR DE' SCHIAVI;in corrispondenza;;del civico n.;343;;Veicolo in marcia contro veicolo fermo;Rettilineo;Due carreggiate;Asciutto;Asfaltata;Verticale ed orizzontale;Sereno;Scarso;Buona;Ore Diurne;0;0;0;3;12.55968;41.8927;-1;2;Autovettura privata;In marcia / fermata / arresto;Conducente;M;Illeso;0;;;
2953074;6;06/09/2016 13:20;Strada Urbana;VIA TOR DE' SCHIAVI;in corrispondenza;;del civico n.;343;;Veicolo in marcia contro veicolo fermo;Rettilineo;Due carreggiate;Asciutto;Asfaltata;Verticale ed orizzontale;Sereno;Scarso;Buona;Ore Diurne;0;0;0;3;12.55968;41.8927;-1;2;Autovettura privata;In marcia / fermata / arresto;Passeggero;M;Illeso;0;;;
2953080;11;06/09/2016 15:15;Strada Urbana;VIA CRISTOFORO COLOMBO;in corrispondenza;;del palo luce n.;43;;Tamponamento Multiplo;Rettilineo;Più di due carreggiate;Asciutto;Asfaltata;Verticale ed orizzontale;Sereno;Normale;Buona;Ore Diurne;1;0;0;4;12.49648;41.86758;-1;1;Autovettura privata;In marcia / fermata / arresto;Conducente;F;Illeso;0;;Non accertato;
2953080;11;06/09/2016 15:15;Strada Urbana;VIA CRISTOFORO COLOMBO;in corrispondenza;;del palo luce n.;43;;Tamponamento Multiplo;Rettilineo;Più di due carreggiate;Asciutto;Asfaltata;Verticale ed orizzontale;Sereno;Normale;Buona;Ore Diurne;1;0;0;4;12.49648;41.86758;-1;2;Autovettura privata;In marcia / fermata / arresto;Conducente;M;Illeso;0;;Non accertato;
2953080;11;06/09/2016 15:15;Strada Urbana;VIA CRISTOFORO COLOMBO;in corrispondenza;;del palo luce n.;43;;Tamponamento Multiplo;Rettilineo;Più di due carreggiate;Asciutto;Asfaltata;Verticale ed orizzontale;Sereno;Normale;Buona;Ore Diurne;1;0;0;4;12.49648;41.86758;-1;2;Autovettura privata;In marcia / fermata / arresto;Passeggero;M;Illeso;0;;Non accertato;
2953080;11;06/09/2016 15:15;Strada Urbana;VIA CRISTOFORO COLOMBO;in corrispondenza;;del palo luce n.;43;;Tamponamento Multiplo;Rettilineo;Più di due carreggiate;Asciutto;Asfaltata;Verticale ed orizzontale;Sereno;Normale;Buona;Ore Diurne;1;0;0;4;12.49648;41.86758;-1;2;Autovettura privata;In marcia / fermata / arresto;Passeggero;F;Rimandato;0;NON DECEDUTO;Non accertato;
2953080;11;06/09/2016 15:15;Strada Urbana;VIA CRISTOFORO COLOMBO;in corrispondenza;;del palo luce n.;43;;Tamponamento Multiplo;Rettilineo;Più di due carreggiate;Asciutto;Asfaltata;Verticale ed orizzontale;Sereno;Normale;Buona;Ore Diurne;1;0;0;4;12.49648;41.86758;-1;3;Autovettura privata;In marcia / fermata / arresto;Conducente;M;Illeso;0;;Non accertato;
2953085;5;06/09/2016 06:20;Strada Urbana;VIA TIBURTINA;all'intersezione con;VIA RUBELLIA;VIA RUBELLIA;;;Scontro laterale fra veicoli in marcia;Rotatoria;Una carreggiata a senso unico di marcia;Asciutto;Asfaltata;Verticale ed orizzontale;Sereno;Normale;Buona;Ore Diurne;0;0;0;2;12.62394;41.93842;-1;1;Autovettura privata;In marcia / fermata / arresto;Conducente;M;Illeso;0;;Non accertato;
2953085;5;06/09/2016 06:20;Strada Urbana;VIA TIBURTINA;all'intersezione con;VIA RUBELLIA;VIA RUBELLIA;;;Scontro laterale fra veicoli in marcia;Rotatoria;Una carreggiata a senso unico di marcia;Asciutto;Asfaltata;Verticale ed orizzontale;Sereno;Normale;Buona;Ore Diurne;0;0;0;2;12.62394;41.93842;-1;2;Autovettura privata;In marcia / fermata / arresto;Conducente;F;Illeso;0;;Non utilizzato;
2953108;9;06/09/2016 04:50;Statale;VIA APPIA NUOVA;da specificare;;;;poco dopo il km 14;Veicolo in marcia contro ostacolo fisso;Rettilineo;Due carreggiate;Asciutto;Asfaltata;Verticale ed orizzontale;Nuvoloso;Scarso;Insufficiente;Inesistente;1;0;0;1;12.5516;41.83656;-1;1;Autovettura privata;In marcia / fermata / arresto;Conducente;M;Rimandato;0;NON DECEDUTO;Non accertato;Esploso
2953108;9;06/09/2016 04:50;Statale;VIA APPIA NUOVA;da specificare;;;;poco dopo il km 14;Veicolo in marcia contro ostacolo fisso;Rettilineo;Due carreggiate;Asciutto;Asfaltata;Verticale ed orizzontale;Nuvoloso;Scarso;Insufficiente;Inesistente;1;0;0;1;12.5516;41.83656;-1;2;Autovettura privata;In marcia / fermata / arresto;Conducente;M;Illeso;0;;Non accertato;Inesploso
2953110;5;06/09/2016 07:40;Strada Urbana;VIA GIUSEPPE ANTONIO ANDRIULLI;da specificare;;;;incrocio A/24 direzione Via Prenestina;Tamponamento;Rettilineo;Due carreggiate;Asciutto;Asfaltata;Orizzontale;Sereno;Normale;Buona;Ore Diurne;0;0;0;2;12.55697;41.90172;-1;1;Autovettura privata;In marcia / fermata / arresto;Conducente;M;Illeso;0;;Non accertato;Inesploso
2953110;5;06/09/2016 07:40;Strada Urbana;VIA GIUSEPPE ANTONIO ANDRIULLI;da specificare;;;;incrocio A/24 direzione Via Prenestina;Tamponamento;Rettilineo;Due carreggiate;Asciutto;Asfaltata;Orizzontale;Sereno;Normale;Buona;Ore Diurne;0;0;0;2;12.55697;41.90172;-1;2;Altro;In marcia / fermata / arresto;Conducente;M;Illeso;0;;Non accertato;Inesploso
2953119;18;06/09/2016 20:30;Strada Urbana;VIA GREGORIO VII;in prossimità;;del civico n.;410;;Scontro frontale/laterale DX fra veicoli in marcia;Rettilineo;Due carreggiate;Asciutto;Asfaltata;Verticale ed orizzontale;Sereno;Normale;Sufficiente;Sufficiente;1;0;0;2;12.43461;41.89353;-1;1;Autovettura privata;In marcia / fermata / arresto;Conducente;M;Illeso;0;;Non accertato;Inesploso
2953119;18;06/09/2016 20:30;Strada Urbana;VIA GREGORIO VII;in prossimità;;del civico n.;410;;Scontro frontale/laterale DX fra veicoli in marcia;Rettilineo;Due carreggiate;Asciutto;Asfaltata;Verticale ed orizzontale;Sereno;Normale;Sufficiente;Sufficiente;1;0;0;2;12.43461;41.89353;-1;1;Autovettura privata;In marcia / fermata / arresto;Passeggero;M;Illeso;0;;Non accertato;Inesploso
2953119;18;06/09/2016 20:30;Strada Urbana;VIA GREGORIO VII;in prossimità;;del civico n.;410;;Scontro frontale/laterale DX fra veicoli in marcia;Rettilineo;Due carreggiate;Asciutto;Asfaltata;Verticale ed orizzontale;Sereno;Normale;Sufficiente;Sufficiente;1;0;0;2;12.43461;41.89353;-1;2;Motociclo a solo;In marcia / fermata / arresto;Conducente;M;Rimandato;0;NON DECEDUTO;Non accertato;
2953122;5;06/09/2016 08:00;Strada Urbana;VIA TIBURTINA;da specificare;;;;fronte civico 476;Scontro laterale fra veicoli in marcia;Curva a visuale libera;Una carreggiata a doppio senso;Asciutto;Asfaltata;Verticale ed orizzontale;Sereno;Normale;Buona;Ore Diurne;0;0;0;3;12.52791;41.91384;-1;1;Autovettura privata;In marcia / fermata / arresto;Conducente;F;Illeso;0;;Non accertato;Inesploso
2953122;5;06/09/2016 08:00;Strada Urbana;VIA TIBURTINA;da specificare;;;;fronte civico 476;Scontro laterale fra veicoli in marcia;Curva a visuale libera;Una carreggiata a doppio senso;Asciutto;Asfaltata;Verticale ed orizzontale;Sereno;Normale;Buona;Ore Diurne;0;0;0;3;12.52791;41.91384;-1;2;Autovettura privata;In marcia / fermata / arresto;Conducente;F;Illeso;0;;Non accertato;Inesploso
2953122;5;06/09/2016 08:00;Strada Urbana;VIA TIBURTINA;da specificare;;;;fronte civico 476;Scontro laterale fra veicoli in marcia;Curva a visuale libera;Una carreggiata a doppio senso;Asciutto;Asfaltata;Verticale ed orizzontale;Sereno;Normale;Buona;Ore Diurne;0;0;0;3;12.52791;41.91384;-1;2;Autovettura privata;In marcia / fermata / arresto;Passeggero;M;Illeso;0;;Non accertato;Inesploso
2953142;5;06/09/2016 11:30;Strada Urbana;VIA DI MARCO SIMONE;da specificare;;;;incrocio Via Todini (Guidonia);Infortunio per sola frenata improvvisa;Rettilineo;Una carreggiata a doppio senso;Asciutto;Asfaltata;Verticale ed orizzontale;Sereno;Normale;Buona;Ore Diurne;1;0;0;0;12.64343;41.95715;-1;1;Motociclo a solo;In marcia / fermata / arresto;Conducente;M;Rimandato;0;NON DECEDUTO;Non accertato;
2953144;11;06/09/2016 20:55;Strada Urbana;VIA SARZANA;all'intersezione con;VIALE VENTIMIGLIA;VIALE VENTIMIGLIA;;;Scontro frontale/laterale DX fra veicoli in marcia;Intersezione non regolata/non segnalata;Una carreggiata a doppio senso;Asciutto;Asfaltata;Verticale ed orizzontale;Sereno;Scarso;Buona;Sufficiente;0;0;0;2;12.43819;41.84179;-1;1;Autovettura privata;In marcia / fermata / arresto;Conducente;F;Illeso;0;;Non accertato;Inesploso
2953144;11;06/09/2016 20:55;Strada Urbana;VIA SARZANA;all'intersezione con;VIALE VENTIMIGLIA;VIALE VENTIMIGLIA;;;Scontro frontale/laterale DX fra veicoli in marcia;Intersezione non regolata/non segnalata;Una carreggiata a doppio senso;Asciutto;Asfaltata;Verticale ed orizzontale;Sereno;Scarso;Buona;Sufficiente;0;0;0;2;12.43819;41.84179;-1;2;Autovettura privata;In marcia / fermata / arresto;Conducente;M;Illeso;0;;Non accertato;Inesploso
2953155;13;06/09/2016 11:00;Strada Urbana;PIAZZA DEI RAVENNATI;all'intersezione con;PIAZZA DEI RAVENNATI;PIAZZA DEI RAVENNATI;;;Tamponamento;Incrocio;Una carreggiata a doppio senso;Asciutto;Asfaltata;Verticale ed orizzontale;Sereno;Normale;Buona;Ore Diurne;0;0;0;3;12.27654;41.72974;-1;1;Autovettura privata;In marcia / fermata / arresto;Conducente;F;Illeso;0;;Non accertato;Inesploso
2953155;13;06/09/2016 11:00;Strada Urbana;PIAZZA DEI RAVENNATI;all'intersezione con;PIAZZA DEI RAVENNATI;PIAZZA DEI RAVENNATI;;;Tamponamento;Incrocio;Una carreggiata a doppio senso;Asciutto;Asfaltata;Verticale ed orizzontale;Sereno;Normale;Buona;Ore Diurne;0;0;0;3;12.27654;41.72974;-1;1;Autovettura privata;In marcia / fermata / arresto;Passeggero;M;Illeso;0;;Non accertato;Inesploso
2953155;13;06/09/2016 11:00;Strada Urbana;PIAZZA DEI RAVENNATI;all'intersezione con;PIAZZA DEI RAVENNATI;PIAZZA DEI RAVENNATI;;;Tamponamento;Incrocio;Una carreggiata a doppio senso;Asciutto;Asfaltata;Verticale ed orizzontale;Sereno;Normale;Buona;Ore Diurne;0;0;0;3;12.27654;41.72974;-1;2;Autovettura privata;In marcia / fermata / arresto;Conducente;M;Illeso;0;;Non accertato;Inesploso
2953161;5;06/09/2016 23:40;Strada Urbana;VIA TIBURTINA;in corrispondenza;;del civico n.;1071/B;;Scontro laterale fra veicoli in marcia;Rettilineo;Due carreggiate;Asciutto;Asfaltata;Temporanea di cantiere;Sereno;Normale;Sufficiente;Sufficiente;0;0;0;6;12.58588;41.93264;-1;1;Autovettura privata;In marcia / fermata / arresto;Conducente;M;Illeso;0;;Non accertato;Inesploso
2953161;5;06/09/2016 23:40;Strada Urbana;VIA TIBURTINA;in corrispondenza;;del civico n.;1071/B;;Scontro laterale fra veicoli in marcia;Rettilineo;Due carreggiate;Asciutto;Asfaltata;Temporanea di cantiere;Sereno;Normale;Sufficiente;Sufficiente;0;0;0;6;12.58588;41.93264;-1;1;Autovettura privata;In marcia / fermata / arresto;Passeggero;M;Illeso;0;;Utilizzato;Inesploso
2953161;5;06/09/2016 23:40;Strada Urbana;VIA TIBURTINA;in corrispondenza;;del civico n.;1071/B;;Scontro laterale fra veicoli in marcia;Rettilineo;Due carreggiate;Asciutto;Asfaltata;Temporanea di cantiere;Sereno;Normale;Sufficiente;Sufficiente;0;0;0;6;12.58588;41.93264;-1;1;Autovettura privata;In marcia / fermata / arresto;Passeggero;M;Illeso;0;;Utilizzato;Inesploso
2953161;5;06/09/2016 23:40;Strada Urbana;VIA TIBURTINA;in corrispondenza;;del civico n.;1071/B;;Scontro laterale fra veicoli in marcia;Rettilineo;Due carreggiate;Asciutto;Asfaltata;Temporanea di cantiere;Sereno;Normale;Sufficiente;Sufficiente;0;0;0;6;12.58588;41.93264;-1;1;Autovettura privata;In marcia / fermata / arresto;Passeggero;M;Illeso;0;;Utilizzato;Inesploso
2953161;5;06/09/2016 23:40;Strada Urbana;VIA TIBURTINA;in corrispondenza;;del civico n.;1071/B;;Scontro laterale fra veicoli in marcia;Rettilineo;Due carreggiate;Asciutto;Asfaltata;Temporanea di cantiere;Sereno;Normale;Sufficiente;Sufficiente;0;0;0;6;12.58588;41.93264;-1;2;Autovettura di polizia;In marcia / fermata / arresto;Conducente;M;Illeso;0;;Non accertato;Inesploso
2953161;5;06/09/2016 23:40;Strada Urbana;VIA TIBURTINA;in corrispondenza;;del civico n.;1071/B;;Scontro laterale fra veicoli in marcia;Rettilineo;Due carreggiate;Asciutto;Asfaltata;Temporanea di cantiere;Sereno;Normale;Sufficiente;Sufficiente;0;0;0;6;12.58588;41.93264;-1;2;Autovettura di polizia;In marcia / fermata / arresto;Passeggero;M;Illeso;0;;Non accertato;Inesploso
2953164;10;06/09/2016 10:00;Strada Urbana;VIALE VATICANO;all'intersezione con;VIA LEONE IV;VIA LEONE IV;;;Scontro laterale fra veicoli in marcia;Incrocio;Una carreggiata a doppio senso;Asciutto;Asfaltata;Verticale ed orizzontale;Sereno;Intenso;Buona;Ore Diurne;0;0;0;3;12.44872;41.90434;-1;1;Motociclo a solo;In marcia / fermata / arresto;Conducente;M;Illeso;0;;Utilizzato;
2953164;10;06/09/2016 10:00;Strada Urbana;VIALE VATICANO;all'intersezione con;VIA LEONE IV;VIA LEONE IV;;;Scontro laterale fra veicoli in marcia;Incrocio;Una carreggiata a doppio senso;Asciutto;Asfaltata;Verticale ed orizzontale;Sereno;Intenso;Buona;Ore Diurne;0;0;0;3;12.44872;41.90434;-1;2;Autovettura pubblica;In marcia / fermata / arresto;Conducente;M;Illeso;0;;Non accertato;Inesploso
2953164;10;06/09/2016 10:00;Strada Urbana;VIALE VATICANO;all'intersezione con;VIA LEONE IV;VIA LEONE IV;;;Scontro laterale fra veicoli in marcia;Incrocio;Una carreggiata a doppio senso;Asciutto;Asfaltata;Verticale ed orizzontale;Sereno;Intenso;Buona;Ore Diurne;0;0;0;3;12.44872;41.90434;-1;3;Autovettura pubblica;In marcia / fermata / arresto;Conducente;M;Illeso;0;;Non accertato;Inesploso
2953170;5;06/09/2016 10:50;Strada Urbana;VIA TIBURTINA;in corrispondenza;;del civico n.;1360;;Scontro laterale fra veicoli in marcia;Rettilineo;Due carreggiate;Asciutto;Asfaltata;Orizzontale;Sereno;Normale;Buona;Ore Diurne;0;1;0;1;12.61889;41.93753;-1;1;Autovettura privata;In marcia / fermata / arresto;Conducente;M;Illeso;0;;Non accertato;
2953170;5;06/09/2016 10:50;Strada Urbana;VIA TIBURTINA;in corrispondenza;;del civico n.;1360;;Scontro laterale fra veicoli in marcia;Rettilineo;Due carreggiate;Asciutto;Asfaltata;Orizzontale;Sereno;Normale;Buona;Ore Diurne;0;1;0;1;12.61889;41.93753;-1;2;Motociclo a solo;In marcia / fermata / arresto;Conducente;M;Prognosi riservata;0;NON DECEDUTO;Non accertato;
2953172;7;06/09/2016 22:00;Strada Urbana;VIA DEI GELSI;all'intersezione con;VIA DEI GINEPRI;VIA DEI GINEPRI;;;Scontro frontale/laterale SX fra veicoli in marcia;Incrocio;Una carreggiata a senso unico di marcia;Asciutto;Asfaltata;Verticale ed orizzontale;Nuvoloso;Scarso;Buona;Ore Diurne;4;1;0;0;12.57059;41.88958;-1;1;Autovettura privata;In marcia / fermata / arresto;Conducente;M;Rifiuta cure immediate;0;NON DECEDUTO;Non accertato;Esploso
2953172;7;06/09/2016 22:00;Strada Urbana;VIA DEI GELSI;all'intersezione con;VIA DEI GINEPRI;VIA DEI GINEPRI;;;Scontro frontale/laterale SX fra veicoli in marcia;Incrocio;Una carreggiata a senso unico di marcia;Asciutto;Asfaltata;Verticale ed orizzontale;Nuvoloso;Scarso;Buona;Ore Diurne;4;1;0;0;12.57059;41.88958;-1;1;Autovettura privata;In marcia / fermata / arresto;Passeggero;M;Rifiuta cure immediate;0;NON DECEDUTO;Non accertato;Inesploso
2953172;7;06/09/2016 22:00;Strada Urbana;VIA DEI GELSI;all'intersezione con;VIA DEI GINEPRI;VIA DEI GINEPRI;;;Scontro frontale/laterale SX fra veicoli in marcia;Incrocio;Una carreggiata a senso unico di marcia;Asciutto;Asfaltata;Verticale ed orizzontale;Nuvoloso;Scarso;Buona;Ore Diurne;4;1;0;0;12.57059;41.88958;-1;2;Motociclo a solo;In marcia / fermata / arresto;Conducente;M;Rimandato;0;NON DECEDUTO;Non accertato;
2953172;7;06/09/2016 22:00;Strada Urbana;VIA DEI GELSI;all'intersezione con;VIA DEI GINEPRI;VIA DEI GINEPRI;;;Scontro frontale/laterale SX fra veicoli in marcia;Incrocio;Una carreggiata a senso unico di marcia;Asciutto;Asfaltata;Verticale ed orizzontale;Nuvoloso;Scarso;Buona;Ore Diurne;4;1;0;0;12.57059;41.88958;-1;2;Motociclo a solo;In marcia / fermata / arresto;Passeggero;F;Prognosi riservata;0;NON DECEDUTO;Non accertato;
2953175;20;06/09/2016 19:45;Strada Urbana;VIA VALBONDIONE;in corrispondenza;;del civico n.;35;;Scontro frontale/laterale DX fra veicoli in marcia;Rettilineo;Due carreggiate;Asciutto;Asfaltata;Assente;Sereno;Normale;Sufficiente;Sufficiente;1;0;0;1;12.47688;41.99444;-1;1;Autovettura privata;In marcia / fermata / arresto;Conducente;M;Illeso;0;;Non accertato;Inesploso
2953175;20;06/09/2016 19:45;Strada Urbana;VIA VALBONDIONE;in corrispondenza;;del civico n.;35;;Scontro frontale/laterale DX fra veicoli in marcia;Rettilineo;Due carreggiate;Asciutto;Asfaltata;Assente;Sereno;Normale;Sufficiente;Sufficiente;1;0;0;1;12.47688;41.99444;-1;2;Autovettura privata;In marcia / fermata / arresto;Conducente;M;Rifiuta cure immediate;0;NON DECEDUTO;Non accertato;Inesploso
2953176;20;06/09/2016 18:00;Strada Urbana;CORSO DI FRANCIA;all'intersezione semaforizzata con;VIA FLAMINIA NUOVA;VIA FLAMINIA NUOVA;;;Scontro laterale fra veicoli in marcia;Intersezione semaforizzata;Una carreggiata a senso unico di marcia;Asciutto;Asfaltata;Verticale ed orizzontale;Sereno;Normale;Buona;Ore Diurne;0;0;0;3;12.47168;41.93671;-1;1;Autovettura privata;In marcia / fermata / arresto;Conducente;M;Illeso;0;;;
2953176;20;06/09/2016 18:00;Strada Urbana;CORSO DI FRANCIA;all'intersezione semaforizzata con;VIA FLAMINIA NUOVA;VIA FLAMINIA NUOVA;;;Scontro laterale fra veicoli in marcia;Intersezione semaforizzata;Una carreggiata a senso unico di marcia;Asciutto;Asfaltata;Verticale ed orizzontale;Sereno;Normale;Buona;Ore Diurne;0;0;0;3;12.47168;41.93671;-1;1;Autovettura privata;In marcia / fermata / arresto;Passeggero;F;Illeso;0;;;
2953176;20;06/09/2016 18:00;Strada Urbana;CORSO DI FRANCIA;all'intersezione semaforizzata con;VIA FLAMINIA NUOVA;VIA FLAMINIA NUOVA;;;Scontro laterale fra veicoli in marcia;Intersezione semaforizzata;Una carreggiata a senso unico di marcia;Asciutto;Asfaltata;Verticale ed orizzontale;Sereno;Normale;Buona;Ore Diurne;0;0;0;3;12.47168;41.93671;-1;2;Autovettura privata;In marcia / fermata / arresto;Conducente;M;Illeso;0;;;Inesploso
2953179;20;06/09/2016 17:10;Strada Urbana;VIA DI VALLE MURICANA;in corrispondenza;;del civico n.;367;;Veicolo in marcia contro veicolo in sosta;Curva a visuale libera;Una carreggiata a doppio senso;Asciutto;Asfaltata;Verticale ed orizzontale;Nuvoloso;Scarso;Buona;Ore Diurne;0;0;0;1;12.47023;42.02008;-1;1;Autovettura privata;In marcia / fermata / arresto;Conducente;F;Illeso;0;;Non accertato;Inesploso
2953189;7;06/09/2016 08:40;Strada Urbana;VIALE PALMIRO TOGLIATTI;in corrispondenza;;del civico n.;632;;Scontro laterale fra veicoli in marcia;Rettilineo;Due carreggiate;Asciutto;Asfaltata;Orizzontale;Sereno;Normale;Buona;Ore Diurne;1;0;0;1;12.57264;41.87784;-1;1;Autovettura privata;In marcia / fermata / arresto;Conducente;F;Illeso;0;;;Inesploso
2953189;7;06/09/2016 08:40;Strada Urbana;VIALE PALMIRO TOGLIATTI;in corrispondenza;;del civico n.;632;;Scontro laterale fra veicoli in marcia;Rettilineo;Due carreggiate;Asciutto;Asfaltata;Orizzontale;Sereno;Normale;Buona;Ore Diurne;1;0;0;1;12.57264;41.87784;-1;2;Motociclo a solo;In marcia / fermata / arresto;Conducente;M;Rimandato;0;NON DECEDUTO;Non accertato;
2953201;19;06/09/2016 10:30;Strada Urbana;VIA DELLA PINETA SACCHETTI;in prossimità;;del civico n.;203;;Scontro laterale fra veicoli in marcia;Rettilineo;Una carreggiata a senso unico di marcia;Asciutto;Asfaltata;Orizzontale;Sereno;Normale;Buona;Ore Diurne;0;0;0;4;12.42606;41.92831;-1;1;Autovettura privata;In marcia / fermata / arresto;Conducente;M;Illeso;0;;;
2953201;19;06/09/2016 10:30;Strada Urbana;VIA DELLA PINETA SACCHETTI;in prossimità;;del civico n.;203;;Scontro laterale fra veicoli in marcia;Rettilineo;Una carreggiata a senso unico di marcia;Asciutto;Asfaltata;Orizzontale;Sereno;Normale;Buona;Ore Diurne;0;0;0;4;12.42606;41.92831;-1;1;Autovettura privata;In marcia / fermata / arresto;Passeggero;M;Illeso;0;;;
2953201;19;06/09/2016 10:30;Strada Urbana;VIA DELLA PINETA SACCHETTI;in prossimità;;del civico n.;203;;Scontro laterale fra veicoli in marcia;Rettilineo;Una carreggiata a senso unico di marcia;Asciutto;Asfaltata;Orizzontale;Sereno;Normale;Buona;Ore Diurne;0;0;0;4;12.42606;41.92831;-1;1;Autovettura privata;In marcia / fermata / arresto;Passeggero;F;Illeso;0;;;
2953201;19;06/09/2016 10:30;Strada Urbana;VIA DELLA PINETA SACCHETTI;in prossimità;;del civico n.;203;;Scontro laterale fra veicoli in marcia;Rettilineo;Una carreggiata a senso unico di marcia;Asciutto;Asfaltata;Orizzontale;Sereno;Normale;Buona;Ore Diurne;0;0;0;4;12.42606;41.92831;-1;2;Motociclo a solo;In marcia / fermata / arresto;Conducente;M;Illeso;0;;;
2953209;20;07/09/2016 01:20;Strada Urbana;VIA NEMORENSE;all'intersezione con;VIA ANAPO;VIA ANAPO;;;Scontro laterale fra veicoli in marcia;Intersezione semaforizzata;Una carreggiata a doppio senso;Asciutto;Asfaltata;Verticale ed orizzontale;Sereno;Scarso;Buona;Sufficiente;2;0;0;0;12.51062;41.92711;-1;1;Autovettura privata;In marcia / fermata / arresto;Conducente;M;Rimandato;0;NON DECEDUTO;Non accertato;
2953209;20;07/09/2016 01:20;Strada Urbana;VIA NEMORENSE;all'intersezione con;VIA ANAPO;VIA ANAPO;;;Scontro laterale fra veicoli in marcia;Intersezione semaforizzata;Una carreggiata a doppio senso;Asciutto;Asfaltata;Verticale ed orizzontale;Sereno;Scarso;Buona;Sufficiente;2;0;0;0;12.51062;41.92711;-1;2;Motociclo a solo;In marcia / fermata / arresto;Conducente;M;Rimandato;0;NON DECEDUTO;Non accertato;
2953220;9;06/09/2016 19:00;Strada Urbana;VIA CASILINA;da specificare;;;;prossimità PIAZZALE LABICANO;Tamponamento;Rettilineo;Due carreggiate;Asciutto;Asfaltata;Verticale ed orizzontale;Nuvoloso;Normale;Buona;Ore Diurne;1;0;0;1;12.51559;41.89115;-1;1;Autovettura privata;In marcia / fermata / arresto;Conducente;M;Illeso;0;;Non accertato;Inesploso
2953220;9;06/09/2016 19:00;Strada Urbana;VIA CASILINA;da specificare;;;;prossimità PIAZZALE LABICANO;Tamponamento;Rettilineo;Due carreggiate;Asciutto;Asfaltata;Verticale ed orizzontale;Nuvoloso;Normale;Buona;Ore Diurne;1;0;0;1;12.51559;41.89115;-1;2;Autovettura privata;In marcia / fermata / arresto;Conducente;M;Rimandato;0;NON DECEDUTO;Non accertato;Inesploso
2953227;7;05/09/2016 22:30;Strada Urbana;VIALE BRUNO PELIZZI;in prossimità;;del civico n.;125;;Veicolo in marcia contro veicoli in sosta;Curva senza visuale libera;Due carreggiate;Bagnato (pioggia);Asfaltata;Assente;Pioggia in atto;Scarso;Buona;Sufficiente;0;0;0;1;12.58082;41.85867;-1;1;Autovettura privata;In marcia / fermata / arresto;Conducente;M;Illeso;0;;Non accertato;Inesploso
2953232;9;07/09/2016 07:10;Strada Urbana;VIA APPIA NUOVA;da specificare;;;;altezza palo Acea 751;Veicolo in marcia contro ostacolo accidentale;Rettilineo;Due carreggiate;Asciutto;Asfaltata;Assente;Sereno;Intenso;Buona;Ore Diurne;0;0;0;1;12.53452;41.86019;-1;1;Autovettura privata;In marcia / fermata / arresto;Conducente;M;Illeso;0;;;
2953244;13;06/09/2016 14:30;Strada Urbana;VIA ERMANNO WOLF FERRARI;all'intersezione con;VIA VITTORIO GUI;VIA VITTORIO GUI;;;Veicolo in marcia contro ostacolo fisso;Incrocio;Una carreggiata a doppio senso;Asciutto;Asfaltata;Assente;Sereno;Normale;Buona;Ore Diurne;1;0;0;0;12.37794;41.74817;-1;1;Motociclo con passeggero;In marcia / fermata / arresto;Conducente;M;Rimandato;0;NON DECEDUTO;Non accertato;
2953248;1;06/09/2016 16:45;Strada Urbana;PIAZZALE NUMA POMPILIO;all'intersezione semaforizzata con;VIALE DELLE TERME DI CARACALLA;VIALE DELLE TERME DI CARACALLA;;;Scontro laterale fra veicoli in marcia;Intersezione semaforizzata;Una carreggiata a doppio senso;Asciutto;Asfaltata;Verticale ed orizzontale;Sereno;Normale;Buona;Ore Diurne;0;0;0;2;12.49567;41.8796;-1;1;Autovettura privata;In marcia / fermata / arresto;Conducente;M;Illeso;0;;Non accertato;