Protocollo;Gruppo;DataOraIncidente;Localizzazione1;STRADA1;Localizzazione2;STRADA2;Strada02;Chilometrica;DaSpecificare;NaturaIncidente;particolaritastrade;TipoStrada;FondoStradale;Pavimentazione;Segnaletica;CondizioneAtmosferica;Traffico;Visibilita;Illuminazione;NUM_FERITI;NUM_RISERVATA;NUM_MORTI;NUM_ILLESI;Longitudine;Latitudine;Confermato;Progressivo;TipoVeicolo;StatoVeicolo;TipoPersona;Sesso;Tipolesione;Deceduto;DecedutoDopo;CinturaCascoUtilizzato;Airbag
2955385;1;08/09/2016 11:10;Strada Urbana;VIA CAVOUR;in corrispondenza;;del civico n.;219;;Veicolo in marcia contro ostacolo accidentale;Rettilineo;Una carreggiata a doppio senso;Asciutto;Asfaltata;Verticale ed orizzontale;Sereno;Intenso;Buona;Ore Diurne;1;0;0;0;12.49187;41.89445;-1;2;Velocipede;In marcia / fermata / arresto;Conducente;F;Rimandato;0;NON DECEDUTO;Esente;
2955398;12;07/09/2016 07:55;Strada Urbana;VIA CRISTOFORO COLOMBO;in corrispondenza;;del palo luce n.;536;;Tamponamento;Rettilineo;Due carreggiate;Asciutto;Asfaltata;Verticale ed orizzontale;Sereno;Normale;Buona;Ore Diurne;1;0;0;1;12.46461;41.82487;-1;1;Motociclo a solo;In marcia / fermata / arresto;Conducente;M;Rimandato;0;NON DECEDUTO;Non accertato;
2955398;12;07/09/2016 07:55;Strada Urbana;VIA CRISTOFORO COLOMBO;in corrispondenza;;del palo luce n.;536;;Tamponamento;Rettilineo;Due carreggiate;Asciutto;Asfaltata;Verticale ed orizzontale;Sereno;Normale;Buona;Ore Diurne;1;0;0;1;12.46461;41.82487;-1;2;Autovettura privata;In marcia / fermata / arresto;Conducente;M;Illeso;0;;Utilizzato;Inesploso
2955449;2;08/09/2016 12:15;Strada Urbana;VIA NOMENTANA;da specificare;;;;altezza Via Cagliari;Tamponamento;Rettilineo;Due carreggiate;Asciutto;Asfaltata;Verticale ed orizzontale;Sereno;Normale;Buona;Ore Diurne;1;0;0;1;12.50492;41.91204;-1;1;Autovettura privata;In marcia / fermata / arresto;Conducente;M;Illeso;0;;Non accertato;Inesploso
2955449;2;08/09/2016 12:15;Strada Urbana;VIA NOMENTANA;da specificare;;;;altezza Via Cagliari;Tamponamento;Rettilineo;Due carreggiate;Asciutto;Asfaltata;Verticale ed orizzontale;Sereno;Normale;Buona;Ore Diurne;1;0;0;1;12.50492;41.91204;-1;2;Autovettura privata;In marcia / fermata / arresto;Conducente;F;Rimandato;0;NON DECEDUTO;;
2955530;9;08/09/2016 09:10;Strada Urbana;VIA LATINA;all'intersezione con;VIA DI VILLA AQUARI;VIA DI VILLA AQUARI;;;Scontro laterale fra veicoli in marcia;Intersezione stradale segnalata;Una carreggiata a senso unico di marcia;Asciutto;Asfaltata;Verticale;Sereno;Intenso;Buona;Ore Diurne;1;0;0;1;12.94139;41.73978;-1;1;Autovettura privata;In marcia / fermata / arresto;Conducente;F;Illeso;0;;Non accertato;Inesploso
2955530;9;08/09/2016 09:10;Strada Urbana;VIA LATINA;all'intersezione con;VIA DI VILLA AQUARI;VIA DI VILLA AQUARI;;;Scontro laterale fra veicoli in marcia;Intersezione stradale segnalata;Una carreggiata a senso unico di marcia;Asciutto;Asfaltata;Verticale;Sereno;Intenso;Buona;Ore Diurne;1;0;0;1;12.94139;41.73978;-1;2;Motociclo a solo;In marcia / fermata / arresto;Conducente;M;Rimandato;0;NON DECEDUTO;Non accertato;
2955531;10;08/09/2016 12:20;Strada Urbana;VIA DEL CASALE AGOSTINELLI;in corrispondenza;;del civico n.;108;;Scontro frontale/laterale SX fra veicoli in marcia;Rettilineo;Una carreggiata a doppio senso;Asciutto;Asfaltata;Assente;Sereno;Normale;Buona;Ore Diurne;1;0;0;2;12.60436;41.81344;-1;1;Autovettura privata;In marcia / fermata / arresto;Conducente;F;Illeso;0;;Non accertato;Inesploso
2955531;10;08/09/2016 12:20;Strada Urbana;VIA DEL CASALE AGOSTINELLI;in corrispondenza;;del civico n.;108;;Scontro frontale/laterale SX fra veicoli in marcia;Rettilineo;Una carreggiata a doppio senso;Asciutto;Asfaltata;Assente;Sereno;Normale;Buona;Ore Diurne;1;0;0;2;12.60436;41.81344;-1;1;Autovettura privata;In marcia / fermata / arresto;Passeggero;F;Rimandato;0;NON DECEDUTO;Non utilizzato;Inesistente
2955531;10;08/09/2016 12:20;Strada Urbana;VIA DEL CASALE AGOSTINELLI;in corrispondenza;;del civico n.;108;;Scontro frontale/laterale SX fra veicoli in marcia;Rettilineo;Una carreggiata a doppio senso;Asciutto;Asfaltata;Assente;Sereno;Normale;Buona;Ore Diurne;1;0;0;2;12.60436;41.81344;-1;2;Autovettura privata;In marcia / fermata / arresto;Conducente;M;Illeso;0;;Non accertato;Inesploso
2955587;9;08/09/2016 15:00;Strada Urbana;VIA NUMANZIA;all'intersezione semaforizzata con;VIA LATINA;VIA LATINA;;;Scontro frontale/laterale DX fra veicoli in marcia;Intersezione semaforizzata;Una carreggiata a senso unico di marcia;Asciutto;Asfaltata;Verticale ed orizzontale;Sereno;Normale;Buona;Ore Diurne;0;0;0;2;12.51179;41.87373;-1;1;Autovettura privata;In marcia / fermata / arresto;Conducente;M;Illeso;0;;;
2955587;9;08/09/2016 15:00;Strada Urbana;VIA NUMANZIA;all'intersezione semaforizzata con;VIA LATINA;VIA LATINA;;;Scontro frontale/laterale DX fra veicoli in marcia;Intersezione semaforizzata;Una carreggiata a senso unico di marcia;Asciutto;Asfaltata;Verticale ed orizzontale;Sereno;Normale;Buona;Ore Diurne;0;0;0;2;12.51179;41.87373;-1;2;Autovettura privata;In marcia / fermata / arresto;Conducente;M;Illeso;0;;Non accertato;
2955696;15;08/09/2016 10:30;Strada Urbana;VIA DI MONTE CUCCO;all'intersezione con;VIA DEL TRULLO;VIA DEL TRULLO;;;Scontro frontale/laterale SX fra veicoli in marcia;Intersezione non regolata/non segnalata;Una carreggiata a doppio senso;Asciutto;Asfaltata;Verticale ed orizzontale;Sereno;Normale;Buona;Ore Diurne;1;0;0;1;12.43901;41.84342;-1;1;Autovettura privata;In marcia / fermata / arresto;Conducente;M;Illeso;0;;Utilizzato;Inesploso
2955696;15;08/09/2016 10:30;Strada Urbana;VIA DI MONTE CUCCO;all'intersezione con;VIA DEL TRULLO;VIA DEL TRULLO;;;Scontro frontale/laterale SX fra veicoli in marcia;Intersezione non regolata/non segnalata;Una carreggiata a doppio senso;Asciutto;Asfaltata;Verticale ed orizzontale;Sereno;Normale;Buona;Ore Diurne;1;0;0;1;12.43901;41.84342;-1;2;Motociclo a solo;In marcia / fermata / arresto;Conducente;F;Rimandato;0;NON DECEDUTO;Utilizzato;
2955757;2;08/09/2016 16:45;Strada Urbana;CIRCONVALLAZIONE SALARIA;da specificare;;;;dir.Foro Italico, 80 mt dopo svinc. Salaria G.R.A.;Ribaltamento senza urto contro ostacolo fisso;Rettilineo;Più di due carreggiate;Asciutto;Asfaltata;Verticale ed orizzontale;Sereno;Normale;Buona;Ore Diurne;1;0;0;0;12.50949;41.93794;-1;1;Motociclo a solo;In marcia / fermata / arresto;Conducente;M;Rimandato;0;NON DECEDUTO;;
2955761;9;08/09/2016 18:10;Strada Urbana;VIA ACAIA;da specificare;;;;prossimità via Satrico;Tamponamento Multiplo;Rettilineo;Una carreggiata a doppio senso;Asciutto;Asfaltata;Verticale ed orizzontale;Sereno;Intenso;Buona;Ore Diurne;1;0;0;2;12.50811;41.87665;-1;1;Autovettura privata;In marcia / fermata / arresto;Conducente;M;Illeso;0;;;
2955761;9;08/09/2016 18:10;Strada Urbana;VIA ACAIA;da specificare;;;;prossimità via Satrico;Tamponamento Multiplo;Rettilineo;Una carreggiata a doppio senso;Asciutto;Asfaltata;Verticale ed orizzontale;Sereno;Intenso;Buona;Ore Diurne;1;0;0;2;12.50811;41.87665;-1;2;Motociclo a solo;In marcia / fermata / arresto;Conducente;M;Rimandato;0;NON DECEDUTO;Non accertato;
2955761;9;08/09/2016 18:10;Strada Urbana;VIA ACAIA;da specificare;;;;prossimità via Satrico;Tamponamento Multiplo;Rettilineo;Una carreggiata a doppio senso;Asciutto;Asfaltata;Verticale ed orizzontale;Sereno;Intenso;Buona;Ore Diurne;1;0;0;2;12.50811;41.87665;-1;3;Motociclo a solo;In marcia / fermata / arresto;Conducente;M;Illeso;0;;;
2955808;18;08/09/2016 15:45;Strada Urbana;VIA DI BOCCEA;in corrispondenza;;del civico n.;530;;Ribaltamento senza urto contro ostacolo fisso;Rettilineo;Una carreggiata a doppio senso;Asciutto;Asfaltata;Orizzontale;Sereno;Normale;Buona;Ore Diurne;1;0;0;1;12.379;41.91647;-1;1;Motociclo a solo;In marcia / fermata / arresto;Conducente;M;Rimandato;0;NON DECEDUTO;Non accertato;
2955808;18;08/09/2016 15:45;Strada Urbana;VIA DI BOCCEA;in corrispondenza;;del civico n.;530;;Ribaltamento senza urto contro ostacolo fisso;Rettilineo;Una carreggiata a doppio senso;Asciutto;Asfaltata;Orizzontale;Sereno;Normale;Buona;Ore Diurne;1;0;0;1;12.379;41.91647;-1;2;Autocarro inferiore 35 q.;In marcia / fermata / arresto;Conducente;F;Illeso;0;;Non accertato;Inesploso
2955831;6;08/09/2016 13:40;Strada Urbana;VIA ROBERTO MALATESTA;in corrispondenza;;del civico n.;168/170;;Veicolo in marcia contro veicolo in sosta;Rettilineo;Due carreggiate;Asciutto;Asfaltata;Verticale;Nuvoloso;Normale;Buona;Ore Diurne;0;0;0;1;12.5392;41.88734;-1;1;Autovettura privata;In marcia / fermata / arresto;Conducente;M;Illeso;0;;;
2955832;7;08/09/2016 18:30;Strada Urbana;VIA MARCELLO BOGLIONE;all'intersezione con;VIA GIOVANNI CAPRANESI;VIA GIOVANNI CAPRANESI;;;Scontro frontale/laterale DX fra veicoli in marcia;Incrocio;Due carreggiate;Asciutto;Asfaltata;Verticale;Sereno;Normale;Buona;Ore Diurne;0;0;0;2;12.61084;41.90076;-1;1;Autocarro inferiore 35 q.;In marcia / fermata / arresto;Conducente;M;Illeso;0;;Non accertato;Inesploso
2955832;7;08/09/2016 18:30;Strada Urbana;VIA MARCELLO BOGLIONE;all'intersezione con;VIA GIOVANNI CAPRANESI;VIA GIOVANNI CAPRANESI;;;Scontro frontale/laterale DX fra veicoli in marcia;Incrocio;Due carreggiate;Asciutto;Asfaltata;Verticale;Sereno;Normale;Buona;Ore Diurne;0;0;0;2;12.61084;41.90076;-1;2;Autovettura privata;In marcia / fermata / arresto;Conducente;M;Illeso;0;;Non accertato;Inesploso
2955839;6;08/09/2016 16:50;Strada Urbana;VIA CASILINA;in corrispondenza;;del civico n.;442;;Tamponamento Multiplo;Rettilineo;Due carreggiate;Asciutto;Asfaltata;Assente;Nuvoloso;Normale;Buona;Ore Diurne;0;0;0;4;12.54389;41.87934;-1;1;Autovettura di polizia;In marcia / fermata / arresto;Conducente;M;Illeso;0;;Non accertato;Inesploso
2955839;6;08/09/2016 16:50;Strada Urbana;VIA CASILINA;in corrispondenza;;del civico n.;442;;Tamponamento Multiplo;Rettilineo;Due carreggiate;Asciutto;Asfaltata;Assente;Nuvoloso;Normale;Buona;Ore Diurne;0;0;0;4;12.54389;41.87934;-1;1;Autovettura di polizia;In marcia / fermata / arresto;Passeggero;M;Illeso;0;;;
2955839;6;08/09/2016 16:50;Strada Urbana;VIA CASILINA;in corrispondenza;;del civico n.;442;;Tamponamento Multiplo;Rettilineo;Due carreggiate;Asciutto;Asfaltata;Assente;Nuvoloso;Normale;Buona;Ore Diurne;0;0;0;4;12.54389;41.87934;-1;2;Autovettura privata;In marcia / fermata / arresto;Conducente;M;Illeso;0;;Non accertato;
2955839;6;08/09/2016 16:50;Strada Urbana;VIA CASILINA;in corrispondenza;;del civico n.;442;;Tamponamento Multiplo;Rettilineo;Due carreggiate;Asciutto;Asfaltata;Assente;Nuvoloso;Normale;Buona;Ore Diurne;0;0;0;4;12.54389;41.87934;-1;3;Autovettura privata;In marcia / fermata / arresto;Conducente;F;Illeso;0;;Non accertato;Inesistente
2955937;6;08/09/2016 18:43;Strada Urbana;VIA GABRINO FONDULO;in corrispondenza;;del civico n.;109;;Investimento di pedone;Rettilineo;Una carreggiata a senso unico di marcia;Asciutto;Asfaltata;Assente;Sereno;Normale;Buona;Ore Diurne;1;0;0;2;12.5395;41.88663;-1;;;;Pedone;F;Rifiuta cure immediate;0;NON DECEDUTO;;
2955937;6;08/09/2016 18:43;Strada Urbana;VIA GABRINO FONDULO;in corrispondenza;;del civico n.;109;;Investimento di pedone;Rettilineo;Una carreggiata a senso unico di marcia;Asciutto;Asfaltata;Assente;Sereno;Normale;Buona;Ore Diurne;1;0;0;2;12.5395;41.88663;-1;1;Autovettura privata;In marcia / fermata / arresto;Conducente;M;Illeso;0;;;
2955937;6;08/09/2016 18:43;Strada Urbana;VIA GABRINO FONDULO;in corrispondenza;;del civico n.;109;;Investimento di pedone;Rettilineo;Una carreggiata a senso unico di marcia;Asciutto;Asfaltata;Assente;Sereno;Normale;Buona;Ore Diurne;1;0;0;2;12.5395;41.88663;-1;1;Autovettura privata;In marcia / fermata / arresto;Passeggero;F;Illeso;0;;Non accertato;
2956144;9;08/09/2016 18:45;Strada Urbana;VIA PINEROLO;in prossimità;;del civico n.;9;;Investimento di pedone;Rettilineo;Una carreggiata a doppio senso;Asciutto;Asfaltata;Verticale ed orizzontale;Sereno;Intenso;Buona;Sufficiente;1;0;0;1;12.51566;41.88235;-1;;;;Pedone;F;Rimandato;0;NON DECEDUTO;;
2956144;9;08/09/2016 18:45;Strada Urbana;VIA PINEROLO;in prossimità;;del civico n.;9;;Investimento di pedone;Rettilineo;Una carreggiata a doppio senso;Asciutto;Asfaltata;Verticale ed orizzontale;Sereno;Intenso;Buona;Sufficiente;1;0;0;1;12.51566;41.88235;-1;1;Autovettura privata;In marcia / fermata / arresto;Conducente;M;Illeso;0;;Non accertato;Inesploso
2956201;15;08/09/2016 09:55;Strada Urbana;VIA ODERISI DA GUBBIO;in corrispondenza;;del civico n.;71;;Investimento di pedone;Rettilineo;Una carreggiata a doppio senso;Asciutto;Asfaltata;Orizzontale;Sereno;Normale;Buona;Ore Diurne;1;0;0;2;12.46605;41.86637;-1;;;;Pedone;F;Rimandato;0;NON DECEDUTO;;
2956201;15;08/09/2016 09:55;Strada Urbana;VIA ODERISI DA GUBBIO;in corrispondenza;;del civico n.;71;;Investimento di pedone;Rettilineo;Una carreggiata a doppio senso;Asciutto;Asfaltata;Orizzontale;Sereno;Normale;Buona;Ore Diurne;1;0;0;2;12.46605;41.86637;-1;1;Autovettura privata;In marcia / fermata / arresto;Conducente;F;Illeso;0;;Non accertato;Inesploso
2956201;15;08/09/2016 09:55;Strada Urbana;VIA ODERISI DA GUBBIO;in corrispondenza;;del civico n.;71;;Investimento di pedone;Rettilineo;Una carreggiata a doppio senso;Asciutto;Asfaltata;Orizzontale;Sereno;Normale;Buona;Ore Diurne;1;0;0;2;12.46605;41.86637;-1;1;Autovettura privata;In marcia / fermata / arresto;Passeggero;F;Illeso;0;;Non accertato;Inesploso
2956208;11;08/09/2016 11:40;Strada Urbana;VIA EUSEBIO CHINI;da specificare;;;;in prossimità del civ.63;Veicolo in marcia contro veicolo in sosta;Rettilineo;Una carreggiata a doppio senso;Asciutto;Asfaltata;Verticale ed orizzontale;Sereno;Normale;Buona;Ore Diurne;0;0;0;1;12.50112;41.86249;-1;1;Autovettura privata;In marcia / fermata / arresto;Conducente;M;Illeso;0;;Non accertato;Inesploso
2956216;5;08/09/2016 15:35;Strada Urbana;VIA TIBURTINA;in prossimità;;del civico n.;1292;;Tamponamento;Rettilineo;Due carreggiate;Asciutto;Asfaltata;Verticale ed orizzontale;Sereno;Normale;Buona;Ore Diurne;0;0;0;2;12.61143;41.93529;-1;1;Autobus di linea;In marcia / fermata / arresto;Conducente;M;Illeso;0;;Non accertato;Inesploso
2956216;5;08/09/2016 15:35;Strada Urbana;VIA TIBURTINA;in prossimità;;del civico n.;1292;;Tamponamento;Rettilineo;Due carreggiate;Asciutto;Asfaltata;Verticale ed orizzontale;Sereno;Normale;Buona;Ore Diurne;0;0;0;2;12.61143;41.93529;-1;2;Autovettura pubblica;In marcia / fermata / arresto;Conducente;M;Illeso;0;;Non accertato;Inesploso
2956227;15;08/09/2016 19:45;Strada Urbana;VIA DELLA MAGLIANA;all'intersezione con;VIA SCARPERIA;VIA SCARPERIA;;;Investimento di pedone;Incrocio;Una carreggiata a doppio senso;Asciutto;Asfaltata;Verticale ed orizzontale;Sereno;Normale;Sufficiente;Ore Diurne;1;0;0;1;12.42401;41.83394;-1;;;;Pedone;F;Rimandato;0;NON DECEDUTO;;
2956227;15;08/09/2016 19:45;Strada Urbana;VIA DELLA MAGLIANA;all'intersezione con;VIA SCARPERIA;VIA SCARPERIA;;;Investimento di pedone;Incrocio;Una carreggiata a doppio senso;Asciutto;Asfaltata;Verticale ed orizzontale;Sereno;Normale;Sufficiente;Ore Diurne;1;0;0;1;12.42401;41.83394;-1;1;Ciclomotore;In marcia / fermata / arresto;Conducente;F;Illeso;0;;Utilizzato;
2956241;5;08/09/2016 16:40;Strada Urbana;VIA DEI MONTI TIBURTINI;da specificare;;;;500 metri dopo distributore ESSO direz. Tiburtina;Tamponamento Multiplo;Rettilineo;Due carreggiate;Asciutto;Asfaltata;Verticale ed orizzontale;Sereno;Normale;Buona;Ore Diurne;0;0;0;4;12.55233;41.91381;-1;1;Autovettura privata;In marcia / fermata / arresto;Conducente;M;Illeso;0;;;
2956241;5;08/09/2016 16:40;Strada Urbana;VIA DEI MONTI TIBURTINI;da specificare;;;;500 metri dopo distributore ESSO direz. Tiburtina;Tamponamento Multiplo;Rettilineo;Due carreggiate;Asciutto;Asfaltata;Verticale ed orizzontale;Sereno;Normale;Buona;Ore Diurne;0;0;0;4;12.55233;41.91381;-1;1;Autovettura privata;In marcia / fermata / arresto;Passeggero;F;Illeso;0;;Non accertato;Inesploso
2956241;5;08/09/2016 16:40;Strada Urbana;VIA DEI MONTI TIBURTINI;da specificare;;;;500 metri dopo distributore ESSO direz. Tiburtina;Tamponamento Multiplo;Rettilineo;Due carreggiate;Asciutto;Asfaltata;Verticale ed orizzontale;Sereno;Normale;Buona;Ore Diurne;0;0;0;4;12.55233;41.91381;-1;2;Autovettura privata;In marcia / fermata / arresto;Conducente;M;Illeso;0;;Non accertato;Inesploso
2956241;5;08/09/2016 16:40;Strada Urbana;VIA DEI MONTI TIBURTINI;da specificare;;;;500 metri dopo distributore ESSO direz. Tiburtina;Tamponamento Multiplo;Rettilineo;Due carreggiate;Asciutto;Asfaltata;Verticale ed orizzontale;Sereno;Normale;Buona;Ore Diurne;0;0;0;4;12.55233;41.91381;-1;3;Autovettura privata;In marcia / fermata / arresto;Conducente;M;Illeso;0;;Non accertato;Inesploso
2956243;15;08/09/2016 15:45;Strada Urbana;VIA PORTUENSE;all'intersezione semaforizzata con;VIA DEL TRULLO;VIA DEL TRULLO;;;Scontro laterale fra veicoli in marcia;Intersezione semaforizzata;Due carreggiate;Asciutto;Asfaltata;Verticale ed orizzontale;Sereno;Normale;Buona;Ore Diurne;0;0;0;2;12.40847;41.84322;-1;1;Autovettura privata;In marcia / fermata / arresto;Conducente;M;Illeso;0;;;
2956243;15;08/09/2016 15:45;Strada Urbana;VIA PORTUENSE;all'intersezione semaforizzata con;VIA DEL TRULLO;VIA DEL TRULLO;;;Scontro laterale fra veicoli in marcia;Intersezione semaforizzata;Due carreggiate;Asciutto;Asfaltata;Verticale ed orizzontale;Sereno;Normale;Buona;Ore Diurne;0;0;0;2;12.40847;41.84322;-1;2;Autovettura privata;In marcia / fermata / arresto;Conducente;F;Illeso;0;;;
2956247;18;08/09/2016 11:15;Strada Urbana;VIA AURELIA;in prossimità;;della chilometrica;12.3;;Veicolo in marcia contro ostacolo accidentale;Rettilineo;Due carreggiate;Asciutto;Asfaltata;Verticale ed orizzontale;Sereno;Normale;Buona;Ore Diurne;0;0;0;2;12.36054;41.88399;-1;1;Autovettura privata;In marcia / fermata / arresto;Conducente;M;Illeso;0;;;
2956247;18;08/09/2016 11:15;Strada Urbana;VIA AURELIA;in prossimità;;della chilometrica;12.3;;Veicolo in marcia contro ostacolo accidentale;Rettilineo;Due carreggiate;Asciutto;Asfaltata;Verticale ed orizzontale;Sereno;Normale;Buona;Ore Diurne;0;0;0;2;12.36054;41.88399;-1;1;Autovettura privata;In marcia / fermata / arresto;Passeggero;F;Illeso;0;;;
2956248;8;08/09/2016 08:30;Statale entro l'abitato;VIA CASILINA;all'intersezione con;VIA SICULIANA;VIA SICULIANA;;;Scontro laterale fra veicoli in marcia;Intersezione stradale segnalata;Una carreggiata a doppio senso;Asciutto;Asfaltata;Verticale ed orizzontale;Sereno;Normale;Buona;Ore Diurne;1;0;0;2;12.66166;41.86435;-1;1;Autovettura privata;In marcia / fermata / arresto;Conducente;M;Illeso;0;;Non accertato;Inesploso
2956248;8;08/09/2016 08:30;Statale entro l'abitato;VIA CASILINA;all'intersezione con;VIA SICULIANA;VIA SICULIANA;;;Scontro laterale fra veicoli in marcia;Intersezione stradale segnalata;Una carreggiata a doppio senso;Asciutto;Asfaltata;Verticale ed orizzontale;Sereno;Normale;Buona;Ore Diurne;1;0;0;2;12.66166;41.86435;-1;2;Autovettura privata;In marcia / fermata / arresto;Conducente;F;Illeso;0;;Non accertato;Inesploso
2956248;8;08/09/2016 08:30;Statale entro l'abitato;VIA CASILINA;all'intersezione con;VIA SICULIANA;VIA SICULIANA;;;Scontro laterale fra veicoli in marcia;Intersezione stradale segnalata;Una carreggiata a doppio senso;Asciutto;Asfaltata;Verticale ed orizzontale;Sereno;Normale;Buona;Ore Diurne;1;0;0;2;12.66166;41.86435;-1;3;Motociclo a solo;In marcia / fermata / arresto;Conducente;M;Ricoverato;0;NON DECEDUTO;;
2956249;18;08/09/2016 09:15;Strada Urbana;VIA AURELIA;in prossimità;;del civico n.;645;;Tamponamento;Rettilineo;Una carreggiata a doppio senso;Asciutto;Asfaltata;Verticale ed orizzontale;Sereno;Normale;Buona;Ore Diurne;0;0;0;2;12.41666;41.89451;-1;1;Autovettura privata;In marcia / fermata / arresto;Conducente;F;Illeso;0;;;
2956249;18;08/09/2016 09:15;Strada Urbana;VIA AURELIA;in prossimità;;del civico n.;645;;Tamponamento;Rettilineo;Una carreggiata a doppio senso;Asciutto;Asfaltata;Verticale ed orizzontale;Sereno;Normale;Buona;Ore Diurne;0;0;0;2;12.41666;41.89451;-1;2;Autobus turistico;In marcia / fermata / arresto;Conducente;M;Illeso;0;;;
2956251;5;08/09/2016 07:25;Strada Urbana;VIA TIBURTINA;all'intersezione con;PIAZZA DI S. MARIA DEL SOCCORSO;PIAZZA DI S. MARIA DEL SOCCORSO;;;Investimento di pedone;Intersezione semaforizzata;Una carreggiata a doppio senso;Asciutto;Asfaltata;Verticale ed orizzontale;Sereno;Normale;Buona;Ore Diurne;1;0;0;2;12.53117;41.90797;-1;;;;Pedone;F;Rimandato;0;NON DECEDUTO;;
2956251;5;08/09/2016 07:25;Strada Urbana;VIA TIBURTINA;all'intersezione con;PIAZZA DI S. MARIA DEL SOCCORSO;PIAZZA DI S. MARIA DEL SOCCORSO;;;Investimento di pedone;Intersezione semaforizzata;Una carreggiata a doppio senso;Asciutto;Asfaltata;Verticale ed orizzontale;Sereno;Normale;Buona;Ore Diurne;1;0;0;2;12.53117;41.90797;-1;1;Autovettura privata;In marcia / fermata / arresto;Conducente;F;Illeso;0;;Non accertato;
2956251;5;08/09/2016 07:25;Strada Urbana;VIA TIBURTINA;all'intersezione con;PIAZZA DI S. MARIA DEL SOCCORSO;PIAZZA DI S. MARIA DEL SOCCORSO;;;Investimento di pedone;Intersezione semaforizzata;Una carreggiata a doppio senso;Asciutto;Asfaltata;Verticale ed orizzontale;Sereno;Normale;Buona;Ore Diurne;1;0;0;2;12.53117;41.90797;-1;1;Autovettura privata;In marcia / fermata / arresto;Passeggero;M;Illeso;0;;Non accertato;
2956254;18;08/09/2016 11:05;Strada Urbana;VIA BALDO DEGLI UBALDI;all'intersezione semaforizzata con;VIA GIACINTO DE VECCHI PIERALICE;VIA GIACINTO DE VECCHI PIERALICE;;;Scontro laterale fra veicoli in marcia;Intersezione semaforizzata;Due carreggiate;Asciutto;Asfaltata;Verticale ed orizzontale;Sereno;Normale;Buona;Ore Diurne;1;0;0;1;12.43876;41.90124;-1;1;Autovettura pubblica;In marcia / fermata / arresto;Conducente;M;Illeso;0;;Non accertato;Inesploso
2956254;18;08/09/2016 11:05;Strada Urbana;VIA BALDO DEGLI UBALDI;all'intersezione semaforizzata con;VIA GIACINTO DE VECCHI PIERALICE;VIA GIACINTO DE VECCHI PIERALICE;;;Scontro laterale fra veicoli in marcia;Intersezione semaforizzata;Due carreggiate;Asciutto;Asfaltata;Verticale ed orizzontale;Sereno;Normale;Buona;Ore Diurne;1;0;0;1;12.43876;41.90124;-1;2;Motociclo a solo;In marcia / fermata / arresto;Conducente;M;Rimandato;0;NON DECEDUTO;Non accertato;
2956255;8;08/09/2016 10:20;Strada Urbana;VIA DI PASSOLOMBARDO;da specificare;;;;50 mt prima di via P. PACCHIOTTI dir. Tuscolana;Veicolo in marcia contro ostacolo accidentale;Rettilineo;Una carreggiata a doppio senso;Asciutto;Asfaltata;Assente;Sereno;Scarso;Buona;Ore Diurne;0;0;0;1;12.62996;41.84402;-1;1;Autovettura privata;In marcia / fermata / arresto;Conducente;M;Illeso;0;;Non accertato;Inesploso
2956263;5;08/09/2016 15:45;Strada Urbana;VIA TIBURTINA;da specificare;;;;altezza VIA DI SETTECAMINI;Veicolo in marcia contro veicolo fermo;Rettilineo;Due carreggiate;Asciutto;Asfaltata;Verticale ed orizzontale;Sereno;Normale;Buona;Ore Diurne;1;0;0;1;12.57323;41.92521;-1;1;Autovettura privata;In marcia / fermata / arresto;Conducente;F;Illeso;0;;Non accertato;
2956263;5;08/09/2016 15:45;Strada Urbana;VIA TIBURTINA;da specificare;;;;altezza VIA DI SETTECAMINI;Veicolo in marcia contro veicolo fermo;Rettilineo;Due carreggiate;Asciutto;Asfaltata;Verticale ed orizzontale;Sereno;Normale;Buona;Ore Diurne;1;0;0;1;12.57323;41.92521;-1;2;Motociclo a solo;In marcia / fermata / arresto;Conducente;M;Rimandato;0;NON DECEDUTO;Non accertato;
2956269;13;08/09/2016 10:15;Statale;VIA DEL MARE;in prossimità;;della chilometrica;14.7;;Tamponamento Multiplo;Rettilineo;Una carreggiata a doppio senso;Asciutto;Asfaltata;Verticale ed orizzontale;Sereno;Normale;Buona;Ore Diurne;0;0;0;4;12.46324;41.84026;-1;1;Autovettura privata;In marcia / fermata / arresto;Conducente;F;Illeso;0;;Non accertato;Inesploso
2956269;13;08/09/2016 10:15;Statale;VIA DEL MARE;in prossimità;;della chilometrica;14.7;;Tamponamento Multiplo;Rettilineo;Una carreggiata a doppio senso;Asciutto;Asfaltata;Verticale ed orizzontale;Sereno;Normale;Buona;Ore Diurne;0;0;0;4;12.46324;41.84026;-1;2;Autovettura privata;In marcia / fermata / arresto;Conducente;M;Illeso;0;;Non accertato;Inesploso
2956269;13;08/09/2016 10:15;Statale;VIA DEL MARE;in prossimità;;della chilometrica;14.7;;Tamponamento Multiplo;Rettilineo;Una carreggiata a doppio senso;Asciutto;Asfaltata;Verticale ed orizzontale;Sereno;Normale;Buona;Ore Diurne;0;0;0;4;12.46324;41.84026;-1;2;Autovettura privata;In marcia / fermata / arresto;Passeggero;M;Illeso;0;;Non accertato;Inesploso