Protocollo;Gruppo;DataOraIncidente;Localizzazione1;STRADA1;Localizzazione2;STRADA2;Strada02;Chilometrica;DaSpecificare;NaturaIncidente;particolaritastrade;TipoStrada;FondoStradale;Pavimentazione;Segnaletica;CondizioneAtmosferica;Traffico;Visibilita;Illuminazione;NUM_FERITI;NUM_RISERVATA;NUM_MORTI;NUM_ILLESI;Longitudine;Latitudine;Confermato;Progressivo;TipoVeicolo;StatoVeicolo;TipoPersona;Sesso;Tipolesione;Deceduto;DecedutoDopo;CinturaCascoUtilizzato;Airbag
2962891;4;13/09/2016 11:30;Statale;VIA SALARIA;in prossimità;;del civico n.;691;;Tamponamento;Rettilineo;Una carreggiata a senso unico di marcia;Asciutto;Asfaltata;Assente;Sereno;Normale;Buona;Ore Diurne;0;0;0;2;12.5075;41.94248;-1;1;Autovettura privata;In marcia / fermata / arresto;Conducente;M;Illeso;0;;Non accertato;Inesploso
2962891;4;13/09/2016 11:30;Statale;VIA SALARIA;in prossimità;;del civico n.;691;;Tamponamento;Rettilineo;Una carreggiata a senso unico di marcia;Asciutto;Asfaltata;Assente;Sereno;Normale;Buona;Ore Diurne;0;0;0;2;12.5075;41.94248;-1;2;Autovettura privata;In marcia / fermata / arresto;Conducente;M;Illeso;0;;Non accertato;Inesploso
2962905;19;13/09/2016 11:30;Strada Urbana;VIA LATTANZIO;in prossimità;;del civico n.;40;;Investimento di pedone;Curva a visuale libera;Una carreggiata a senso unico di marcia;Asciutto;Asfaltata;Orizzontale;Sereno;Scarso;Buona;Ore Diurne;1;0;0;1;12.44053;41.91152;-1;;;;Pedone;M;Rifiuta cure immediate;0;NON DECEDUTO;;
2962905;19;13/09/2016 11:30;Strada Urbana;VIA LATTANZIO;in prossimità;;del civico n.;40;;Investimento di pedone;Curva a visuale libera;Una carreggiata a senso unico di marcia;Asciutto;Asfaltata;Orizzontale;Sereno;Scarso;Buona;Ore Diurne;1;0;0;1;12.44053;41.91152;-1;1;Autovettura privata;In marcia / fermata / arresto;Conducente;M;Illeso;0;;;
2962907;10;14/09/2016 07:50;Strada Urbana;VIA STEFANO OBERTO;da specificare;;;;altezza via P. Marchisio;Tamponamento;Rettilineo;Una carreggiata a doppio senso;Asciutto;Asfaltata;Orizzontale;Sereno;Normale;Buona;Ore Diurne;0;0;0;4;12.58999;41.84742;-1;1;Autovettura privata;In marcia / fermata / arresto;Conducente;M;Illeso;0;;Non accertato;Inesploso
2962907;10;14/09/2016 07:50;Strada Urbana;VIA STEFANO OBERTO;da specificare;;;;altezza via P. Marchisio;Tamponamento;Rettilineo;Una carreggiata a doppio senso;Asciutto;Asfaltata;Orizzontale;Sereno;Normale;Buona;Ore Diurne;0;0;0;4;12.58999;41.84742;-1;2;Autovettura privata;In marcia / fermata / arresto;Conducente;M;Illeso;0;;Non accertato;Inesploso
2962907;10;14/09/2016 07:50;Strada Urbana;VIA STEFANO OBERTO;da specificare;;;;altezza via P. Marchisio;Tamponamento;Rettilineo;Una carreggiata a doppio senso;Asciutto;Asfaltata;Orizzontale;Sereno;Normale;Buona;Ore Diurne;0;0;0;4;12.58999;41.84742;-1;2;Autovettura privata;In marcia / fermata / arresto;Passeggero;F;Illeso;0;;Non accertato;Inesploso
2962907;10;14/09/2016 07:50;Strada Urbana;VIA STEFANO OBERTO;da specificare;;;;altezza via P. Marchisio;Tamponamento;Rettilineo;Una carreggiata a doppio senso;Asciutto;Asfaltata;Orizzontale;Sereno;Normale;Buona;Ore Diurne;0;0;0;4;12.58999;41.84742;-1;2;Autovettura privata;In marcia / fermata / arresto;Passeggero;M;Illeso;0;;Non accertato;Inesploso
2962910;7;13/09/2016 13:00;Strada Urbana;VIA DI TOR CERVARA;all'intersezione semaforizzata con;VIA SALVIATI;VIA SALVIATI;;;Scontro laterale fra veicoli in marcia;Intersezione semaforizzata;Una carreggiata a doppio senso;Asciutto;Asfaltata;Verticale ed orizzontale;Sereno;Normale;Buona;Ore Diurne;1;0;0;1;12.58915;41.90628;-1;1;Autovettura privata;In marcia / fermata / arresto;Conducente;M;Illeso;0;;Non accertato;Inesploso
2962910;7;13/09/2016 13:00;Strada Urbana;VIA DI TOR CERVARA;all'intersezione semaforizzata con;VIA SALVIATI;VIA SALVIATI;;;Scontro laterale fra veicoli in marcia;Intersezione semaforizzata;Una carreggiata a doppio senso;Asciutto;Asfaltata;Verticale ed orizzontale;Sereno;Normale;Buona;Ore Diurne;1;0;0;1;12.58915;41.90628;-1;2;Motociclo con passeggero;In marcia / fermata / arresto;Conducente;M;Rimandato;0;NON DECEDUTO;Non accertato;
2962918;4;13/09/2016 14:10;Strada Urbana;VIA RADICOFANI;in prossimità;;del civico n.;132;;Scontro laterale fra veicoli in marcia;Rettilineo;Una carreggiata a doppio senso;Asciutto;Asfaltata;Orizzontale;Sereno;Normale;Buona;Ore Diurne;1;0;0;1;12.51169;41.97598;-1;1;Autovettura privata;In marcia / fermata / arresto;Conducente;F;Illeso;0;;Non accertato;Inesploso
2962918;4;13/09/2016 14:10;Strada Urbana;VIA RADICOFANI;in prossimità;;del civico n.;132;;Scontro laterale fra veicoli in marcia;Rettilineo;Una carreggiata a doppio senso;Asciutto;Asfaltata;Orizzontale;Sereno;Normale;Buona;Ore Diurne;1;0;0;1;12.51169;41.97598;-1;2;Motociclo a solo;In marcia / fermata / arresto;Conducente;M;Rimandato;0;NON DECEDUTO;Non accertato;
2962927;4;13/09/2016 11:55;Strada Urbana;PIAZZA MONTE BALDO;in prossimità;;del civico n.;11;;Veicolo in marcia contro veicolo in sosta;Rettilineo;Una carreggiata a senso unico di marcia;Asciutto;Asfaltata;Verticale ed orizzontale;Sereno;Normale;Buona;Ore Diurne;0;0;0;2;12.53402;41.93716;-1;1;Autovettura privata;In marcia / fermata / arresto;Conducente;F;Illeso;0;;Non accertato;
2962927;4;13/09/2016 11:55;Strada Urbana;PIAZZA MONTE BALDO;in prossimità;;del civico n.;11;;Veicolo in marcia contro veicolo in sosta;Rettilineo;Una carreggiata a senso unico di marcia;Asciutto;Asfaltata;Verticale ed orizzontale;Sereno;Normale;Buona;Ore Diurne;0;0;0;2;12.53402;41.93716;-1;2;Autocarro inferiore 35 q.;Sosta;Passeggero;M;Illeso;0;;Non accertato;
2962931;19;13/09/2016 17:40;Strada Urbana;VIA ROMEO RODRIGUEZ PEREIRA;all'intersezione con;VIA ANDREA BALDI;VIA ANDREA BALDI;;;Scontro laterale fra veicoli in marcia;Incrocio;Una carreggiata a doppio senso;Asciutto;Asfaltata;Verticale ed orizzontale;Sereno;Normale;Buona;Ore Diurne;0;0;0;2;12.4371;41.91928;-1;1;Autovettura privata;In marcia / fermata / arresto;Conducente;M;Illeso;0;;;
2962931;19;13/09/2016 17:40;Strada Urbana;VIA ROMEO RODRIGUEZ PEREIRA;all'intersezione con;VIA ANDREA BALDI;VIA ANDREA BALDI;;;Scontro laterale fra veicoli in marcia;Incrocio;Una carreggiata a doppio senso;Asciutto;Asfaltata;Verticale ed orizzontale;Sereno;Normale;Buona;Ore Diurne;0;0;0;2;12.4371;41.91928;-1;2;Autovettura privata;In marcia / fermata / arresto;Conducente;F;Illeso;0;;;
2962938;10;13/09/2016 14:30;Strada Urbana;LARGO SPARTACO;in prossimità;;del civico n.;11;;Scontro frontale/laterale DX fra veicoli in marcia;Rettilineo;Una carreggiata a doppio senso;Asciutto;Asfaltata;Assente;Nuvoloso;Normale;Buona;Ore Diurne;0;0;0;2;12.55326;41.85913;-1;1;Autovettura privata;In marcia / fermata / arresto;Conducente;F;Illeso;0;;Non accertato;Inesploso
2962938;10;13/09/2016 14:30;Strada Urbana;LARGO SPARTACO;in prossimità;;del civico n.;11;;Scontro frontale/laterale DX fra veicoli in marcia;Rettilineo;Una carreggiata a doppio senso;Asciutto;Asfaltata;Assente;Nuvoloso;Normale;Buona;Ore Diurne;0;0;0;2;12.55326;41.85913;-1;2;Autovettura privata;In marcia / fermata / arresto;Conducente;M;Illeso;0;;Non accertato;Inesploso
2962939;16;12/09/2016 17:45;Strada Urbana;VIA AURELIA;all'intersezione con;VIA GIUSEPPE VANNI;VIA GIUSEPPE VANNI;;;Scontro laterale fra veicoli in marcia;Intersezione stradale segnalata;Una carreggiata a doppio senso;Asciutto;Asfaltata;Verticale;Sereno;Normale;Buona;Ore Diurne;1;0;0;2;12.41307;41.89089;-1;1;Motociclo a solo;In marcia / fermata / arresto;Conducente;M;Rimandato;0;NON DECEDUTO;Non accertato;
2962939;16;12/09/2016 17:45;Strada Urbana;VIA AURELIA;all'intersezione con;VIA GIUSEPPE VANNI;VIA GIUSEPPE VANNI;;;Scontro laterale fra veicoli in marcia;Intersezione stradale segnalata;Una carreggiata a doppio senso;Asciutto;Asfaltata;Verticale;Sereno;Normale;Buona;Ore Diurne;1;0;0;2;12.41307;41.89089;-1;2;Autovettura privata;In marcia / fermata / arresto;Conducente;F;Illeso;0;;Non accertato;Inesploso
2962939;16;12/09/2016 17:45;Strada Urbana;VIA AURELIA;all'intersezione con;VIA GIUSEPPE VANNI;VIA GIUSEPPE VANNI;;;Scontro laterale fra veicoli in marcia;Intersezione stradale segnalata;Una carreggiata a doppio senso;Asciutto;Asfaltata;Verticale;Sereno;Normale;Buona;Ore Diurne;1;0;0;2;12.41307;41.89089;-1;2;Autovettura privata;In marcia / fermata / arresto;Passeggero;F;Illeso;0;;Non accertato;
2962942;4;13/09/2016 19:00;Statale entro l'abitato;VIA SALARIA;da specificare;;;;"poco dopo ""SKY"" dir. Roma centro";Veicolo in marcia contro ostacolo fisso;Rettilineo;Due carreggiate;Asciutto;Asfaltata;Orizzontale;Nuvoloso;Normale;Buona;Sufficiente;0;0;0;1;12.50624;41.96289;-1;1;Autovettura privata;In marcia / fermata / arresto;Conducente;M;Illeso;0;;;
2962948;10;13/09/2016 18:45;Strada Urbana;VIA WALTER PROCACCINI;all'intersezione con;VIALE BRUNO RIZZIERI;VIALE BRUNO RIZZIERI;;;Scontro laterale fra veicoli in marcia;Rotatoria;Una carreggiata a senso unico di marcia;Asciutto;Asfaltata;Verticale ed orizzontale;Sereno;Normale;Buona;Ore Diurne;0;0;0;2;12.58301;41.85182;-1;1;Autovettura privata;In marcia / fermata / arresto;Conducente;M;Illeso;0;;Non accertato;Inesploso
2962948;10;13/09/2016 18:45;Strada Urbana;VIA WALTER PROCACCINI;all'intersezione con;VIALE BRUNO RIZZIERI;VIALE BRUNO RIZZIERI;;;Scontro laterale fra veicoli in marcia;Rotatoria;Una carreggiata a senso unico di marcia;Asciutto;Asfaltata;Verticale ed orizzontale;Sereno;Normale;Buona;Ore Diurne;0;0;0;2;12.58301;41.85182;-1;2;Autovettura privata;In marcia / fermata / arresto;Conducente;M;Illeso;0;;Non accertato;Inesploso
2962950;20;13/09/2016 06:00;Strada Urbana;VIA FLAMINIA;in corrispondenza;;del civico n.;799;;Veicolo in marcia contro veicolo in sosta;Rettilineo;Una carreggiata a doppio senso;Asciutto;Asfaltata;Verticale ed orizzontale;Sereno;Scarso;Buona;Ore Diurne;0;0;0;1;12.47798;41.94872;-1;2;Autovettura privata;In marcia / fermata / arresto;Conducente;F;Illeso;0;;;
2962968;3;13/09/2016 15:50;Strada Urbana;PIAZZA DI PORTA MAGGIORE;da specificare;;;;imbocco tunnel Scalo S.Lorenzo dir. c.ne Tiburtina;Scontro laterale fra veicoli in marcia;Rettilineo;Una carreggiata a senso unico di marcia;Asciutto;Asfaltata;Verticale ed orizzontale;Sereno;Intenso;Buona;Ore Diurne;0;0;0;2;12.51549;41.89229;-1;1;Autovettura privata;In marcia / fermata / arresto;Conducente;M;Illeso;0;;Non accertato;Inesploso
2962968;3;13/09/2016 15:50;Strada Urbana;PIAZZA DI PORTA MAGGIORE;da specificare;;;;imbocco tunnel Scalo S.Lorenzo dir. c.ne Tiburtina;Scontro laterale fra veicoli in marcia;Rettilineo;Una carreggiata a senso unico di marcia;Asciutto;Asfaltata;Verticale ed orizzontale;Sereno;Intenso;Buona;Ore Diurne;0;0;0;2;12.51549;41.89229;-1;2;Veicolo speciale;In marcia / fermata / arresto;Conducente;M;Illeso;0;;Non accertato;Inesploso
2962969;17;13/09/2016 13:20;Strada Urbana;VIA MONTE SANTO;in corrispondenza;;del civico n.;41;;Fuoriuscita dalla sede stradale;Rettilineo;Due carreggiate;Asciutto;Asfaltata;Verticale ed orizzontale;Sereno;Normale;Buona;Ore Diurne;0;0;0;2;12.45983;41.91664;-1;1;Macchina operatrice;In marcia / fermata / arresto;Conducente;M;Illeso;0;;Non accertato;Inesploso
2962969;17;13/09/2016 13:20;Strada Urbana;VIA MONTE SANTO;in corrispondenza;;del civico n.;41;;Fuoriuscita dalla sede stradale;Rettilineo;Due carreggiate;Asciutto;Asfaltata;Verticale ed orizzontale;Sereno;Normale;Buona;Ore Diurne;0;0;0;2;12.45983;41.91664;-1;1;Macchina operatrice;In marcia / fermata / arresto;Passeggero;M;Illeso;0;;Non accertato;Inesploso
2962973;1;11/09/2016 16:05;Strada Urbana;VIA VITTORIO BACHELET;all'intersezione con;VIA VICENZA;VIA VICENZA;;;Scontro frontale/laterale SX fra veicoli in marcia;Incrocio;Una carreggiata a senso unico di marcia;Bagnato (umidità in atto);Asfaltata;Verticale ed orizzontale;Pioggia in atto;Normale;Buona;Ore Diurne;0;0;0;4;12.50349;41.90445;-1;1;Autovettura privata;In marcia / fermata / arresto;Conducente;F;Illeso;0;;Non accertato;Inesploso
2962973;1;11/09/2016 16:05;Strada Urbana;VIA VITTORIO BACHELET;all'intersezione con;VIA VICENZA;VIA VICENZA;;;Scontro frontale/laterale SX fra veicoli in marcia;Incrocio;Una carreggiata a senso unico di marcia;Bagnato (umidità in atto);Asfaltata;Verticale ed orizzontale;Pioggia in atto;Normale;Buona;Ore Diurne;0;0;0;4;12.50349;41.90445;-1;2;Autovettura privata;In marcia / fermata / arresto;Conducente;M;Illeso;0;;Non accertato;Inesploso
2962973;1;11/09/2016 16:05;Strada Urbana;VIA VITTORIO BACHELET;all'intersezione con;VIA VICENZA;VIA VICENZA;;;Scontro frontale/laterale SX fra veicoli in marcia;Incrocio;Una carreggiata a senso unico di marcia;Bagnato (umidità in atto);Asfaltata;Verticale ed orizzontale;Pioggia in atto;Normale;Buona;Ore Diurne;0;0;0;4;12.50349;41.90445;-1;2;Autovettura privata;In marcia / fermata / arresto;Passeggero;F;Illeso;0;;Non accertato;Inesploso
2962973;1;11/09/2016 16:05;Strada Urbana;VIA VITTORIO BACHELET;all'intersezione con;VIA VICENZA;VIA VICENZA;;;Scontro frontale/laterale SX fra veicoli in marcia;Incrocio;Una carreggiata a senso unico di marcia;Bagnato (umidità in atto);Asfaltata;Verticale ed orizzontale;Pioggia in atto;Normale;Buona;Ore Diurne;0;0;0;4;12.50349;41.90445;-1;2;Autovettura privata;In marcia / fermata / arresto;Passeggero;M;Illeso;0;;Non accertato;Inesploso
2962978;19;13/09/2016 20:50;Strada Urbana;VIA DELLA VALLE DEI FONTANILI;in prossimità;;del civico n.;17;;Tamponamento;Rettilineo;Una carreggiata a doppio senso;Asciutto;Asfaltata;Orizzontale;Sereno;Normale;Buona;Sufficiente;1;0;0;2;12.41043;41.9232;-1;1;Autovettura privata;In marcia / fermata / arresto;Conducente;M;Illeso;0;;Non accertato;Inesploso
2962978;19;13/09/2016 20:50;Strada Urbana;VIA DELLA VALLE DEI FONTANILI;in prossimità;;del civico n.;17;;Tamponamento;Rettilineo;Una carreggiata a doppio senso;Asciutto;Asfaltata;Orizzontale;Sereno;Normale;Buona;Sufficiente;1;0;0;2;12.41043;41.9232;-1;1;Autovettura privata;In marcia / fermata / arresto;Passeggero;M;Illeso;0;;;
2962978;19;13/09/2016 20:50;Strada Urbana;VIA DELLA VALLE DEI FONTANILI;in prossimità;;del civico n.;17;;Tamponamento;Rettilineo;Una carreggiata a doppio senso;Asciutto;Asfaltata;Orizzontale;Sereno;Normale;Buona;Sufficiente;1;0;0;2;12.41043;41.9232;-1;2;Motociclo a solo;In marcia / fermata / arresto;Conducente;M;Rimandato;0;NON DECEDUTO;;
2962980;3;13/09/2016 19:35;Strada Urbana;VIA ARDUINO;da specificare;;;;fronte civico 42;Investimento di pedone;Rettilineo;Una carreggiata a doppio senso;Asciutto;Asfaltata;Verticale ed orizzontale;Nuvoloso;Normale;Buona;Sufficiente;1;0;0;1;12.52606;41.90954;-1;;;;Pedone;F;Rimandato;0;NON DECEDUTO;;
2962980;3;13/09/2016 19:35;Strada Urbana;VIA ARDUINO;da specificare;;;;fronte civico 42;Investimento di pedone;Rettilineo;Una carreggiata a doppio senso;Asciutto;Asfaltata;Verticale ed orizzontale;Nuvoloso;Normale;Buona;Sufficiente;1;0;0;1;12.52606;41.90954;-1;1;Autovettura privata;In marcia / fermata / arresto;Conducente;M;Illeso;0;;Non accertato;
2962981;20;13/09/2016 10:35;Strada Urbana;VIA LUIGI BODIO;all'intersezione con;VIA GIUSTINO FORTUNATO;VIA GIUSTINO FORTUNATO;;;Investimento di pedone;Intersezione stradale segnalata;Una carreggiata a senso unico alternato;Asciutto;Asfaltata;Verticale ed orizzontale;Sereno;Normale;Buona;Ore Diurne;1;0;0;1;12.46568;41.94504;-1;;;;Pedone;M;Rifiuta cure immediate;0;NON DECEDUTO;;
2962981;20;13/09/2016 10:35;Strada Urbana;VIA LUIGI BODIO;all'intersezione con;VIA GIUSTINO FORTUNATO;VIA GIUSTINO FORTUNATO;;;Investimento di pedone;Intersezione stradale segnalata;Una carreggiata a senso unico alternato;Asciutto;Asfaltata;Verticale ed orizzontale;Sereno;Normale;Buona;Ore Diurne;1;0;0;1;12.46568;41.94504;-1;1;Autovettura privata;In marcia / fermata / arresto;Conducente;F;Illeso;0;;Non accertato;Inesploso
2962982;10;13/09/2016 16:20;Strada Urbana;VIA DI CIAMPINO;da specificare;;;;"dir. Ciampino alt. ""Hotel Alta Quota""";Scontro frontale fra veicoli in marcia;Curva senza visuale libera;Una carreggiata a doppio senso;Asciutto;Asfaltata;Verticale ed orizzontale;Nuvoloso;Normale;Buona;Ore Diurne;2;0;0;1;12.58241;41.81112;-1;1;Motociclo a solo;In marcia / fermata / arresto;Conducente;M;Rimandato;0;NON DECEDUTO;Non utilizzato;
2962982;10;13/09/2016 16:20;Strada Urbana;VIA DI CIAMPINO;da specificare;;;;"dir. Ciampino alt. ""Hotel Alta Quota""";Scontro frontale fra veicoli in marcia;Curva senza visuale libera;Una carreggiata a doppio senso;Asciutto;Asfaltata;Verticale ed orizzontale;Nuvoloso;Normale;Buona;Ore Diurne;2;0;0;1;12.58241;41.81112;-1;2;Autovettura privata;In marcia / fermata / arresto;Conducente;M;Rimandato;0;NON DECEDUTO;Non accertato;Esploso
2962982;10;13/09/2016 16:20;Strada Urbana;VIA DI CIAMPINO;da specificare;;;;"dir. Ciampino alt. ""Hotel Alta Quota""";Scontro frontale fra veicoli in marcia;Curva senza visuale libera;Una carreggiata a doppio senso;Asciutto;Asfaltata;Verticale ed orizzontale;Nuvoloso;Normale;Buona;Ore Diurne;2;0;0;1;12.58241;41.81112;-1;3;Autovettura privata;In marcia / fermata / arresto;Conducente;M;Illeso;0;;Non accertato;Esploso
2962986;2;13/09/2016 09:30;Strada Urbana;VIALE DELLE BELLE ARTI;da specificare;;;;ALTEZZA VIA PALMA BUCARELLI;Veicolo in marcia contro ostacolo accidentale;Rettilineo;Una carreggiata a doppio senso;Asciutto;Asfaltata;Orizzontale;Sereno;Normale;Buona;Ore Diurne;0;0;0;1;12.47877;41.91852;-1;1;Autovettura privata;In marcia / fermata / arresto;Conducente;F;Illeso;0;;;
2962987;16;13/09/2016 11:55;Strada Urbana;VIA AURELIA ANTICA;all'intersezione con;VIA GIUSEPPE SPINA;VIA GIUSEPPE SPINA;;;Scontro frontale/laterale SX fra veicoli in marcia;Incrocio;Due carreggiate;Asciutto;Asfaltata;Verticale ed orizzontale;Sereno;Normale;Buona;Ore Diurne;0;0;0;3;12.43494;41.89015;-1;1;Autovettura privata;In marcia / fermata / arresto;Conducente;M;Illeso;0;;Non accertato;Inesploso
2962987;16;13/09/2016 11:55;Strada Urbana;VIA AURELIA ANTICA;all'intersezione con;VIA GIUSEPPE SPINA;VIA GIUSEPPE SPINA;;;Scontro frontale/laterale SX fra veicoli in marcia;Incrocio;Due carreggiate;Asciutto;Asfaltata;Verticale ed orizzontale;Sereno;Normale;Buona;Ore Diurne;0;0;0;3;12.43494;41.89015;-1;1;Autovettura privata;In marcia / fermata / arresto;Passeggero;M;Illeso;0;;Non accertato;Inesploso
2962987;16;13/09/2016 11:55;Strada Urbana;VIA AURELIA ANTICA;all'intersezione con;VIA GIUSEPPE SPINA;VIA GIUSEPPE SPINA;;;Scontro frontale/laterale SX fra veicoli in marcia;Incrocio;Due carreggiate;Asciutto;Asfaltata;Verticale ed orizzontale;Sereno;Normale;Buona;Ore Diurne;0;0;0;3;12.43494;41.89015;-1;2;Autovettura privata;In marcia / fermata / arresto;Conducente;M;Illeso;0;;Non accertato;Esploso
2962989;2;13/09/2016 13:10;Strada Urbana;VIA SALARIA;in corrispondenza;;del civico n.;118;;Veicolo in marcia contro veicolo in sosta;Rettilineo;Una carreggiata a senso unico di marcia;Asciutto;Asfaltata;Verticale ed orizzontale;Sereno;Normale;Buona;Ore Diurne;0;0;0;1;12.49721;41.91533;-1;1;Autocarro inferiore 35 q.;In marcia / fermata / arresto;Conducente;M;Illeso;0;;Non accertato;Inesploso
2962993;2;13/09/2016 17:20;Strada Urbana;VIA ANTONIO BERTOLONI;in prossimità;;del civico n.;3;;Scontro laterale fra veicoli in marcia;Rettilineo;Una carreggiata a doppio senso;Asciutto;Asfaltata;Verticale ed orizzontale;Nuvoloso;Normale;Buona;Ore Diurne;1;0;0;1;12.49098;41.92164;-1;1;Autovettura pubblica;In marcia / fermata / arresto;Conducente;M;Illeso;0;;Non accertato;Inesploso
2962993;2;13/09/2016 17:20;Strada Urbana;VIA ANTONIO BERTOLONI;in prossimità;;del civico n.;3;;Scontro laterale fra veicoli in marcia;Rettilineo;Una carreggiata a doppio senso;Asciutto;Asfaltata;Verticale ed orizzontale;Nuvoloso;Normale;Buona;Ore Diurne;1;0;0;1;12.49098;41.92164;-1;2;Motociclo a solo;In marcia / fermata / arresto;Conducente;M;Rifiuta cure immediate;0;NON DECEDUTO;Non accertato;
2962996;20;13/09/2016 15:45;Strada Urbana;VIA DELLA CAMILLUCCIA;in corrispondenza;;del civico n.;492;;Tamponamento Multiplo;Rettilineo;Una carreggiata a doppio senso;Asciutto;Asfaltata;Orizzontale;Nuvoloso;Normale;Buona;Ore Diurne;1;0;0;4;12.44713;41.94191;-1;1;Autovettura privata;In marcia / fermata / arresto;Conducente;F;Illeso;0;;;
2962996;20;13/09/2016 15:45;Strada Urbana;VIA DELLA CAMILLUCCIA;in corrispondenza;;del civico n.;492;;Tamponamento Multiplo;Rettilineo;Una carreggiata a doppio senso;Asciutto;Asfaltata;Orizzontale;Nuvoloso;Normale;Buona;Ore Diurne;1;0;0;4;12.44713;41.94191;-1;1;Autovettura privata;In marcia / fermata / arresto;Passeggero;F;Illeso;0;;;
2962996;20;13/09/2016 15:45;Strada Urbana;VIA DELLA CAMILLUCCIA;in corrispondenza;;del civico n.;492;;Tamponamento Multiplo;Rettilineo;Una carreggiata a doppio senso;Asciutto;Asfaltata;Orizzontale;Nuvoloso;Normale;Buona;Ore Diurne;1;0;0;4;12.44713;41.94191;-1;2;Autocarro inferiore 35 q.;In marcia / fermata / arresto;Conducente;M;Rifiuta cure immediate;0;NON DECEDUTO;;
2962996;20;13/09/2016 15:45;Strada Urbana;VIA DELLA CAMILLUCCIA;in corrispondenza;;del civico n.;492;;Tamponamento Multiplo;Rettilineo;Una carreggiata a doppio senso;Asciutto;Asfaltata;Orizzontale;Nuvoloso;Normale;Buona;Ore Diurne;1;0;0;4;12.44713;41.94191;-1;3;Autovettura privata;In marcia / fermata / arresto;Conducente;M;Illeso;0;;;
2962996;20;13/09/2016 15:45;Strada Urbana;VIA DELLA CAMILLUCCIA;in corrispondenza;;del civico n.;492;;Tamponamento Multiplo;Rettilineo;Una carreggiata a doppio senso;Asciutto;Asfaltata;Orizzontale;Nuvoloso;Normale;Buona;Ore Diurne;1;0;0;4;12.44713;41.94191;-1;3;Autovettura privata;In marcia / fermata / arresto;Passeggero;M;Illeso;0;;;
2962998;2;13/09/2016 19:10;Strada Urbana;VIA MARIA ADELAIDE;all'intersezione con;VIA LUISA DI SAVOIA;VIA LUISA DI SAVOIA;;;Scontro frontale/laterale DX fra veicoli in marcia;Incrocio;Una carreggiata a senso unico di marcia;Asciutto;Asfaltata;Verticale ed orizzontale;Nuvoloso;Normale;Buona;Ore Diurne;0;0;0;3;12.47425;41.91021;-1;1;Autovettura privata;In marcia / fermata / arresto;Conducente;F;Illeso;0;;Non accertato;Inesploso
2962998;2;13/09/2016 19:10;Strada Urbana;VIA MARIA ADELAIDE;all'intersezione con;VIA LUISA DI SAVOIA;VIA LUISA DI SAVOIA;;;Scontro frontale/laterale DX fra veicoli in marcia;Incrocio;Una carreggiata a senso unico di marcia;Asciutto;Asfaltata;Verticale ed orizzontale;Nuvoloso;Normale;Buona;Ore Diurne;0;0;0;3;12.47425;41.91021;-1;2;Autovettura privata;In marcia / fermata / arresto;Conducente;F;Illeso;0;;;
2962998;2;13/09/2016 19:10;Strada Urbana;VIA MARIA ADELAIDE;all'intersezione con;VIA LUISA DI SAVOIA;VIA LUISA DI SAVOIA;;;Scontro frontale/laterale DX fra veicoli in marcia;Incrocio;Una carreggiata a senso unico di marcia;Asciutto;Asfaltata;Verticale ed orizzontale;Nuvoloso;Normale;Buona;Ore Diurne;0;0;0;3;12.47425;41.91021;-1;2;Autovettura privata;In marcia / fermata / arresto;Passeggero;F;Illeso;0;;Non accertato;Inesploso
2963003;2;13/09/2016 23:00;Strada Urbana;VIA SALARIA;all'intersezione semaforizzata con;VIA NERA;VIA NERA;;;Scontro frontale fra veicoli in marcia;Intersezione semaforizzata;Una carreggiata a doppio senso;Asciutto;Asfaltata;Verticale ed orizzontale;Sereno;Scarso;Buona;Sufficiente;2;0;0;0;12.50685;41.92783;-1;1;Autovettura privata;In marcia / fermata / arresto;Conducente;F;Rifiuta cure immediate;0;NON DECEDUTO;Non accertato;Inesploso
2963003;2;13/09/2016 23:00;Strada Urbana;VIA SALARIA;all'intersezione semaforizzata con;VIA NERA;VIA NERA;;;Scontro frontale fra veicoli in marcia;Intersezione semaforizzata;Una carreggiata a doppio senso;Asciutto;Asfaltata;Verticale ed orizzontale;Sereno;Scarso;Buona;Sufficiente;2;0;0;0;12.50685;41.92783;-1;2;Motociclo a solo;In marcia / fermata / arresto;Conducente;M;Rimandato;0;NON DECEDUTO;Non accertato;
2963007;2;14/09/2016 00:50;Strada Urbana;VIA FRANCESCO DENZA;in prossimità;;del civico n.;15;;Veicolo in marcia contro veicoli in sosta;Rettilineo;Una carreggiata a senso unico di marcia;Asciutto;Asfaltata;Orizzontale;Sereno;Scarso;Buona;Sufficiente;0;0;0;2;12.48416;41.92566;-1;1;Autovettura privata;In marcia / fermata / arresto;Conducente;M;Illeso;0;;;
2963007;2;14/09/2016 00:50;Strada Urbana;VIA FRANCESCO DENZA;in prossimità;;del civico n.;15;;Veicolo in marcia contro veicoli in sosta;Rettilineo;Una carreggiata a senso unico di marcia;Asciutto;Asfaltata;Orizzontale;Sereno;Scarso;Buona;Sufficiente;0;0;0;2;12.48416;41.92566;-1;1;Autovettura privata;In marcia / fermata / arresto;Passeggero;M;Illeso;0;;;
2963008;20;14/09/2016 03:15;Regionale entro l'abitato;VIA FLAMINIA;in prossimità;;della chilometrica;11.4;;Veicolo in marcia contro ostacolo accidentale;Rettilineo;Due carreggiate;Asciutto;Asfaltata;Verticale ed orizzontale;Nuvoloso;Scarso;Insufficiente;Insufficiente;0;0;0;2;12.49346;41.98264;-1;1;Autovettura privata;In marcia / fermata / arresto;Conducente;F;Illeso;0;;Non accertato;Inesploso