Protocollo;Gruppo;DataOraIncidente;Localizzazione1;STRADA1;Localizzazione2;STRADA2;Strada02;Chilometrica;DaSpecificare;NaturaIncidente;particolaritastrade;TipoStrada;FondoStradale;Pavimentazione;Segnaletica;CondizioneAtmosferica;Traffico;Visibilita;Illuminazione;NUM_FERITI;NUM_RISERVATA;NUM_MORTI;NUM_ILLESI;Longitudine;Latitudine;Confermato;Progressivo;TipoVeicolo;StatoVeicolo;TipoPersona;Sesso;Tipolesione;Deceduto;DecedutoDopo;CinturaCascoUtilizzato;Airbag
2966561;9;16/09/2016 08:30;Strada Urbana;VIA APPIA NUOVA;da specificare;;;;FRONTE VIA DON ORIONE;Tamponamento;Rettilineo;Una carreggiata a doppio senso;Bagnato (pioggia);Asfaltata;Verticale ed orizzontale;Nuvoloso;Normale;Buona;Ore Diurne;0;0;0;3;12.51695;41.87939;-1;2;Autovettura privata;In marcia / fermata / arresto;Conducente;M;Illeso;0;;Non utilizzato;Inesploso
2966566;9;16/09/2016 10:00;Strada Urbana;VIALE DELLE MURA LATINE;all'intersezione con;VIA LATINA;VIA LATINA;;;Scontro frontale fra veicoli in marcia;Incrocio;Una carreggiata a senso unico di marcia;Bagnato (pioggia);Asfaltata;Verticale ed orizzontale;Pioggia in atto;Normale;Buona;Ore Diurne;1;0;0;1;12.50309;41.87515;0;1;Motociclo a solo;In marcia / fermata / arresto;Conducente;M;Rimandato;0;NON DECEDUTO;Utilizzato;
2966566;9;16/09/2016 10:00;Strada Urbana;VIALE DELLE MURA LATINE;all'intersezione con;VIA LATINA;VIA LATINA;;;Scontro frontale fra veicoli in marcia;Incrocio;Una carreggiata a senso unico di marcia;Bagnato (pioggia);Asfaltata;Verticale ed orizzontale;Pioggia in atto;Normale;Buona;Ore Diurne;1;0;0;1;12.50309;41.87515;0;2;Autovettura privata;In marcia / fermata / arresto;Conducente;M;Illeso;0;;Utilizzato;Inesploso
2966592;20;16/09/2016 07:45;Strada Urbana;VIALE DI TOR DI QUINTO;in corrispondenza;;del civico n.;119;;Veicolo in marcia contro veicoli in arresto;Curva a visuale libera;Due carreggiate;Bagnato (umidità in atto);Asfaltata;Verticale ed orizzontale;Nuvoloso;Normale;Buona;Ore Diurne;1;0;0;2;12.48641;41.94516;-1;1;Autovettura privata;In marcia / fermata / arresto;Conducente;F;Illeso;0;;Non accertato;Inesploso
2966592;20;16/09/2016 07:45;Strada Urbana;VIALE DI TOR DI QUINTO;in corrispondenza;;del civico n.;119;;Veicolo in marcia contro veicoli in arresto;Curva a visuale libera;Due carreggiate;Bagnato (umidità in atto);Asfaltata;Verticale ed orizzontale;Nuvoloso;Normale;Buona;Ore Diurne;1;0;0;2;12.48641;41.94516;-1;1;Autovettura privata;In marcia / fermata / arresto;Passeggero;F;Rimandato;0;NON DECEDUTO;Non accertato;Inesploso
2966592;20;16/09/2016 07:45;Strada Urbana;VIALE DI TOR DI QUINTO;in corrispondenza;;del civico n.;119;;Veicolo in marcia contro veicoli in arresto;Curva a visuale libera;Due carreggiate;Bagnato (umidità in atto);Asfaltata;Verticale ed orizzontale;Nuvoloso;Normale;Buona;Ore Diurne;1;0;0;2;12.48641;41.94516;-1;2;Autovettura privata;In marcia / fermata / arresto;Conducente;M;Illeso;0;;Non accertato;Inesploso
2966612;12;14/09/2016 11:50;Strada Urbana;VIA DEL MARE;in prossimità;;della chilometrica;13.8;;Fuoriuscita dalla sede stradale;Rettilineo;Una carreggiata a doppio senso;Asciutto;Asfaltata;Verticale ed orizzontale;Sereno;Normale;Buona;Ore Diurne;0;0;0;1;12.46324;41.84026;-1;1;Autovettura privata;In marcia / fermata / arresto;Conducente;M;Illeso;0;;Utilizzato;Inesploso
2966639;7;16/09/2016 10:30;Strada Urbana;VIALE DELLE GARDENIE;all'intersezione con;VIA DEI CASTANI;VIA DEI CASTANI;;;Investimento di pedone;Incrocio;Una carreggiata a senso unico di marcia;Bagnato (pioggia);Asfaltata;Verticale ed orizzontale;Nuvoloso;Normale;Buona;Ore Diurne;1;0;0;1;12.56625;41.88596;-1;;;;Pedone;F;Rimandato;0;NON DECEDUTO;;
2966639;7;16/09/2016 10:30;Strada Urbana;VIALE DELLE GARDENIE;all'intersezione con;VIA DEI CASTANI;VIA DEI CASTANI;;;Investimento di pedone;Incrocio;Una carreggiata a senso unico di marcia;Bagnato (pioggia);Asfaltata;Verticale ed orizzontale;Nuvoloso;Normale;Buona;Ore Diurne;1;0;0;1;12.56625;41.88596;-1;1;Autobus urbano;In marcia / fermata / arresto;Conducente;M;Illeso;0;;Non accertato;Inesistente
2966661;11;16/09/2016 09:45;Strada Urbana;VIA LEON PANCALDO;all'intersezione con;VIA LUCA TARIGO;VIA LUCA TARIGO;;;Scontro frontale/laterale SX fra veicoli in marcia;Incrocio;Una carreggiata a doppio senso;Bagnato (umidità in atto);Asfaltata;Verticale ed orizzontale;Nuvoloso;Normale;Buona;Ore Diurne;0;0;0;2;12.4999;41.86016;-1;1;Autovettura privata;In marcia / fermata / arresto;Conducente;F;Illeso;0;;;
2966661;11;16/09/2016 09:45;Strada Urbana;VIA LEON PANCALDO;all'intersezione con;VIA LUCA TARIGO;VIA LUCA TARIGO;;;Scontro frontale/laterale SX fra veicoli in marcia;Incrocio;Una carreggiata a doppio senso;Bagnato (umidità in atto);Asfaltata;Verticale ed orizzontale;Nuvoloso;Normale;Buona;Ore Diurne;0;0;0;2;12.4999;41.86016;-1;2;Autovettura privata;In marcia / fermata / arresto;Conducente;F;Illeso;0;;;
2966877;20;16/09/2016 13:05;Strada Urbana;VIA STEFANO JACINI;all'intersezione con;VIA BARTOLOMEO INTIERI;VIA BARTOLOMEO INTIERI;;;Scontro frontale fra veicoli in marcia;Intersezione stradale segnalata;Due carreggiate;Bagnato (pioggia);Asfaltata;Verticale ed orizzontale;Pioggia in atto;Normale;Buona;Ore Diurne;0;0;0;2;12.46686;41.94963;-1;1;Autovettura privata;In marcia / fermata / arresto;Conducente;M;Illeso;0;;Non accertato;Esploso
2966877;20;16/09/2016 13:05;Strada Urbana;VIA STEFANO JACINI;all'intersezione con;VIA BARTOLOMEO INTIERI;VIA BARTOLOMEO INTIERI;;;Scontro frontale fra veicoli in marcia;Intersezione stradale segnalata;Due carreggiate;Bagnato (pioggia);Asfaltata;Verticale ed orizzontale;Pioggia in atto;Normale;Buona;Ore Diurne;0;0;0;2;12.46686;41.94963;-1;2;Autovettura privata;In marcia / fermata / arresto;Conducente;M;Illeso;0;;Non accertato;Inesploso
2966878;11;16/09/2016 13:50;Strada Urbana;VIA LAURENTINA;in prossimità;;del palo luce n.;443;;Tamponamento Multiplo;Rettilineo;Due carreggiate;Bagnato (pioggia);Asfaltata;Verticale ed orizzontale;Pioggia in atto;Normale;Buona;Ore Diurne;0;0;0;5;12.48147;41.8018;-1;1;Autovettura privata;In marcia / fermata / arresto;Conducente;F;Illeso;0;;Non accertato;
2966878;11;16/09/2016 13:50;Strada Urbana;VIA LAURENTINA;in prossimità;;del palo luce n.;443;;Tamponamento Multiplo;Rettilineo;Due carreggiate;Bagnato (pioggia);Asfaltata;Verticale ed orizzontale;Pioggia in atto;Normale;Buona;Ore Diurne;0;0;0;5;12.48147;41.8018;-1;2;Autovettura privata;In marcia / fermata / arresto;Conducente;M;Illeso;0;;Non accertato;Inesploso
2966878;11;16/09/2016 13:50;Strada Urbana;VIA LAURENTINA;in prossimità;;del palo luce n.;443;;Tamponamento Multiplo;Rettilineo;Due carreggiate;Bagnato (pioggia);Asfaltata;Verticale ed orizzontale;Pioggia in atto;Normale;Buona;Ore Diurne;0;0;0;5;12.48147;41.8018;-1;3;Autovettura privata;In marcia / fermata / arresto;Conducente;F;Illeso;0;;Utilizzato;Inesploso
2966878;11;16/09/2016 13:50;Strada Urbana;VIA LAURENTINA;in prossimità;;del palo luce n.;443;;Tamponamento Multiplo;Rettilineo;Due carreggiate;Bagnato (pioggia);Asfaltata;Verticale ed orizzontale;Pioggia in atto;Normale;Buona;Ore Diurne;0;0;0;5;12.48147;41.8018;-1;3;Autovettura privata;In marcia / fermata / arresto;Passeggero;M;Illeso;0;;Utilizzato;Inesploso
2966878;11;16/09/2016 13:50;Strada Urbana;VIA LAURENTINA;in prossimità;;del palo luce n.;443;;Tamponamento Multiplo;Rettilineo;Due carreggiate;Bagnato (pioggia);Asfaltata;Verticale ed orizzontale;Pioggia in atto;Normale;Buona;Ore Diurne;0;0;0;5;12.48147;41.8018;-1;3;Autovettura privata;In marcia / fermata / arresto;Passeggero;F;Illeso;0;;Non accertato;Inesploso
2966885;6;16/09/2016 12:25;Strada Urbana;VIALE DELLA SERENISSIMA;all'intersezione con;VIA CHERSO;VIA CHERSO;;;Scontro frontale/laterale SX fra veicoli in marcia;Incrocio;Due carreggiate;Bagnato (pioggia);Asfaltata;Verticale ed orizzontale;Pioggia in atto;Normale;Buona;Ore Diurne;2;0;0;3;12.55893;41.8959;-1;1;Autovettura privata;In marcia / fermata / arresto;Conducente;F;Rimandato;0;NON DECEDUTO;;
2966885;6;16/09/2016 12:25;Strada Urbana;VIALE DELLA SERENISSIMA;all'intersezione con;VIA CHERSO;VIA CHERSO;;;Scontro frontale/laterale SX fra veicoli in marcia;Incrocio;Due carreggiate;Bagnato (pioggia);Asfaltata;Verticale ed orizzontale;Pioggia in atto;Normale;Buona;Ore Diurne;2;0;0;3;12.55893;41.8959;-1;1;Autovettura privata;In marcia / fermata / arresto;Passeggero;F;Illeso;0;;;
2966885;6;16/09/2016 12:25;Strada Urbana;VIALE DELLA SERENISSIMA;all'intersezione con;VIA CHERSO;VIA CHERSO;;;Scontro frontale/laterale SX fra veicoli in marcia;Incrocio;Due carreggiate;Bagnato (pioggia);Asfaltata;Verticale ed orizzontale;Pioggia in atto;Normale;Buona;Ore Diurne;2;0;0;3;12.55893;41.8959;-1;2;Autobus di linea;In marcia / fermata / arresto;Conducente;M;Illeso;0;;;
2966885;6;16/09/2016 12:25;Strada Urbana;VIALE DELLA SERENISSIMA;all'intersezione con;VIA CHERSO;VIA CHERSO;;;Scontro frontale/laterale SX fra veicoli in marcia;Incrocio;Due carreggiate;Bagnato (pioggia);Asfaltata;Verticale ed orizzontale;Pioggia in atto;Normale;Buona;Ore Diurne;2;0;0;3;12.55893;41.8959;-1;2;Autobus di linea;In marcia / fermata / arresto;Passeggero;M;Illeso;0;;;
2966885;6;16/09/2016 12:25;Strada Urbana;VIALE DELLA SERENISSIMA;all'intersezione con;VIA CHERSO;VIA CHERSO;;;Scontro frontale/laterale SX fra veicoli in marcia;Incrocio;Due carreggiate;Bagnato (pioggia);Asfaltata;Verticale ed orizzontale;Pioggia in atto;Normale;Buona;Ore Diurne;2;0;0;3;12.55893;41.8959;-1;2;Autobus di linea;In marcia / fermata / arresto;Passeggero;F;Rimandato;0;NON DECEDUTO;;
2966925;18;16/09/2016 09:25;Strada Urbana;VIA GREGORIO XI;all'intersezione con;VIA LUCA PASSI;VIA LUCA PASSI;;;Veicolo in marcia contro ostacolo fisso;Intersezione non regolata/non segnalata;Due carreggiate;Bagnato (pioggia);Asfaltata;Verticale ed orizzontale;Pioggia in atto;Normale;Sufficiente;Ore Diurne;0;0;0;1;12.40671;41.89197;-1;1;Autobus urbano;In marcia / fermata / arresto;Conducente;M;Illeso;0;;Non accertato;Inesistente
2967077;18;16/09/2016 13:00;Strada Urbana;VIA DI BOCCEA;all'intersezione semaforizzata con;VIA DI PANTAN MONASTERO;VIA DI PANTAN MONASTERO;;;Scontro laterale fra veicoli in marcia;Intersezione stradale segnalata;Una carreggiata a doppio senso;Bagnato (pioggia);Strada pavimentata dissestata;Verticale ed orizzontale;Pioggia in atto;Intenso;Buona;Ore Diurne;1;0;0;2;12.39188;41.91186;-1;1;Autovettura privata;In marcia / fermata / arresto;Conducente;M;Rifiuta cure immediate;0;NON DECEDUTO;Non accertato;Inesploso
2967077;18;16/09/2016 13:00;Strada Urbana;VIA DI BOCCEA;all'intersezione semaforizzata con;VIA DI PANTAN MONASTERO;VIA DI PANTAN MONASTERO;;;Scontro laterale fra veicoli in marcia;Intersezione stradale segnalata;Una carreggiata a doppio senso;Bagnato (pioggia);Strada pavimentata dissestata;Verticale ed orizzontale;Pioggia in atto;Intenso;Buona;Ore Diurne;1;0;0;2;12.39188;41.91186;-1;2;Autovettura privata;In marcia / fermata / arresto;Conducente;M;Illeso;0;;Non accertato;Inesploso
2967077;18;16/09/2016 13:00;Strada Urbana;VIA DI BOCCEA;all'intersezione semaforizzata con;VIA DI PANTAN MONASTERO;VIA DI PANTAN MONASTERO;;;Scontro laterale fra veicoli in marcia;Intersezione stradale segnalata;Una carreggiata a doppio senso;Bagnato (pioggia);Strada pavimentata dissestata;Verticale ed orizzontale;Pioggia in atto;Intenso;Buona;Ore Diurne;1;0;0;2;12.39188;41.91186;-1;3;Autovettura privata;In marcia / fermata / arresto;Conducente;F;Illeso;0;;;
2967124;20;16/09/2016 17:00;Strada Urbana;VIA FLAMINIA;da specificare;;;;palo ACEA n.112 alt. C.so di Francia;Tamponamento;Rettilineo;Una carreggiata a doppio senso;Bagnato (pioggia);Asfaltata;Assente;Pioggia in atto;Normale;Buona;Ore Diurne;0;0;0;2;12.47097;41.94154;-1;1;Autovettura privata;In marcia / fermata / arresto;Conducente;F;Illeso;0;;Non accertato;Inesploso
2967124;20;16/09/2016 17:00;Strada Urbana;VIA FLAMINIA;da specificare;;;;palo ACEA n.112 alt. C.so di Francia;Tamponamento;Rettilineo;Una carreggiata a doppio senso;Bagnato (pioggia);Asfaltata;Assente;Pioggia in atto;Normale;Buona;Ore Diurne;0;0;0;2;12.47097;41.94154;-1;2;Autovettura privata;In marcia / fermata / arresto;Conducente;M;Illeso;0;;Non accertato;Inesploso
2967164;10;16/09/2016 17:15;Strada Urbana;VIA LAURENZANA;all'intersezione con;VIA FERENTANO;VIA FERENTANO;;;Scontro frontale/laterale SX fra veicoli in marcia;Incrocio;Una carreggiata a doppio senso;Asciutto;Asfaltata;Assente;Nuvoloso;Normale;Buona;Ore Diurne;0;0;0;3;12.54764;41.84564;-1;1;Autovettura privata;In marcia / fermata / arresto;Conducente;M;Illeso;0;;Non accertato;Inesploso
2967164;10;16/09/2016 17:15;Strada Urbana;VIA LAURENZANA;all'intersezione con;VIA FERENTANO;VIA FERENTANO;;;Scontro frontale/laterale SX fra veicoli in marcia;Incrocio;Una carreggiata a doppio senso;Asciutto;Asfaltata;Assente;Nuvoloso;Normale;Buona;Ore Diurne;0;0;0;3;12.54764;41.84564;-1;2;Autovettura privata;In marcia / fermata / arresto;Conducente;M;Illeso;0;;Non accertato;Inesploso
2967164;10;16/09/2016 17:15;Strada Urbana;VIA LAURENZANA;all'intersezione con;VIA FERENTANO;VIA FERENTANO;;;Scontro frontale/laterale SX fra veicoli in marcia;Incrocio;Una carreggiata a doppio senso;Asciutto;Asfaltata;Assente;Nuvoloso;Normale;Buona;Ore Diurne;0;0;0;3;12.54764;41.84564;-1;2;Autovettura privata;In marcia / fermata / arresto;Passeggero;F;Illeso;0;;Non accertato;Inesploso
2967182;11;16/09/2016 18:10;Strada Urbana;VIA ROSA RAIMONDI GARIBALDI;in prossimità;;del civico n.;32;;Scontro frontale/laterale SX fra veicoli in marcia;Rettilineo;Una carreggiata a senso unico di marcia;Bagnato (pioggia);Asfaltata;Orizzontale;Nuvoloso;Normale;Buona;Ore Diurne;0;0;0;3;12.49169;41.85818;-1;1;Motociclo a solo;In marcia / fermata / arresto;Conducente;M;Illeso;0;;Non accertato;
2967182;11;16/09/2016 18:10;Strada Urbana;VIA ROSA RAIMONDI GARIBALDI;in prossimità;;del civico n.;32;;Scontro frontale/laterale SX fra veicoli in marcia;Rettilineo;Una carreggiata a senso unico di marcia;Bagnato (pioggia);Asfaltata;Orizzontale;Nuvoloso;Normale;Buona;Ore Diurne;0;0;0;3;12.49169;41.85818;-1;1;Motociclo a solo;In marcia / fermata / arresto;Passeggero;F;Illeso;0;;Non accertato;
2967182;11;16/09/2016 18:10;Strada Urbana;VIA ROSA RAIMONDI GARIBALDI;in prossimità;;del civico n.;32;;Scontro frontale/laterale SX fra veicoli in marcia;Rettilineo;Una carreggiata a senso unico di marcia;Bagnato (pioggia);Asfaltata;Orizzontale;Nuvoloso;Normale;Buona;Ore Diurne;0;0;0;3;12.49169;41.85818;-1;2;Autovettura privata;In marcia / fermata / arresto;Conducente;M;Illeso;0;;Utilizzato;Inesploso
2967207;15;16/09/2016 13:00;Strada Urbana;VIA ASCANIO FENIZI;da specificare;;;;prossimità civico 14;Scontro frontale/laterale DX fra veicoli in marcia;Rettilineo;Una carreggiata a senso unico di marcia;Bagnato (pioggia);Asfaltata;Assente;Pioggia in atto;Scarso;Sufficiente;Ore Diurne;1;0;0;1;12.45426;41.86147;-1;1;Autovettura privata;In marcia / fermata / arresto;Conducente;M;Illeso;0;;Utilizzato;Inesploso
2967207;15;16/09/2016 13:00;Strada Urbana;VIA ASCANIO FENIZI;da specificare;;;;prossimità civico 14;Scontro frontale/laterale DX fra veicoli in marcia;Rettilineo;Una carreggiata a senso unico di marcia;Bagnato (pioggia);Asfaltata;Assente;Pioggia in atto;Scarso;Sufficiente;Ore Diurne;1;0;0;1;12.45426;41.86147;-1;2;Ciclomotore;In marcia / fermata / arresto;Conducente;F;Rimandato;0;NON DECEDUTO;Utilizzato;
2967266;12;16/09/2016 17:00;Provinciale entro l'abitato;VIA LAURENTINA;da specificare;;;;dir. Roma altezza via Celine;Scontro laterale fra veicoli in marcia;Rettilineo;Più di due carreggiate;Asciutto;Asfaltata;Verticale ed orizzontale;Nuvoloso;Normale;Buona;Ore Diurne;0;0;0;3;12.48493;41.80869;-1;1;Autovettura privata;In marcia / fermata / arresto;Conducente;F;Illeso;0;;Utilizzato;Inesploso
2967266;12;16/09/2016 17:00;Provinciale entro l'abitato;VIA LAURENTINA;da specificare;;;;dir. Roma altezza via Celine;Scontro laterale fra veicoli in marcia;Rettilineo;Più di due carreggiate;Asciutto;Asfaltata;Verticale ed orizzontale;Nuvoloso;Normale;Buona;Ore Diurne;0;0;0;3;12.48493;41.80869;-1;2;Quadriciclo leggero;In marcia / fermata / arresto;Conducente;F;Illeso;0;;Utilizzato;Inesploso
2967266;12;16/09/2016 17:00;Provinciale entro l'abitato;VIA LAURENTINA;da specificare;;;;dir. Roma altezza via Celine;Scontro laterale fra veicoli in marcia;Rettilineo;Più di due carreggiate;Asciutto;Asfaltata;Verticale ed orizzontale;Nuvoloso;Normale;Buona;Ore Diurne;0;0;0;3;12.48493;41.80869;-1;2;Quadriciclo leggero;In marcia / fermata / arresto;Passeggero;F;Illeso;0;;Utilizzato;Inesploso
2967540;11;16/09/2016 10:00;Strada Urbana;PIAZZALE DEI CADUTI DELLA MONTAGNOLA;all'intersezione semaforizzata con;VIALE PICO DELLA MIRANDOLA;VIALE PICO DELLA MIRANDOLA;;;Scontro frontale/laterale SX fra veicoli in marcia;Intersezione semaforizzata;Una carreggiata a doppio senso;Bagnato (pioggia);Asfaltata;Verticale ed orizzontale;Nuvoloso;Normale;Sufficiente;Ore Diurne;0;0;0;2;12.48351;41.84531;-1;1;Autovettura privata;In marcia / fermata / arresto;Conducente;F;Illeso;0;;;
2967540;11;16/09/2016 10:00;Strada Urbana;PIAZZALE DEI CADUTI DELLA MONTAGNOLA;all'intersezione semaforizzata con;VIALE PICO DELLA MIRANDOLA;VIALE PICO DELLA MIRANDOLA;;;Scontro frontale/laterale SX fra veicoli in marcia;Intersezione semaforizzata;Una carreggiata a doppio senso;Bagnato (pioggia);Asfaltata;Verticale ed orizzontale;Nuvoloso;Normale;Sufficiente;Ore Diurne;0;0;0;2;12.48351;41.84531;-1;2;Autovettura privata;In marcia / fermata / arresto;Conducente;F;Illeso;0;;Non accertato;
2967546;1;16/09/2016 10:25;Strada Urbana;VIALE DELLE TERME DI CARACALLA;all'intersezione semaforizzata con;LARGO CAVALIERI DI COLOMBO;LARGO CAVALIERI DI COLOMBO;;;Scontro frontale/laterale SX fra veicoli in marcia;Intersezione semaforizzata;Più di due carreggiate;Bagnato (pioggia);Asfaltata;Verticale ed orizzontale;Pioggia in atto;Normale;Buona;Ore Diurne;2;0;0;0;12.49268;41.88201;-1;1;Autovettura privata;In marcia / fermata / arresto;Conducente;M;Rifiuta cure immediate;0;NON DECEDUTO;Non accertato;
2967546;1;16/09/2016 10:25;Strada Urbana;VIALE DELLE TERME DI CARACALLA;all'intersezione semaforizzata con;LARGO CAVALIERI DI COLOMBO;LARGO CAVALIERI DI COLOMBO;;;Scontro frontale/laterale SX fra veicoli in marcia;Intersezione semaforizzata;Più di due carreggiate;Bagnato (pioggia);Asfaltata;Verticale ed orizzontale;Pioggia in atto;Normale;Buona;Ore Diurne;2;0;0;0;12.49268;41.88201;-1;2;Autovettura privata;In marcia / fermata / arresto;Conducente;M;Rimandato;0;NON DECEDUTO;Non accertato;
2967563;15;16/09/2016 19:15;Strada Urbana;PIAZZA ANTONIO MEUCCI;all'intersezione con;VIA ODERISI DA GUBBIO;VIA ODERISI DA GUBBIO;;;Scontro laterale fra veicoli in marcia;Intersezione semaforizzata;Due carreggiate;Asciutto;Asfaltata;Verticale ed orizzontale;Nuvoloso;Normale;Sufficiente;Sufficiente;0;0;0;2;12.46397;41.86178;-1;1;Motrice;In marcia / fermata / arresto;Conducente;M;Illeso;0;;;
2967563;15;16/09/2016 19:15;Strada Urbana;PIAZZA ANTONIO MEUCCI;all'intersezione con;VIA ODERISI DA GUBBIO;VIA ODERISI DA GUBBIO;;;Scontro laterale fra veicoli in marcia;Intersezione semaforizzata;Due carreggiate;Asciutto;Asfaltata;Verticale ed orizzontale;Nuvoloso;Normale;Sufficiente;Sufficiente;0;0;0;2;12.46397;41.86178;-1;2;Autovettura privata;In marcia / fermata / arresto;Conducente;M;Illeso;0;;;
2967565;13;17/09/2016 03:40;Strada Urbana;VIALE DEL TINTORETTO;da specificare;;;;fronte civ. 290;Veicolo in marcia contro ostacolo fisso;Curva senza visuale libera;Due carreggiate;Bagnato (pioggia);Asfaltata;Verticale ed orizzontale;Sereno;Scarso;Sufficiente;Sufficiente;2;0;1;0;12.48978;41.83356;-1;1;Autovettura privata;In marcia / fermata / arresto;Conducente;M;Deceduto sul posto;-1;;Utilizzato;Esploso
2967565;13;17/09/2016 03:40;Strada Urbana;VIALE DEL TINTORETTO;da specificare;;;;fronte civ. 290;Veicolo in marcia contro ostacolo fisso;Curva senza visuale libera;Due carreggiate;Bagnato (pioggia);Asfaltata;Verticale ed orizzontale;Sereno;Scarso;Sufficiente;Sufficiente;2;0;1;0;12.48978;41.83356;-1;1;Autovettura privata;In marcia / fermata / arresto;Passeggero;M;Ricoverato;0;NON DECEDUTO;Non accertato;Esploso
2967565;13;17/09/2016 03:40;Strada Urbana;VIALE DEL TINTORETTO;da specificare;;;;fronte civ. 290;Veicolo in marcia contro ostacolo fisso;Curva senza visuale libera;Due carreggiate;Bagnato (pioggia);Asfaltata;Verticale ed orizzontale;Sereno;Scarso;Sufficiente;Sufficiente;2;0;1;0;12.48978;41.83356;-1;1;Autovettura privata;In marcia / fermata / arresto;Passeggero;M;Rimandato;0;NON DECEDUTO;Utilizzato;Esploso
2967571;7;16/09/2016 20:05;Strada Urbana;VIA PRENESTINA;in corrispondenza;;del civico n.;664;;Scontro frontale/laterale SX fra veicoli in marcia;Rettilineo;Una carreggiata a doppio senso;Bagnato (pioggia);Asfaltata;Orizzontale;Pioggia in atto;Normale;Buona;Sufficiente;0;0;0;2;12.70198;41.88919;-1;1;Autovettura privata;In marcia / fermata / arresto;Conducente;M;Illeso;0;;Non accertato;Inesploso
2967571;7;16/09/2016 20:05;Strada Urbana;VIA PRENESTINA;in corrispondenza;;del civico n.;664;;Scontro frontale/laterale SX fra veicoli in marcia;Rettilineo;Una carreggiata a doppio senso;Bagnato (pioggia);Asfaltata;Orizzontale;Pioggia in atto;Normale;Buona;Sufficiente;0;0;0;2;12.70198;41.88919;-1;2;Autovettura privata;In marcia / fermata / arresto;Conducente;M;Illeso;0;;Non accertato;Inesploso
2967591;15;16/09/2016 09:00;Strada Urbana;VIA QUIRINO MAJORANA;in prossimità;;del civico n.;39;;Scontro frontale/laterale SX fra veicoli in marcia;Rettilineo;Due carreggiate;Bagnato (pioggia);Asfaltata;Orizzontale;Pioggia in atto;Normale;Buona;Ore Diurne;2;0;0;2;12.46427;41.86586;-1;;;;Pedone;M;Rimandato;0;NON DECEDUTO;;
2967591;15;16/09/2016 09:00;Strada Urbana;VIA QUIRINO MAJORANA;in prossimità;;del civico n.;39;;Scontro frontale/laterale SX fra veicoli in marcia;Rettilineo;Due carreggiate;Bagnato (pioggia);Asfaltata;Orizzontale;Pioggia in atto;Normale;Buona;Ore Diurne;2;0;0;2;12.46427;41.86586;-1;1;Autovettura privata;In marcia / fermata / arresto;Conducente;M;Rimandato;0;NON DECEDUTO;Utilizzato;
2967591;15;16/09/2016 09:00;Strada Urbana;VIA QUIRINO MAJORANA;in prossimità;;del civico n.;39;;Scontro frontale/laterale SX fra veicoli in marcia;Rettilineo;Due carreggiate;Bagnato (pioggia);Asfaltata;Orizzontale;Pioggia in atto;Normale;Buona;Ore Diurne;2;0;0;2;12.46427;41.86586;-1;2;Autovettura privata;In marcia / fermata / arresto;Conducente;M;Illeso;0;;Utilizzato;
2967591;15;16/09/2016 09:00;Strada Urbana;VIA QUIRINO MAJORANA;in prossimità;;del civico n.;39;;Scontro frontale/laterale SX fra veicoli in marcia;Rettilineo;Due carreggiate;Bagnato (pioggia);Asfaltata;Orizzontale;Pioggia in atto;Normale;Buona;Ore Diurne;2;0;0;2;12.46427;41.86586;-1;2;Autovettura privata;In marcia / fermata / arresto;Passeggero;F;Illeso;0;;Utilizzato;
2967599;15;16/09/2016 09:50;Strada Urbana;VIA DELLA CASETTA MATTEI;all'intersezione semaforizzata con;VIA POGGIO VERDE;VIA POGGIO VERDE;;;Scontro laterale fra veicoli in marcia;Intersezione semaforizzata;Una carreggiata a doppio senso;Bagnato (pioggia);Asfaltata;Verticale ed orizzontale;Pioggia in atto;Normale;Sufficiente;Ore Diurne;0;0;0;3;12.42002;41.857;-1;1;Autovettura privata;In marcia / fermata / arresto;Conducente;F;Illeso;0;;Non accertato;Inesploso
2967599;15;16/09/2016 09:50;Strada Urbana;VIA DELLA CASETTA MATTEI;all'intersezione semaforizzata con;VIA POGGIO VERDE;VIA POGGIO VERDE;;;Scontro laterale fra veicoli in marcia;Intersezione semaforizzata;Una carreggiata a doppio senso;Bagnato (pioggia);Asfaltata;Verticale ed orizzontale;Pioggia in atto;Normale;Sufficiente;Ore Diurne;0;0;0;3;12.42002;41.857;-1;1;Autovettura privata;In marcia / fermata / arresto;Passeggero;M;Illeso;0;;Non accertato;Inesploso
2967599;15;16/09/2016 09:50;Strada Urbana;VIA DELLA CASETTA MATTEI;all'intersezione semaforizzata con;VIA POGGIO VERDE;VIA POGGIO VERDE;;;Scontro laterale fra veicoli in marcia;Intersezione semaforizzata;Una carreggiata a doppio senso;Bagnato (pioggia);Asfaltata;Verticale ed orizzontale;Pioggia in atto;Normale;Sufficiente;Ore Diurne;0;0;0;3;12.42002;41.857;-1;2;Autovettura privata;In marcia / fermata / arresto;Conducente;M;Illeso;0;;Non accertato;Inesploso
2967602;7;16/09/2016 21:15;Strada Urbana;VIA TOR DE' SCHIAVI;all'intersezione con;PIAZZA DELLE CAMELIE;PIAZZA DELLE CAMELIE;;;Veicolo in marcia contro ostacolo accidentale;Incrocio;Due carreggiate;Bagnato (pioggia);Asfaltata;Verticale;Pioggia in atto;Scarso;Buona;Sufficiente;1;0;0;0;12.56443;41.87584;-1;1;Motociclo con passeggero;In marcia / fermata / arresto;Conducente;M;Rimandato;0;NON DECEDUTO;Non accertato;