Protocollo;Gruppo;DataOraIncidente;Localizzazione1;STRADA1;Localizzazione2;STRADA2;Strada02;Chilometrica;DaSpecificare;NaturaIncidente;particolaritastrade;TipoStrada;FondoStradale;Pavimentazione;Segnaletica;CondizioneAtmosferica;Traffico;Visibilita;Illuminazione;NUM_FERITI;NUM_RISERVATA;NUM_MORTI;NUM_ILLESI;Longitudine;Latitudine;Confermato;Progressivo;TipoVeicolo;StatoVeicolo;TipoPersona;Sesso;Tipolesione;Deceduto;DecedutoDopo;CinturaCascoUtilizzato;Airbag
2969900;23;17/09/2016 16:45;Strada Urbana;PIAZZALE CRISTOFORO COLOMBO;all'intersezione con;LUNGOMARE AMERIGO VESPUCCI;LUNGOMARE AMERIGO VESPUCCI;;;Scontro frontale/laterale SX fra veicoli in marcia;Incrocio;Due carreggiate;Asciutto;Asfaltata;Verticale ed orizzontale;Nuvoloso;Normale;Buona;Ore Diurne;1;0;0;2;12.32218;41.719;-1;2;Autovettura privata;In marcia / fermata / arresto;Conducente;F;Illeso;0;;Non accertato;Inesploso
2969901;8;17/09/2016 19:20;Strada Urbana;VIALE MARIO PASTORE;da specificare;;;;100 mt prima inv. marcia dir. Romanina;Veicolo in marcia contro ostacolo accidentale;Curva a visuale libera;Una carreggiata a senso unico di marcia;Asciutto;Con buche;Verticale ed orizzontale;Sereno;Normale;Sufficiente;Inesistente;0;0;0;1;12.6067;41.85062;-1;1;Autovettura privata;In marcia / fermata / arresto;Conducente;M;Illeso;0;;Non accertato;Inesploso
2969904;13;18/09/2016 10:15;Strada Urbana;PIAZZALE DELL'AQUILONE;in corrispondenza;;del civico n.;4;;Scontro laterale fra veicoli in marcia;Rettilineo;Due carreggiate;Asciutto;Asfaltata;Verticale ed orizzontale;Sereno;Normale;Buona;Ore Diurne;0;0;0;3;12.3108;41.71717;-1;1;Autovettura privata;In marcia / fermata / arresto;Conducente;F;Illeso;0;;Non accertato;Inesploso
2969904;13;18/09/2016 10:15;Strada Urbana;PIAZZALE DELL'AQUILONE;in corrispondenza;;del civico n.;4;;Scontro laterale fra veicoli in marcia;Rettilineo;Due carreggiate;Asciutto;Asfaltata;Verticale ed orizzontale;Sereno;Normale;Buona;Ore Diurne;0;0;0;3;12.3108;41.71717;-1;2;Autovettura privata;In marcia / fermata / arresto;Conducente;M;Illeso;0;;Non accertato;Inesploso
2969904;13;18/09/2016 10:15;Strada Urbana;PIAZZALE DELL'AQUILONE;in corrispondenza;;del civico n.;4;;Scontro laterale fra veicoli in marcia;Rettilineo;Due carreggiate;Asciutto;Asfaltata;Verticale ed orizzontale;Sereno;Normale;Buona;Ore Diurne;0;0;0;3;12.3108;41.71717;-1;2;Autovettura privata;In marcia / fermata / arresto;Passeggero;F;Illeso;0;;Non accertato;Inesploso
2969905;8;17/09/2016 19:25;Strada Urbana;VIA MARIO PASTORE;da specificare;;;;dir. romanina a mt 100 inversione di marcia;Veicolo in marcia contro ostacolo accidentale;Curva senza visuale libera;Una carreggiata a senso unico di marcia;Asciutto;Con buche;Verticale ed orizzontale;Sereno;Normale;Sufficiente;Inesistente;0;0;0;1;12.6067;41.85062;-1;1;Autovettura privata;In marcia / fermata / arresto;Conducente;F;Illeso;0;;Non accertato;Inesploso
2969907;4;17/09/2016 17:30;Strada Urbana;VIA MONTE CERVIALTO;all'intersezione semaforizzata con;VIA FILIPPO ANTONIO GUALTERIO;VIA FILIPPO ANTONIO GUALTERIO;;;Veicolo in marcia contro ostacolo accidentale;Intersezione semaforizzata;Una carreggiata a doppio senso;Asciutto;Asfaltata;Verticale ed orizzontale;Sereno;Normale;Buona;Ore Diurne;0;0;0;1;12.52372;41.95271;-1;1;Autovettura privata;In marcia / fermata / arresto;Conducente;M;Illeso;0;;Non accertato;Inesploso
2969908;16;15/09/2016 12:30;Strada Urbana;VIALE AURELIO SAFFI;da specificare;;;;ALTEZZA SCALA RIGHETTO;Veicolo in marcia contro veicoli in sosta;Pendenza;Una carreggiata a doppio senso;Asciutto;Asfaltata;Verticale;Nuvoloso;Scarso;Buona;Ore Diurne;1;0;0;0;12.46661;41.88218;-1;1;Autovettura privata;In marcia / fermata / arresto;Conducente;F;Rimandato;0;NON DECEDUTO;Non accertato;Inesploso
2969911;8;18/09/2016 16:50;Strada Urbana;VIA SAMBUCA DI SICILIA;da specificare;;;;alt. via Rocca Fiorita;Veicolo in marcia contro ostacolo accidentale;Rettilineo;Una carreggiata a doppio senso;Asciutto;Strada pavimentata dissestata;Verticale;Nuvoloso;Scarso;Buona;Ore Diurne;0;0;0;1;12.65432;41.87291;-1;1;Autovettura privata;In marcia / fermata / arresto;Conducente;F;Illeso;0;;Non accertato;Inesploso
2969917;8;17/09/2016 15:00;Strada Urbana;VIA DI TOR BELLA MONACA;da specificare;;;;tra svincolo via Torrenova e cavalcavia;Veicolo in marcia contro ostacolo accidentale;Curva senza visuale libera;Due carreggiate;Asciutto;Asfaltata;Verticale ed orizzontale;Sereno;Scarso;Buona;Ore Diurne;0;0;0;2;12.61909;41.88346;-1;1;Autovettura privata;In marcia / fermata / arresto;Conducente;M;Illeso;0;;Utilizzato;Inesploso
2969917;8;17/09/2016 15:00;Strada Urbana;VIA DI TOR BELLA MONACA;da specificare;;;;tra svincolo via Torrenova e cavalcavia;Veicolo in marcia contro ostacolo accidentale;Curva senza visuale libera;Due carreggiate;Asciutto;Asfaltata;Verticale ed orizzontale;Sereno;Scarso;Buona;Ore Diurne;0;0;0;2;12.61909;41.88346;-1;1;Autovettura privata;In marcia / fermata / arresto;Passeggero;F;Illeso;0;;Non accertato;Inesploso
2969924;8;18/09/2016 21:00;Strada Urbana;VIA DI PASSOLOMBARDO;in corrispondenza;;del civico n.;322;;Veicolo in marcia contro ostacolo accidentale;Rettilineo;Una carreggiata a doppio senso;Bagnato (pioggia);Con buche;Assente;Pioggia in atto;Normale;Sufficiente;Sufficiente;0;0;0;3;12.6296;41.84486;-1;1;Autovettura privata;In marcia / fermata / arresto;Conducente;M;Illeso;0;;Non accertato;Inesploso
2969924;8;18/09/2016 21:00;Strada Urbana;VIA DI PASSOLOMBARDO;in corrispondenza;;del civico n.;322;;Veicolo in marcia contro ostacolo accidentale;Rettilineo;Una carreggiata a doppio senso;Bagnato (pioggia);Con buche;Assente;Pioggia in atto;Normale;Sufficiente;Sufficiente;0;0;0;3;12.6296;41.84486;-1;1;Autovettura privata;In marcia / fermata / arresto;Passeggero;F;Illeso;0;;Non accertato;Inesploso
2969924;8;18/09/2016 21:00;Strada Urbana;VIA DI PASSOLOMBARDO;in corrispondenza;;del civico n.;322;;Veicolo in marcia contro ostacolo accidentale;Rettilineo;Una carreggiata a doppio senso;Bagnato (pioggia);Con buche;Assente;Pioggia in atto;Normale;Sufficiente;Sufficiente;0;0;0;3;12.6296;41.84486;-1;1;Autovettura privata;In marcia / fermata / arresto;Passeggero;M;Illeso;0;;Non accertato;Inesploso
2969928;8;17/09/2016 18:40;Strada Urbana;VIA MARIO PASTORE;da specificare;;;;100 mt prima inversione marcia dir. romanina;Veicolo in marcia contro ostacolo accidentale;Dosso;Una carreggiata a senso unico di marcia;Asciutto;Asfaltata;Verticale ed orizzontale;Sereno;Scarso;Buona;Ore Diurne;0;0;0;1;12.6067;41.85062;-1;1;Autovettura privata;In marcia / fermata / arresto;Conducente;M;Illeso;0;;;Inesploso
2969929;23;17/09/2016 20:40;Strada Urbana;VIA RAFFAELE PERSICHETTI;da specificare;;;;tratto da Via Marmorata a P.le Porta S. Paolo;Scontro frontale/laterale DX fra veicoli in marcia;Rotatoria;Una carreggiata a senso unico di marcia;Asciutto;Asfaltata;Assente;Nuvoloso;Normale;Buona;Sufficiente;0;0;0;3;12.48091;41.87679;-1;1;Autovettura pubblica;In marcia / fermata / arresto;Conducente;M;Illeso;0;;Non accertato;
2969929;23;17/09/2016 20:40;Strada Urbana;VIA RAFFAELE PERSICHETTI;da specificare;;;;tratto da Via Marmorata a P.le Porta S. Paolo;Scontro frontale/laterale DX fra veicoli in marcia;Rotatoria;Una carreggiata a senso unico di marcia;Asciutto;Asfaltata;Assente;Nuvoloso;Normale;Buona;Sufficiente;0;0;0;3;12.48091;41.87679;-1;2;Autovettura privata;In marcia / fermata / arresto;Conducente;M;Illeso;0;;Non accertato;
2969929;23;17/09/2016 20:40;Strada Urbana;VIA RAFFAELE PERSICHETTI;da specificare;;;;tratto da Via Marmorata a P.le Porta S. Paolo;Scontro frontale/laterale DX fra veicoli in marcia;Rotatoria;Una carreggiata a senso unico di marcia;Asciutto;Asfaltata;Assente;Nuvoloso;Normale;Buona;Sufficiente;0;0;0;3;12.48091;41.87679;-1;2;Autovettura privata;In marcia / fermata / arresto;Passeggero;M;Illeso;0;;Non accertato;
2969931;8;17/09/2016 13:30;Strada Urbana;VIA MARIO PASTORE;da specificare;;;;100 mt prima inversione marcia dir. Romanina;Veicolo in marcia contro ostacolo accidentale;Rettilineo;Una carreggiata a senso unico di marcia;Asciutto;Asfaltata;Verticale ed orizzontale;Sereno;Scarso;Buona;Ore Diurne;0;0;0;1;12.6067;41.85062;-1;1;Autovettura privata;In marcia / fermata / arresto;Conducente;M;Illeso;0;;Non accertato;Inesploso
2969935;8;17/09/2016 17:45;Strada Urbana;VIA MARIO PASTORE;da specificare;;;;100 MT PRIMA INV. MARCIA DIR. ROMANINA;Veicolo in marcia contro ostacolo accidentale;Dosso;Una carreggiata a senso unico di marcia;Asciutto;Asfaltata;Verticale ed orizzontale;Nuvoloso;Normale;Buona;Ore Diurne;0;0;0;1;12.6067;41.85062;-1;1;Autovettura privata;In marcia / fermata / arresto;Conducente;M;Illeso;0;;Non accertato;Inesploso
2969940;8;17/09/2016 14:50;Strada Urbana;VIA MARIO PASTORE;da specificare;;;;100 MT PRIMA INVERSIONE MARCIA DIR. ROMANINA;Veicolo in marcia contro ostacolo accidentale;Curva a visuale libera;Una carreggiata a senso unico di marcia;Asciutto;Con buche;Verticale ed orizzontale;Nuvoloso;Normale;Buona;Ore Diurne;0;0;0;1;12.6067;41.85062;-1;1;Autovettura privata;In marcia / fermata / arresto;Conducente;M;Illeso;0;;Non accertato;Inesploso
2969945;8;17/09/2016 23:00;Strada Urbana;VIALE DI TORRE MAURA;in corrispondenza;;del palo luce n.;2;;Veicolo in marcia contro ostacolo accidentale;Rettilineo;Due carreggiate;Asciutto;Asfaltata;Verticale ed orizzontale;Sereno;Scarso;Buona;Sufficiente;0;0;0;2;12.59217;41.86022;-1;1;Autovettura privata;In marcia / fermata / arresto;Conducente;M;Illeso;0;;Non accertato;Inesploso
2969945;8;17/09/2016 23:00;Strada Urbana;VIALE DI TORRE MAURA;in corrispondenza;;del palo luce n.;2;;Veicolo in marcia contro ostacolo accidentale;Rettilineo;Due carreggiate;Asciutto;Asfaltata;Verticale ed orizzontale;Sereno;Scarso;Buona;Sufficiente;0;0;0;2;12.59217;41.86022;-1;1;Autovettura privata;In marcia / fermata / arresto;Passeggero;F;Illeso;0;;Non accertato;Inesploso
2969947;11;19/09/2016 08:15;Strada Urbana;VIA DELL'ALMONE;in prossimità;;del civico n.;37;;Tamponamento Multiplo;Rettilineo;Una carreggiata a doppio senso;Bagnato (pioggia);Asfaltata;Orizzontale;Nuvoloso;Intenso;Buona;Ore Diurne;1;0;0;5;12.53229;41.85791;-1;1;Autovettura privata;In marcia / fermata / arresto;Conducente;F;Illeso;0;;Non accertato;Inesploso
2969947;11;19/09/2016 08:15;Strada Urbana;VIA DELL'ALMONE;in prossimità;;del civico n.;37;;Tamponamento Multiplo;Rettilineo;Una carreggiata a doppio senso;Bagnato (pioggia);Asfaltata;Orizzontale;Nuvoloso;Intenso;Buona;Ore Diurne;1;0;0;5;12.53229;41.85791;-1;1;Autovettura privata;In marcia / fermata / arresto;Passeggero;M;Illeso;0;;Non accertato;Inesploso
2969947;11;19/09/2016 08:15;Strada Urbana;VIA DELL'ALMONE;in prossimità;;del civico n.;37;;Tamponamento Multiplo;Rettilineo;Una carreggiata a doppio senso;Bagnato (pioggia);Asfaltata;Orizzontale;Nuvoloso;Intenso;Buona;Ore Diurne;1;0;0;5;12.53229;41.85791;-1;2;Autovettura privata;In marcia / fermata / arresto;Conducente;M;Illeso;0;;Non accertato;Inesploso
2969947;11;19/09/2016 08:15;Strada Urbana;VIA DELL'ALMONE;in prossimità;;del civico n.;37;;Tamponamento Multiplo;Rettilineo;Una carreggiata a doppio senso;Bagnato (pioggia);Asfaltata;Orizzontale;Nuvoloso;Intenso;Buona;Ore Diurne;1;0;0;5;12.53229;41.85791;-1;3;Autovettura privata;In marcia / fermata / arresto;Conducente;M;Illeso;0;;Non accertato;Inesploso
2969947;11;19/09/2016 08:15;Strada Urbana;VIA DELL'ALMONE;in prossimità;;del civico n.;37;;Tamponamento Multiplo;Rettilineo;Una carreggiata a doppio senso;Bagnato (pioggia);Asfaltata;Orizzontale;Nuvoloso;Intenso;Buona;Ore Diurne;1;0;0;5;12.53229;41.85791;-1;4;Autovettura privata;In marcia / fermata / arresto;Conducente;M;Rimandato;0;NON DECEDUTO;Non accertato;Inesploso
2969947;11;19/09/2016 08:15;Strada Urbana;VIA DELL'ALMONE;in prossimità;;del civico n.;37;;Tamponamento Multiplo;Rettilineo;Una carreggiata a doppio senso;Bagnato (pioggia);Asfaltata;Orizzontale;Nuvoloso;Intenso;Buona;Ore Diurne;1;0;0;5;12.53229;41.85791;-1;5;Autovettura privata;In marcia / fermata / arresto;Conducente;M;Illeso;0;;Non accertato;Inesploso
2969948;8;17/09/2016 23:45;Strada Urbana;VIALE DI TORRE MAURA;in corrispondenza;;del palo luce n.;2;;Veicolo in marcia contro ostacolo accidentale;Rettilineo;Due carreggiate;Asciutto;Asfaltata;Verticale ed orizzontale;Sereno;Scarso;Buona;Sufficiente;0;0;0;2;12.59217;41.86022;-1;1;Autovettura privata;In marcia / fermata / arresto;Conducente;M;Illeso;0;;Non accertato;Inesploso
2969948;8;17/09/2016 23:45;Strada Urbana;VIALE DI TORRE MAURA;in corrispondenza;;del palo luce n.;2;;Veicolo in marcia contro ostacolo accidentale;Rettilineo;Due carreggiate;Asciutto;Asfaltata;Verticale ed orizzontale;Sereno;Scarso;Buona;Sufficiente;0;0;0;2;12.59217;41.86022;-1;1;Autovettura privata;In marcia / fermata / arresto;Passeggero;F;Illeso;0;;Non accertato;Inesploso
2969949;3;17/09/2016 22:15;Strada Urbana;VIALE DELL'UNIVERSITA';in corrispondenza;;del civico n.;2;;Scontro laterale fra veicoli in marcia;Rettilineo;Una carreggiata a doppio senso;Bagnato (umidità in atto);Asfaltata;Verticale ed orizzontale;Nuvoloso;Scarso;Buona;Insufficiente;1;0;0;1;12.5074;41.90284;-1;1;Autovettura privata;In marcia / fermata / arresto;Conducente;M;Illeso;0;;Non accertato;Inesploso
2969949;3;17/09/2016 22:15;Strada Urbana;VIALE DELL'UNIVERSITA';in corrispondenza;;del civico n.;2;;Scontro laterale fra veicoli in marcia;Rettilineo;Una carreggiata a doppio senso;Bagnato (umidità in atto);Asfaltata;Verticale ed orizzontale;Nuvoloso;Scarso;Buona;Insufficiente;1;0;0;1;12.5074;41.90284;-1;2;Motociclo a solo;In marcia / fermata / arresto;Conducente;M;Rimandato;0;NON DECEDUTO;Non accertato;
2969950;3;18/09/2016 05:20;Strada Urbana;VIA CILICIA;in corrispondenza;;del civico n.;53;;Veicolo in marcia contro veicolo fermo;Rettilineo;Due carreggiate;Bagnato (pioggia);Asfaltata;Verticale ed orizzontale;Pioggia in atto;Scarso;Buona;Sufficiente;2;0;0;4;12.50407;41.8717;-1;1;Autovettura privata;In marcia / fermata / arresto;Conducente;M;Rimandato;0;NON DECEDUTO;Non accertato;Inesploso
2969950;3;18/09/2016 05:20;Strada Urbana;VIA CILICIA;in corrispondenza;;del civico n.;53;;Veicolo in marcia contro veicolo fermo;Rettilineo;Due carreggiate;Bagnato (pioggia);Asfaltata;Verticale ed orizzontale;Pioggia in atto;Scarso;Buona;Sufficiente;2;0;0;4;12.50407;41.8717;-1;1;Autovettura privata;In marcia / fermata / arresto;Passeggero;M;Rimandato;0;NON DECEDUTO;Non accertato;Inesploso
2969950;3;18/09/2016 05:20;Strada Urbana;VIA CILICIA;in corrispondenza;;del civico n.;53;;Veicolo in marcia contro veicolo fermo;Rettilineo;Due carreggiate;Bagnato (pioggia);Asfaltata;Verticale ed orizzontale;Pioggia in atto;Scarso;Buona;Sufficiente;2;0;0;4;12.50407;41.8717;-1;2;Autovettura privata;In marcia / fermata / arresto;Conducente;M;Illeso;0;;Non accertato;Inesploso
2969950;3;18/09/2016 05:20;Strada Urbana;VIA CILICIA;in corrispondenza;;del civico n.;53;;Veicolo in marcia contro veicolo fermo;Rettilineo;Due carreggiate;Bagnato (pioggia);Asfaltata;Verticale ed orizzontale;Pioggia in atto;Scarso;Buona;Sufficiente;2;0;0;4;12.50407;41.8717;-1;2;Autovettura privata;In marcia / fermata / arresto;Passeggero;F;Illeso;0;;Non accertato;Inesploso
2969950;3;18/09/2016 05:20;Strada Urbana;VIA CILICIA;in corrispondenza;;del civico n.;53;;Veicolo in marcia contro veicolo fermo;Rettilineo;Due carreggiate;Bagnato (pioggia);Asfaltata;Verticale ed orizzontale;Pioggia in atto;Scarso;Buona;Sufficiente;2;0;0;4;12.50407;41.8717;-1;2;Autovettura privata;In marcia / fermata / arresto;Passeggero;F;Illeso;0;;Non accertato;Inesploso
2969950;3;18/09/2016 05:20;Strada Urbana;VIA CILICIA;in corrispondenza;;del civico n.;53;;Veicolo in marcia contro veicolo fermo;Rettilineo;Due carreggiate;Bagnato (pioggia);Asfaltata;Verticale ed orizzontale;Pioggia in atto;Scarso;Buona;Sufficiente;2;0;0;4;12.50407;41.8717;-1;2;Autovettura privata;In marcia / fermata / arresto;Passeggero;M;Illeso;0;;Non accertato;Inesploso
2969951;8;17/09/2016 19:20;Strada Urbana;VIA MARIO PASTORE;da specificare;;;;100 mt da inverisone di marcia dir. GRA;Veicolo in marcia contro ostacolo accidentale;Rettilineo;Una carreggiata a senso unico di marcia;Asciutto;Asfaltata;Orizzontale;Nuvoloso;Normale;Insufficiente;Insufficiente;0;0;0;2;12.6067;41.85062;-1;1;Autovettura privata;In marcia / fermata / arresto;Conducente;M;Illeso;0;;Non accertato;Inesploso
2969951;8;17/09/2016 19:20;Strada Urbana;VIA MARIO PASTORE;da specificare;;;;100 mt da inverisone di marcia dir. GRA;Veicolo in marcia contro ostacolo accidentale;Rettilineo;Una carreggiata a senso unico di marcia;Asciutto;Asfaltata;Orizzontale;Nuvoloso;Normale;Insufficiente;Insufficiente;0;0;0;2;12.6067;41.85062;-1;1;Autovettura privata;In marcia / fermata / arresto;Passeggero;M;Illeso;0;;Non accertato;Inesploso
2969957;8;18/09/2016 23:00;Strada Urbana;VIA DI LUNGHEZZINA;da specificare;;;;200 MT DOPO VIA POLENSE DIR. LUNGHEZZA;Veicolo in marcia contro ostacolo accidentale;Curva senza visuale libera;Una carreggiata a doppio senso;Bagnato (pioggia);Asfaltata;Assente;Pioggia in atto;Normale;Insufficiente;Inesistente;0;0;0;1;12.72053;41.91841;-1;1;Autovettura privata;In marcia / fermata / arresto;Conducente;M;Illeso;0;;Non accertato;Inesploso
2969961;8;17/09/2016 20:06;Strada Urbana;VIALE DUILIO CAMBELLOTTI;in prossimità;;del civico n.;167;;Veicolo in marcia contro ostacolo accidentale;Rettilineo;Due carreggiate;Asciutto;Con buche;Orizzontale;Nuvoloso;Normale;Sufficiente;Ore Diurne;0;0;0;1;12.63011;41.86771;-1;1;Autovettura privata;In marcia / fermata / arresto;Conducente;M;Illeso;0;;Non accertato;Inesploso
2969966;8;17/09/2016 20:30;Strada Urbana;VIA MARIO PASTORE;da specificare;;;;100 MT DALL'INVERSIONE DI MARCIA DIR. GRA;Veicolo in marcia contro ostacolo accidentale;Rettilineo;Una carreggiata a senso unico di marcia;Asciutto;Con buche;Orizzontale;Nuvoloso;Normale;Insufficiente;Inesistente;0;0;0;2;12.6067;41.85062;-1;1;Autovettura privata;In marcia / fermata / arresto;Conducente;F;Illeso;0;;Non accertato;Inesploso
2969966;8;17/09/2016 20:30;Strada Urbana;VIA MARIO PASTORE;da specificare;;;;100 MT DALL'INVERSIONE DI MARCIA DIR. GRA;Veicolo in marcia contro ostacolo accidentale;Rettilineo;Una carreggiata a senso unico di marcia;Asciutto;Con buche;Orizzontale;Nuvoloso;Normale;Insufficiente;Inesistente;0;0;0;2;12.6067;41.85062;-1;1;Autovettura privata;In marcia / fermata / arresto;Passeggero;F;Illeso;0;;Non accertato;Inesploso
2969971;8;18/09/2016 00:05;Strada Urbana;VIALE DUILIO CAMBELLOTTI;da specificare;;;;IN PROX DI VIA ORAZIO PLACIDI;Veicolo in marcia contro ostacolo accidentale;Rettilineo;Due carreggiate;Asciutto;Asfaltata;Orizzontale;Sereno;Scarso;Sufficiente;Sufficiente;0;0;0;1;12.62907;41.86697;-1;1;Autovettura privata;In marcia / fermata / arresto;Conducente;M;Illeso;0;;Non accertato;Inesploso
2969974;8;18/09/2016 00:10;Strada Urbana;VIA DI TOR BELLA MONACA;da specificare;;;;DIR. GRA INVERSIONE DI MARCIA VIA DI TORRENOVA;Veicolo in marcia contro ostacolo accidentale;Rettilineo;Due carreggiate;Asciutto;Asfaltata;Orizzontale;Sereno;Scarso;Sufficiente;Sufficiente;0;0;0;1;12.62546;41.87779;-1;1;Autovettura privata;In marcia / fermata / arresto;Conducente;M;Illeso;0;;Non accertato;Inesploso
2969982;8;18/09/2016 07:25;Strada Urbana;VIA DI TOR BELLA MONACA;da specificare;;;;ALT. VIA DI TORRENOVA;Veicolo in marcia contro ostacolo accidentale;Curva a visuale libera;Due carreggiate;Bagnato (pioggia);Con buche;Verticale ed orizzontale;Pioggia in atto;Scarso;Buona;Ore Diurne;0;0;0;1;12.61962;41.88264;-1;1;Autovettura privata;In marcia / fermata / arresto;Conducente;M;Illeso;0;;Non accertato;Inesploso
2969989;8;18/09/2016 01:40;Strada Urbana;VIA DI PASSOLOMBARDO;da specificare;;;;FRONTE PALO LUCE N. 16;Veicolo in marcia contro ostacolo accidentale;Rettilineo;Una carreggiata a doppio senso;Asciutto;Asfaltata;Orizzontale;Sereno;Scarso;Sufficiente;Sufficiente;0;0;0;2;12.62996;41.84402;-1;1;Autovettura privata;In marcia / fermata / arresto;Conducente;M;Illeso;0;;Non accertato;Inesploso
2969989;8;18/09/2016 01:40;Strada Urbana;VIA DI PASSOLOMBARDO;da specificare;;;;FRONTE PALO LUCE N. 16;Veicolo in marcia contro ostacolo accidentale;Rettilineo;Una carreggiata a doppio senso;Asciutto;Asfaltata;Orizzontale;Sereno;Scarso;Sufficiente;Sufficiente;0;0;0;2;12.62996;41.84402;-1;1;Autovettura privata;In marcia / fermata / arresto;Passeggero;F;Illeso;0;;Non accertato;Inesploso
2969995;8;18/09/2016 11:40;Provinciale;VIA POLENSE;in corrispondenza;;del civico n.;595;;Scontro frontale/laterale SX fra veicoli in marcia;Rettilineo;Una carreggiata a doppio senso;Asciutto;Asfaltata;Verticale ed orizzontale;Nuvoloso;Normale;Buona;Ore Diurne;0;0;0;4;12.77336;41.91711;-1;1;Autovettura privata;In marcia / fermata / arresto;Conducente;M;Illeso;0;;Non accertato;Inesploso
2969995;8;18/09/2016 11:40;Provinciale;VIA POLENSE;in corrispondenza;;del civico n.;595;;Scontro frontale/laterale SX fra veicoli in marcia;Rettilineo;Una carreggiata a doppio senso;Asciutto;Asfaltata;Verticale ed orizzontale;Nuvoloso;Normale;Buona;Ore Diurne;0;0;0;4;12.77336;41.91711;-1;1;Autovettura privata;In marcia / fermata / arresto;Passeggero;F;Illeso;0;;Non accertato;Inesploso
2969995;8;18/09/2016 11:40;Provinciale;VIA POLENSE;in corrispondenza;;del civico n.;595;;Scontro frontale/laterale SX fra veicoli in marcia;Rettilineo;Una carreggiata a doppio senso;Asciutto;Asfaltata;Verticale ed orizzontale;Nuvoloso;Normale;Buona;Ore Diurne;0;0;0;4;12.77336;41.91711;-1;2;Autovettura privata;In marcia / fermata / arresto;Conducente;M;Illeso;0;;Non accertato;Inesploso
2969995;8;18/09/2016 11:40;Provinciale;VIA POLENSE;in corrispondenza;;del civico n.;595;;Scontro frontale/laterale SX fra veicoli in marcia;Rettilineo;Una carreggiata a doppio senso;Asciutto;Asfaltata;Verticale ed orizzontale;Nuvoloso;Normale;Buona;Ore Diurne;0;0;0;4;12.77336;41.91711;-1;2;Autovettura privata;In marcia / fermata / arresto;Passeggero;F;Illeso;0;;Non accertato;Inesploso
2970004;8;18/09/2016 21:45;Strada Urbana;VIA DI LUNGHEZZINA;da specificare;;;;200 MT DOPO VIA POLENSE DIR. LUNGHEZZA;Veicolo in marcia contro ostacolo accidentale;Curva a visuale libera;Una carreggiata a doppio senso;Bagnato (pioggia);Asfaltata;Assente;Pioggia in atto;Normale;Insufficiente;Inesistente;0;0;0;1;12.71947;41.9197;-1;1;Autovettura privata;In marcia / fermata / arresto;Conducente;M;Illeso;0;;Non accertato;Inesploso
2970008;8;18/09/2016 12:48;Strada Urbana;VIA DI TOR BELLA MONACA;da specificare;;;;ALT. SVINCOLO tORRENOVA DIR. GRA;Veicolo in marcia contro ostacolo accidentale;Curva a visuale libera;Una carreggiata a senso unico di marcia;Asciutto;Asfaltata;Verticale ed orizzontale;Sereno;Normale;Buona;Ore Diurne;0;0;0;1;12.61913;41.88322;-1;1;Autovettura privata;In marcia / fermata / arresto;Conducente;M;Illeso;0;;Non accertato;Inesploso
2970020;4;17/09/2016 15:30;Strada Urbana;VIA UGO OJETTI;da specificare;;;;prossimità fronte civico 385;Scontro laterale fra veicoli in marcia;Rettilineo;Due carreggiate;Asciutto;Asfaltata;Verticale ed orizzontale;Sereno;Normale;Sufficiente;Ore Diurne;0;0;0;2;12.55742;41.94976;-1;1;Autovettura privata;In marcia / fermata / arresto;Conducente;M;Illeso;0;;;
2970020;4;17/09/2016 15:30;Strada Urbana;VIA UGO OJETTI;da specificare;;;;prossimità fronte civico 385;Scontro laterale fra veicoli in marcia;Rettilineo;Due carreggiate;Asciutto;Asfaltata;Verticale ed orizzontale;Sereno;Normale;Sufficiente;Ore Diurne;0;0;0;2;12.55742;41.94976;-1;2;Autovettura privata;In marcia / fermata / arresto;Conducente;M;Illeso;0;;;
2970021;8;18/09/2016 20:00;Strada Urbana;VIA DI LUNGHEZZINA;da specificare;;;;200 MT DOPO VIA POLENSE DIR. LUNGHEZZA;Veicolo in marcia contro ostacolo accidentale;Curva a visuale libera;Una carreggiata a doppio senso;Bagnato (pioggia);Asfaltata;Assente;Pioggia in atto;Normale;Insufficiente;Inesistente;0;0;0;2;12.71876;41.92053;-1;1;Autovettura privata;In marcia / fermata / arresto;Conducente;F;Illeso;0;;Non accertato;Inesploso
2970021;8;18/09/2016 20:00;Strada Urbana;VIA DI LUNGHEZZINA;da specificare;;;;200 MT DOPO VIA POLENSE DIR. LUNGHEZZA;Veicolo in marcia contro ostacolo accidentale;Curva a visuale libera;Una carreggiata a doppio senso;Bagnato (pioggia);Asfaltata;Assente;Pioggia in atto;Normale;Insufficiente;Inesistente;0;0;0;2;12.71876;41.92053;-1;1;Autovettura privata;In marcia / fermata / arresto;Passeggero;F;Illeso;0;;Non accertato;Inesploso