Protocollo;Gruppo;DataOraIncidente;Localizzazione1;STRADA1;Localizzazione2;STRADA2;Strada02;Chilometrica;DaSpecificare;NaturaIncidente;particolaritastrade;TipoStrada;FondoStradale;Pavimentazione;Segnaletica;CondizioneAtmosferica;Traffico;Visibilita;Illuminazione;NUM_FERITI;NUM_RISERVATA;NUM_MORTI;NUM_ILLESI;Longitudine;Latitudine;Confermato;Progressivo;TipoVeicolo;StatoVeicolo;TipoPersona;Sesso;Tipolesione;Deceduto;DecedutoDopo;CinturaCascoUtilizzato;Airbag
2971789;7;20/09/2016 07:50;Strada Urbana;VIALE ALESSANDRINO;all'intersezione con;VIA DELL'INCORONATA;VIA DELL'INCORONATA;;;Scontro frontale/laterale SX fra veicoli in marcia;Incrocio;Una carreggiata a doppio senso;Asciutto;Asfaltata;Verticale ed orizzontale;Sereno;Normale;Buona;Ore Diurne;0;0;0;2;12.57652;41.8882;-1;2;Autovettura privata;In marcia / fermata / arresto;Conducente;M;Illeso;0;;Non accertato;Inesploso
2971790;1;19/09/2016 18:55;Strada Urbana;PIAZZA VENEZIA;da specificare;;;;FRONTE PIAZZA MADONNA DI LORETO;Veicolo in marcia contro ostacolo accidentale;Curva a visuale libera;Una carreggiata a senso unico di marcia;Viscido da liquidi oleosi;In cubetti di porfido;Assente;Nuvoloso;Normale;Buona;Ore Diurne;1;0;0;0;12.48255;41.89631;-1;1;Motociclo a solo;In marcia / fermata / arresto;Conducente;M;Rifiuta cure immediate;0;NON DECEDUTO;;
2971799;12;19/09/2016 13:05;Strada Urbana;VIALE EUROPA;in corrispondenza;;del civico n.;190;;Tamponamento;Rettilineo;Una carreggiata a doppio senso;Asciutto;Asfaltata;Verticale ed orizzontale;Nuvoloso;Normale;Buona;Ore Diurne;1;0;0;1;12.46763;41.83129;-1;1;Autovettura privata;In marcia / fermata / arresto;Conducente;M;Illeso;0;;Utilizzato;Inesploso
2971799;12;19/09/2016 13:05;Strada Urbana;VIALE EUROPA;in corrispondenza;;del civico n.;190;;Tamponamento;Rettilineo;Una carreggiata a doppio senso;Asciutto;Asfaltata;Verticale ed orizzontale;Nuvoloso;Normale;Buona;Ore Diurne;1;0;0;1;12.46763;41.83129;-1;2;Motociclo a solo;In marcia / fermata / arresto;Conducente;M;Rimandato;0;NON DECEDUTO;Utilizzato;
2971831;9;20/09/2016 10:00;Strada Urbana;VIA ALBANO;in prossimità;;del civico n.;77;;Scontro laterale fra veicoli in marcia;Rettilineo;Una carreggiata a senso unico di marcia;Asciutto;Asfaltata;Verticale ed orizzontale;Sereno;Normale;Buona;Ore Diurne;0;0;0;2;12.53079;41.86829;-1;1;Autovettura privata;In marcia / fermata / arresto;Conducente;F;Illeso;0;;Utilizzato;Inesploso
2971831;9;20/09/2016 10:00;Strada Urbana;VIA ALBANO;in prossimità;;del civico n.;77;;Scontro laterale fra veicoli in marcia;Rettilineo;Una carreggiata a senso unico di marcia;Asciutto;Asfaltata;Verticale ed orizzontale;Sereno;Normale;Buona;Ore Diurne;0;0;0;2;12.53079;41.86829;-1;2;Motociclo a solo;In marcia / fermata / arresto;Conducente;M;Illeso;0;;Utilizzato;
2971854;23;18/09/2016 15:30;Strada Urbana;VIA DI RIPETTA;all'intersezione semaforizzata con;VIA TOMACELLI;VIA TOMACELLI;;;Scontro frontale/laterale SX fra veicoli in marcia;Intersezione semaforizzata;Una carreggiata a doppio senso;Asciutto;Acciotolata;Verticale;Nuvoloso;Scarso;Buona;Sufficiente;0;0;0;3;12.47549;41.90491;-1;1;Autovettura privata;In marcia / fermata / arresto;Conducente;M;Illeso;0;;Non accertato;Inesploso
2971854;23;18/09/2016 15:30;Strada Urbana;VIA DI RIPETTA;all'intersezione semaforizzata con;VIA TOMACELLI;VIA TOMACELLI;;;Scontro frontale/laterale SX fra veicoli in marcia;Intersezione semaforizzata;Una carreggiata a doppio senso;Asciutto;Acciotolata;Verticale;Nuvoloso;Scarso;Buona;Sufficiente;0;0;0;3;12.47549;41.90491;-1;2;Autovettura privata;In marcia / fermata / arresto;Conducente;F;Illeso;0;;Non accertato;Inesploso
2971854;23;18/09/2016 15:30;Strada Urbana;VIA DI RIPETTA;all'intersezione semaforizzata con;VIA TOMACELLI;VIA TOMACELLI;;;Scontro frontale/laterale SX fra veicoli in marcia;Intersezione semaforizzata;Una carreggiata a doppio senso;Asciutto;Acciotolata;Verticale;Nuvoloso;Scarso;Buona;Sufficiente;0;0;0;3;12.47549;41.90491;-1;2;Autovettura privata;In marcia / fermata / arresto;Passeggero;M;Illeso;0;;Non accertato;Inesploso
2971877;23;20/09/2016 10:25;Strada Urbana;PIAZZA DI PONTE UMBERTO I;da specificare;;;;POCO PRIMA DI LUNGOTEVERE MARZIO;Scontro frontale/laterale DX fra veicoli in marcia;Rettilineo;Una carreggiata a senso unico di marcia;Asciutto;Asfaltata;Verticale ed orizzontale;Sereno;Normale;Buona;Ore Diurne;1;0;0;3;12.47173;41.90216;-1;1;Autovettura privata;In marcia / fermata / arresto;Conducente;M;Illeso;0;;Utilizzato;Inesploso
2971877;23;20/09/2016 10:25;Strada Urbana;PIAZZA DI PONTE UMBERTO I;da specificare;;;;POCO PRIMA DI LUNGOTEVERE MARZIO;Scontro frontale/laterale DX fra veicoli in marcia;Rettilineo;Una carreggiata a senso unico di marcia;Asciutto;Asfaltata;Verticale ed orizzontale;Sereno;Normale;Buona;Ore Diurne;1;0;0;3;12.47173;41.90216;-1;1;Autovettura privata;In marcia / fermata / arresto;Passeggero;F;Illeso;0;;Non accertato;Inesistente
2971877;23;20/09/2016 10:25;Strada Urbana;PIAZZA DI PONTE UMBERTO I;da specificare;;;;POCO PRIMA DI LUNGOTEVERE MARZIO;Scontro frontale/laterale DX fra veicoli in marcia;Rettilineo;Una carreggiata a senso unico di marcia;Asciutto;Asfaltata;Verticale ed orizzontale;Sereno;Normale;Buona;Ore Diurne;1;0;0;3;12.47173;41.90216;-1;1;Autovettura privata;In marcia / fermata / arresto;Passeggero;F;Illeso;0;;Utilizzato;Inesploso
2971877;23;20/09/2016 10:25;Strada Urbana;PIAZZA DI PONTE UMBERTO I;da specificare;;;;POCO PRIMA DI LUNGOTEVERE MARZIO;Scontro frontale/laterale DX fra veicoli in marcia;Rettilineo;Una carreggiata a senso unico di marcia;Asciutto;Asfaltata;Verticale ed orizzontale;Sereno;Normale;Buona;Ore Diurne;1;0;0;3;12.47173;41.90216;-1;2;Motociclo a solo;In marcia / fermata / arresto;Conducente;M;Rimandato;0;NON DECEDUTO;Utilizzato;
2971884;1;19/09/2016 18:35;Strada Urbana;PIAZZA VENEZIA;da specificare;;;;FRONTE VITTORIANO;Infortunio per sola frenata improvvisa;Curva a visuale libera;Una carreggiata a senso unico di marcia;Viscido da liquidi oleosi;In cubetti di porfido;Verticale ed orizzontale;Sereno;Intenso;Buona;Ore Diurne;0;0;0;1;12.48265;41.8956;-1;1;Motociclo a solo;In marcia / fermata / arresto;Conducente;M;Illeso;0;;;
2971903;2;19/09/2016 07:45;Strada Urbana;VIA PANAMA;in prossimità;;del civico n.;6;;Scontro frontale/laterale SX fra veicoli in marcia;Pendenza;Una carreggiata a doppio senso;Bagnato (umidità in atto);Asfaltata;Verticale ed orizzontale;Sereno;Intenso;Buona;Ore Diurne;1;0;0;2;12.49281;41.92261;-1;1;Autovettura privata;In marcia / fermata / arresto;Conducente;M;Illeso;0;;;
2971903;2;19/09/2016 07:45;Strada Urbana;VIA PANAMA;in prossimità;;del civico n.;6;;Scontro frontale/laterale SX fra veicoli in marcia;Pendenza;Una carreggiata a doppio senso;Bagnato (umidità in atto);Asfaltata;Verticale ed orizzontale;Sereno;Intenso;Buona;Ore Diurne;1;0;0;2;12.49281;41.92261;-1;1;Autovettura privata;In marcia / fermata / arresto;Passeggero;M;Illeso;0;;;
2971903;2;19/09/2016 07:45;Strada Urbana;VIA PANAMA;in prossimità;;del civico n.;6;;Scontro frontale/laterale SX fra veicoli in marcia;Pendenza;Una carreggiata a doppio senso;Bagnato (umidità in atto);Asfaltata;Verticale ed orizzontale;Sereno;Intenso;Buona;Ore Diurne;1;0;0;2;12.49281;41.92261;-1;2;Motociclo a solo;In marcia / fermata / arresto;Conducente;M;Ricoverato;0;NON DECEDUTO;;
2971906;2;19/09/2016 09:00;Strada Urbana;VIA DI PONTE SALARIO;da specificare;;;;prossimità palo Acea 89;Veicolo in marcia contro ostacolo accidentale;Rettilineo;Una carreggiata a doppio senso;Asciutto;Asfaltata;Orizzontale;Sereno;Intenso;Buona;Ore Diurne;0;0;0;1;12.49719;41.93541;-1;1;Autovettura privata;In marcia / fermata / arresto;Conducente;M;Illeso;0;;;
2971959;12;19/09/2016 09:00;Strada Urbana;VIALE DELL'UMANESIMO;da specificare;;;;per piazza VITA FINZI  direzione VIA C.COLOMBO;Tamponamento;Rettilineo;Una carreggiata a doppio senso;Bagnato (umidità in atto);Asfaltata;Verticale ed orizzontale;Sereno;Normale;Buona;Ore Diurne;0;0;0;2;12.47886;41.82074;-1;1;Autovettura privata;In marcia / fermata / arresto;Conducente;F;Illeso;0;;Non accertato;Inesploso
2971959;12;19/09/2016 09:00;Strada Urbana;VIALE DELL'UMANESIMO;da specificare;;;;per piazza VITA FINZI  direzione VIA C.COLOMBO;Tamponamento;Rettilineo;Una carreggiata a doppio senso;Bagnato (umidità in atto);Asfaltata;Verticale ed orizzontale;Sereno;Normale;Buona;Ore Diurne;0;0;0;2;12.47886;41.82074;-1;2;Autovettura privata;In marcia / fermata / arresto;Conducente;F;Illeso;0;;Non accertato;Inesploso
2971962;6;20/09/2016 10:45;Strada Urbana;VIA ERATOSTENE;in prossimità;;del civico n.;8;;Scontro frontale/laterale SX fra veicoli in marcia;Rettilineo;Una carreggiata a doppio senso;Asciutto;Asfaltata;Assente;Sereno;Scarso;Buona;Ore Diurne;0;0;0;1;12.54184;41.8818;-1;1;Autovettura privata;In marcia / fermata / arresto;Conducente;F;Illeso;0;;Non accertato;Inesploso
2971996;7;20/09/2016 10:40;Strada Urbana;VIA DELLE NESPOLE;in prossimità;;del civico n.;220;;Veicolo in marcia contro ostacolo fisso;Rettilineo;Una carreggiata a doppio senso;Asciutto;Asfaltata;Assente;Nuvoloso;Normale;Buona;Ore Diurne;0;0;0;1;12.58615;41.8768;-1;1;Autovettura privata;In marcia / fermata / arresto;Conducente;F;Illeso;0;;Non accertato;Inesploso
2972017;7;20/09/2016 07:45;Strada Urbana;VIALE PALMIRO TOGLIATTI;in prossimità;;del civico n.;251;;Tamponamento;Rettilineo;Due carreggiate;Asciutto;Asfaltata;Verticale ed orizzontale;Sereno;Normale;Buona;Ore Diurne;0;0;0;3;12.56884;41.86247;-1;1;Autovettura privata;In marcia / fermata / arresto;Conducente;M;Illeso;0;;Non accertato;Inesploso
2972017;7;20/09/2016 07:45;Strada Urbana;VIALE PALMIRO TOGLIATTI;in prossimità;;del civico n.;251;;Tamponamento;Rettilineo;Due carreggiate;Asciutto;Asfaltata;Verticale ed orizzontale;Sereno;Normale;Buona;Ore Diurne;0;0;0;3;12.56884;41.86247;-1;2;Autovettura privata;In marcia / fermata / arresto;Conducente;F;Illeso;0;;Non accertato;Inesploso
2972017;7;20/09/2016 07:45;Strada Urbana;VIALE PALMIRO TOGLIATTI;in prossimità;;del civico n.;251;;Tamponamento;Rettilineo;Due carreggiate;Asciutto;Asfaltata;Verticale ed orizzontale;Sereno;Normale;Buona;Ore Diurne;0;0;0;3;12.56884;41.86247;-1;2;Autovettura privata;In marcia / fermata / arresto;Passeggero;F;Illeso;0;;Non accertato;Inesploso
2972126;1;19/09/2016 16:10;Strada Urbana;VIA UMBERTO BIANCAMANO;all'intersezione con;VIA CONTE ROSSO;VIA CONTE ROSSO;;;Scontro frontale/laterale SX fra veicoli in marcia;Incrocio;Una carreggiata a senso unico di marcia;Asciutto;Asfaltata;Assente;Nuvoloso;Scarso;Buona;Ore Diurne;0;0;0;3;12.51099;41.88773;-1;1;Autovettura privata;In marcia / fermata / arresto;Conducente;F;Illeso;0;;Non accertato;Inesploso
2972126;1;19/09/2016 16:10;Strada Urbana;VIA UMBERTO BIANCAMANO;all'intersezione con;VIA CONTE ROSSO;VIA CONTE ROSSO;;;Scontro frontale/laterale SX fra veicoli in marcia;Incrocio;Una carreggiata a senso unico di marcia;Asciutto;Asfaltata;Assente;Nuvoloso;Scarso;Buona;Ore Diurne;0;0;0;3;12.51099;41.88773;-1;2;Autovettura privata;In marcia / fermata / arresto;Conducente;F;Illeso;0;;Non accertato;Inesploso
2972126;1;19/09/2016 16:10;Strada Urbana;VIA UMBERTO BIANCAMANO;all'intersezione con;VIA CONTE ROSSO;VIA CONTE ROSSO;;;Scontro frontale/laterale SX fra veicoli in marcia;Incrocio;Una carreggiata a senso unico di marcia;Asciutto;Asfaltata;Assente;Nuvoloso;Scarso;Buona;Ore Diurne;0;0;0;3;12.51099;41.88773;-1;2;Autovettura privata;In marcia / fermata / arresto;Passeggero;F;Illeso;0;;Non accertato;
2972182;9;20/09/2016 11:30;Strada Urbana;VIA CASILINA;da specificare;;;;fronte civico 7;Veicolo in marcia contro ostacolo accidentale;Rettilineo;Due carreggiate;Asciutto;Asfaltata;Verticale ed orizzontale;Sereno;Normale;Buona;Ore Diurne;0;0;0;1;12.51805;41.89006;-1;1;Autovettura privata;In marcia / fermata / arresto;Conducente;M;Illeso;0;;Non accertato;Inesploso
2972263;12;19/09/2016 19:10;Strada Urbana;VIA LAURENTINA;in prossimità;;del civico n.;610;;Scontro laterale fra veicoli in marcia;Rettilineo;Due carreggiate;Asciutto;Asfaltata;Verticale ed orizzontale;Sereno;Normale;Buona;Ore Diurne;1;0;0;1;12.54502;41.65414;-1;1;Autovettura privata;In marcia / fermata / arresto;Conducente;F;Illeso;0;;Utilizzato;Inesploso
2972263;12;19/09/2016 19:10;Strada Urbana;VIA LAURENTINA;in prossimità;;del civico n.;610;;Scontro laterale fra veicoli in marcia;Rettilineo;Due carreggiate;Asciutto;Asfaltata;Verticale ed orizzontale;Sereno;Normale;Buona;Ore Diurne;1;0;0;1;12.54502;41.65414;-1;2;Ciclomotore;In marcia / fermata / arresto;Conducente;M;Rimandato;0;NON DECEDUTO;Utilizzato;
2972276;18;20/09/2016 09:15;Strada Urbana;VIA DELLA MAGLIANELLA;in corrispondenza;;del civico n.;206;;Tamponamento;Rettilineo;Una carreggiata a doppio senso;Asciutto;Asfaltata;Assente;Sereno;Normale;Buona;Ore Diurne;0;0;0;2;12.38204;41.90375;-1;1;Autovettura privata;In marcia / fermata / arresto;Conducente;M;Illeso;0;;Non accertato;Inesploso
2972276;18;20/09/2016 09:15;Strada Urbana;VIA DELLA MAGLIANELLA;in corrispondenza;;del civico n.;206;;Tamponamento;Rettilineo;Una carreggiata a doppio senso;Asciutto;Asfaltata;Assente;Sereno;Normale;Buona;Ore Diurne;0;0;0;2;12.38204;41.90375;-1;2;Autovettura privata;In marcia / fermata / arresto;Conducente;M;Illeso;0;;Non accertato;Inesploso
2972279;18;20/09/2016 10:00;Strada Urbana;PIAZZALE GREGORIO VII;da specificare;;;;FRONTE CIVICO 65;Scontro laterale fra veicoli in marcia;Rettilineo;Più di due carreggiate;Asciutto;Asfaltata;Verticale ed orizzontale;Sereno;Intenso;Buona;Ore Diurne;0;0;0;2;12.45143;41.89889;-1;1;Autovettura privata;In marcia / fermata / arresto;Conducente;M;Illeso;0;;;
2972279;18;20/09/2016 10:00;Strada Urbana;PIAZZALE GREGORIO VII;da specificare;;;;FRONTE CIVICO 65;Scontro laterale fra veicoli in marcia;Rettilineo;Più di due carreggiate;Asciutto;Asfaltata;Verticale ed orizzontale;Sereno;Intenso;Buona;Ore Diurne;0;0;0;2;12.45143;41.89889;-1;2;Autovettura privata;In marcia / fermata / arresto;Conducente;F;Illeso;0;;;
2972281;18;20/09/2016 11:15;Strada Urbana;VIA MATTIA BATTISTINI;in corrispondenza;;del civico n.;184/B;;Investimento di pedone;Rettilineo;Una carreggiata a doppio senso;Asciutto;Asfaltata;Verticale ed orizzontale;Sereno;Normale;Buona;Ore Diurne;1;0;0;1;12.41859;41.9114;-1;;;;Pedone;F;Ricoverato;0;NON DECEDUTO;;
2972281;18;20/09/2016 11:15;Strada Urbana;VIA MATTIA BATTISTINI;in corrispondenza;;del civico n.;184/B;;Investimento di pedone;Rettilineo;Una carreggiata a doppio senso;Asciutto;Asfaltata;Verticale ed orizzontale;Sereno;Normale;Buona;Ore Diurne;1;0;0;1;12.41859;41.9114;-1;1;Autocarro inferiore 35 q.;In marcia / fermata / arresto;Conducente;M;Illeso;0;;Non accertato;Inesploso
2972286;12;19/09/2016 17:10;Strada Urbana;VIA CRISTOFORO COLOMBO;da specificare;;;;area parcheggio prox. via Cavaceppi;Veicolo in marcia contro ostacolo accidentale;Rettilineo;Una carreggiata a doppio senso;Asciutto;Asfaltata;Orizzontale;Nuvoloso;Scarso;Buona;Ore Diurne;0;0;0;1;12.42449;41.78815;-1;1;Autovettura privata;In marcia / fermata / arresto;Conducente;F;Illeso;0;;Utilizzato;Inesploso
2972296;12;19/09/2016 05:30;Strada Urbana;VIA OSTIENSE;in prossimità;;della chilometrica;6.3;;Fuoriuscita dalla sede stradale;Curva senza visuale libera;Una carreggiata a doppio senso;Bagnato (umidità in atto);Asfaltata;Verticale ed orizzontale;Nuvoloso;Normale;Buona;Sufficiente;0;0;0;1;12.42161;41.80982;-1;1;Autocarro inferiore 35 q.;In marcia / fermata / arresto;Conducente;M;Illeso;0;;Utilizzato;Inesploso
2972318;1;20/09/2016 10:00;Strada Urbana;VIA DELLA GRECA;all'intersezione semaforizzata con;VIA DI S. MARIA IN COSMEDIN;VIA DI S. MARIA IN COSMEDIN;;;Scontro laterale fra veicoli in marcia;Intersezione semaforizzata;Una carreggiata a doppio senso;Asciutto;Asfaltata;Verticale ed orizzontale;Sereno;Normale;Buona;Ore Diurne;1;0;0;3;12.4812;41.888;-1;1;Autobus in extraurbana;In marcia / fermata / arresto;Conducente;M;Illeso;0;;Non accertato;Inesploso
2972318;1;20/09/2016 10:00;Strada Urbana;VIA DELLA GRECA;all'intersezione semaforizzata con;VIA DI S. MARIA IN COSMEDIN;VIA DI S. MARIA IN COSMEDIN;;;Scontro laterale fra veicoli in marcia;Intersezione semaforizzata;Una carreggiata a doppio senso;Asciutto;Asfaltata;Verticale ed orizzontale;Sereno;Normale;Buona;Ore Diurne;1;0;0;3;12.4812;41.888;-1;1;Autobus in extraurbana;In marcia / fermata / arresto;Passeggero;M;Illeso;0;;;
2972318;1;20/09/2016 10:00;Strada Urbana;VIA DELLA GRECA;all'intersezione semaforizzata con;VIA DI S. MARIA IN COSMEDIN;VIA DI S. MARIA IN COSMEDIN;;;Scontro laterale fra veicoli in marcia;Intersezione semaforizzata;Una carreggiata a doppio senso;Asciutto;Asfaltata;Verticale ed orizzontale;Sereno;Normale;Buona;Ore Diurne;1;0;0;3;12.4812;41.888;-1;2;Motociclo a solo;In marcia / fermata / arresto;Conducente;M;Rimandato;0;NON DECEDUTO;Non accertato;
2972344;15;20/09/2016 09:00;Strada Urbana;VIA DELLA MAGLIANA;da specificare;;;;rampa d'accesso al Viadotto direzione EUR;Scontro laterale fra veicoli in marcia;Rettilineo;Una carreggiata a senso unico di marcia;Asciutto;Asfaltata;Verticale ed orizzontale;Sereno;Intenso;Buona;Ore Diurne;0;0;0;2;12.42401;41.83394;-1;1;Autocarro superiore 35 q.;In marcia / fermata / arresto;Conducente;M;Illeso;0;;Utilizzato;Inesploso
2972344;15;20/09/2016 09:00;Strada Urbana;VIA DELLA MAGLIANA;da specificare;;;;rampa d'accesso al Viadotto direzione EUR;Scontro laterale fra veicoli in marcia;Rettilineo;Una carreggiata a senso unico di marcia;Asciutto;Asfaltata;Verticale ed orizzontale;Sereno;Intenso;Buona;Ore Diurne;0;0;0;2;12.42401;41.83394;-1;2;Autovettura privata;In marcia / fermata / arresto;Conducente;M;Illeso;0;;Utilizzato;Inesploso
2972360;15;20/09/2016 09:30;Strada Urbana;VIADOTTO DELLA MAGLIANA;da specificare;;;;rampa di uscita Magliana - Roma centro;Veicolo in marcia contro ostacolo accidentale;Rettilineo;Due carreggiate;Asciutto;Asfaltata;Verticale ed orizzontale;Sereno;Intenso;Buona;Ore Diurne;0;0;0;1;12.46325;41.84187;-1;1;Autovettura privata;In marcia / fermata / arresto;Conducente;M;Illeso;0;;Utilizzato;
2972368;1;20/09/2016 07:40;Strada Urbana;VIA VITTORIO VENETO;in corrispondenza;;del civico n.;58;;Scontro laterale fra veicoli in marcia;Rettilineo;Una carreggiata a doppio senso;Asciutto;Asfaltata;Verticale ed orizzontale;Sereno;Normale;Buona;Ore Diurne;1;0;0;3;12.48941;41.90609;-1;1;Autovettura privata;In marcia / fermata / arresto;Conducente;M;Illeso;0;;Non accertato;Inesploso
2972368;1;20/09/2016 07:40;Strada Urbana;VIA VITTORIO VENETO;in corrispondenza;;del civico n.;58;;Scontro laterale fra veicoli in marcia;Rettilineo;Una carreggiata a doppio senso;Asciutto;Asfaltata;Verticale ed orizzontale;Sereno;Normale;Buona;Ore Diurne;1;0;0;3;12.48941;41.90609;-1;1;Autovettura privata;In marcia / fermata / arresto;Passeggero;M;Illeso;0;;Non accertato;Inesploso
2972368;1;20/09/2016 07:40;Strada Urbana;VIA VITTORIO VENETO;in corrispondenza;;del civico n.;58;;Scontro laterale fra veicoli in marcia;Rettilineo;Una carreggiata a doppio senso;Asciutto;Asfaltata;Verticale ed orizzontale;Sereno;Normale;Buona;Ore Diurne;1;0;0;3;12.48941;41.90609;-1;1;Autovettura privata;In marcia / fermata / arresto;Passeggero;F;Illeso;0;;Non accertato;Inesploso
2972368;1;20/09/2016 07:40;Strada Urbana;VIA VITTORIO VENETO;in corrispondenza;;del civico n.;58;;Scontro laterale fra veicoli in marcia;Rettilineo;Una carreggiata a doppio senso;Asciutto;Asfaltata;Verticale ed orizzontale;Sereno;Normale;Buona;Ore Diurne;1;0;0;3;12.48941;41.90609;-1;2;Motociclo a solo;In marcia / fermata / arresto;Conducente;F;Rimandato;0;NON DECEDUTO;Non accertato;
2972372;6;20/09/2016 14:00;Strada Urbana;VIA DINO PENAZZATO;in corrispondenza;;del civico n.;114;;Tamponamento;Rettilineo;Una carreggiata a doppio senso;Asciutto;Asfaltata;Orizzontale;Sereno;Normale;Buona;Ore Diurne;0;0;0;2;12.5661;41.89844;-1;1;Autovettura privata;In marcia / fermata / arresto;Conducente;F;Illeso;0;;;
2972372;6;20/09/2016 14:00;Strada Urbana;VIA DINO PENAZZATO;in corrispondenza;;del civico n.;114;;Tamponamento;Rettilineo;Una carreggiata a doppio senso;Asciutto;Asfaltata;Orizzontale;Sereno;Normale;Buona;Ore Diurne;0;0;0;2;12.5661;41.89844;-1;2;Autovettura privata;In marcia / fermata / arresto;Conducente;M;Illeso;0;;;
2972373;15;20/09/2016 11:00;Strada Urbana;VIADOTTO DELLA MAGLIANA;da specificare;;;;svincolo Via della Magliana direzione centro;Veicolo in marcia contro ostacolo accidentale;Rettilineo;Due carreggiate;Asciutto;Asfaltata;Verticale ed orizzontale;Sereno;Intenso;Buona;Ore Diurne;0;0;0;1;12.46325;41.84187;-1;1;Autovettura pubblica;In marcia / fermata / arresto;Conducente;M;Illeso;0;;Utilizzato;
2972379;9;20/09/2016 14:15;Strada Urbana;CIRCONVALLAZIONE APPIA;all'intersezione semaforizzata con;VIA SIRIA;VIA SIRIA;;;Investimento di pedone;Intersezione semaforizzata;Una carreggiata a doppio senso;Asciutto;Asfaltata;Verticale ed orizzontale;Sereno;Normale;Buona;Ore Diurne;1;0;0;1;12.51159;41.87441;-1;;;;Pedone;F;Rimandato;0;NON DECEDUTO;;
2972379;9;20/09/2016 14:15;Strada Urbana;CIRCONVALLAZIONE APPIA;all'intersezione semaforizzata con;VIA SIRIA;VIA SIRIA;;;Investimento di pedone;Intersezione semaforizzata;Una carreggiata a doppio senso;Asciutto;Asfaltata;Verticale ed orizzontale;Sereno;Normale;Buona;Ore Diurne;1;0;0;1;12.51159;41.87441;-1;1;Autovettura privata;In marcia / fermata / arresto;Conducente;F;Illeso;0;;Non accertato;Inesploso
2972404;1;20/09/2016 09:45;Strada Urbana;LUNGOTEVERE DEI TEBALDI;da specificare;;;;ALTEZZA FERMATA BUS 71957;Investimento di pedone;Rettilineo;Una carreggiata a senso unico di marcia;Asciutto;Asfaltata;Verticale ed orizzontale;Sereno;Scarso;Buona;Ore Diurne;1;0;0;1;12.46889;41.89461;-1;;;;Pedone;F;Rimandato;0;NON DECEDUTO;;
2972404;1;20/09/2016 09:45;Strada Urbana;LUNGOTEVERE DEI TEBALDI;da specificare;;;;ALTEZZA FERMATA BUS 71957;Investimento di pedone;Rettilineo;Una carreggiata a senso unico di marcia;Asciutto;Asfaltata;Verticale ed orizzontale;Sereno;Scarso;Buona;Ore Diurne;1;0;0;1;12.46889;41.89461;-1;1;Motociclo a solo;In marcia / fermata / arresto;Conducente;M;Illeso;0;;Non accertato;
2972433;12;19/09/2016 05:30;Strada Urbana;VIA OSTIENSE;in prossimità;;della chilometrica;6.3;;Fuoriuscita dalla sede stradale;Curva senza visuale libera;Una carreggiata a doppio senso;Bagnato (umidità in atto);Asfaltata;Verticale ed orizzontale;Sereno;Normale;Buona;Ore Diurne;1;0;0;1;12.42161;41.80982;-1;1;Motociclo a solo;In marcia / fermata / arresto;Conducente;M;Rimandato;0;NON DECEDUTO;Utilizzato;
2972433;12;19/09/2016 05:30;Strada Urbana;VIA OSTIENSE;in prossimità;;della chilometrica;6.3;;Fuoriuscita dalla sede stradale;Curva senza visuale libera;Una carreggiata a doppio senso;Bagnato (umidità in atto);Asfaltata;Verticale ed orizzontale;Sereno;Normale;Buona;Ore Diurne;1;0;0;1;12.42161;41.80982;-1;2;Autocarro inferiore 35 q.;In marcia / fermata / arresto;Conducente;M;Illeso;0;;Utilizzato;Inesploso
2972459;1;20/09/2016 11:02;Strada Urbana;VIA CRISTOFORO COLOMBO;in corrispondenza;;del civico n.;1;;Tamponamento;Rettilineo;Due carreggiate;Asciutto;Asfaltata;Verticale ed orizzontale;Sereno;Normale;Buona;Ore Diurne;3;0;0;1;12.49757;41.87256;-1;1;Autovettura privata;In marcia / fermata / arresto;Conducente;F;Rifiuta cure immediate;0;NON DECEDUTO;Non accertato;Inesploso
2972459;1;20/09/2016 11:02;Strada Urbana;VIA CRISTOFORO COLOMBO;in corrispondenza;;del civico n.;1;;Tamponamento;Rettilineo;Due carreggiate;Asciutto;Asfaltata;Verticale ed orizzontale;Sereno;Normale;Buona;Ore Diurne;3;0;0;1;12.49757;41.87256;-1;1;Autovettura privata;In marcia / fermata / arresto;Passeggero;F;Rimandato;0;NON DECEDUTO;Non accertato;Inesploso
2972459;1;20/09/2016 11:02;Strada Urbana;VIA CRISTOFORO COLOMBO;in corrispondenza;;del civico n.;1;;Tamponamento;Rettilineo;Due carreggiate;Asciutto;Asfaltata;Verticale ed orizzontale;Sereno;Normale;Buona;Ore Diurne;3;0;0;1;12.49757;41.87256;-1;1;Autovettura privata;In marcia / fermata / arresto;Passeggero;M;Illeso;0;;Non accertato;
2972459;1;20/09/2016 11:02;Strada Urbana;VIA CRISTOFORO COLOMBO;in corrispondenza;;del civico n.;1;;Tamponamento;Rettilineo;Due carreggiate;Asciutto;Asfaltata;Verticale ed orizzontale;Sereno;Normale;Buona;Ore Diurne;3;0;0;1;12.49757;41.87256;-1;2;Autovettura privata;In marcia / fermata / arresto;Conducente;F;Rimandato;0;NON DECEDUTO;Non accertato;Esploso
2972539;11;20/09/2016 16:00;Strada Urbana;LARGO LAMBERTO LORIA;all'intersezione con;VIA CRISTOFORO COLOMBO;VIA CRISTOFORO COLOMBO;;;Tamponamento;Incrocio;Due carreggiate;Asciutto;Asfaltata;Verticale ed orizzontale;Sereno;Normale;Buona;Ore Diurne;0;0;0;3;12.49809;41.86229;-1;1;Autovettura privata;In marcia / fermata / arresto;Conducente;F;Illeso;0;;;