Protocollo;Gruppo;DataOraIncidente;Localizzazione1;STRADA1;Localizzazione2;STRADA2;Strada02;Chilometrica;DaSpecificare;NaturaIncidente;particolaritastrade;TipoStrada;FondoStradale;Pavimentazione;Segnaletica;CondizioneAtmosferica;Traffico;Visibilita;Illuminazione;NUM_FERITI;NUM_RISERVATA;NUM_MORTI;NUM_ILLESI;Longitudine;Latitudine;Confermato;Progressivo;TipoVeicolo;StatoVeicolo;TipoPersona;Sesso;Tipolesione;Deceduto;DecedutoDopo;CinturaCascoUtilizzato;Airbag
2974949;5;21/09/2016 20:30;Strada Urbana;VIALE DEI ROMANISTI;in prossimità;;del civico n.;4;;Veicolo in marcia contro ostacolo accidentale;Rettilineo;Due carreggiate;Asciutto;Asfaltata;Verticale ed orizzontale;Sereno;Intenso;Insufficiente;Insufficiente;0;0;0;1;12.58614;41.86537;-1;1;Motociclo a solo;In marcia / fermata / arresto;Conducente;M;Illeso;0;;Non accertato;
2974950;15;21/09/2016 06:10;Strada Urbana;VIALE GUGLIELMO MARCONI;in corrispondenza;;del civico n.;220;;Veicolo in marcia contro ostacolo accidentale;Rettilineo;Due carreggiate;Bagnato (pioggia);Asfaltata;Verticale;Pioggia in atto;Normale;Buona;Ore Diurne;0;0;0;1;12.46887;41.86498;-1;1;Autovettura privata;In marcia / fermata / arresto;Conducente;M;Illeso;0;;;
2974952;20;21/09/2016 19:35;Strada Urbana;VIA DEL FORO ITALICO;da specificare;;;;PROSSIMITA' PALO ACEA 280;Tamponamento Multiplo;Rettilineo;Due carreggiate;Asciutto;Asfaltata;Verticale ed orizzontale;Sereno;Intenso;Buona;Ore Diurne;1;0;0;4;12.48375;41.93991;-1;1;Autovettura privata;In marcia / fermata / arresto;Conducente;F;Illeso;0;;Non accertato;Inesploso
2974952;20;21/09/2016 19:35;Strada Urbana;VIA DEL FORO ITALICO;da specificare;;;;PROSSIMITA' PALO ACEA 280;Tamponamento Multiplo;Rettilineo;Due carreggiate;Asciutto;Asfaltata;Verticale ed orizzontale;Sereno;Intenso;Buona;Ore Diurne;1;0;0;4;12.48375;41.93991;-1;2;Autovettura privata;In marcia / fermata / arresto;Conducente;F;Rimandato;0;NON DECEDUTO;Non accertato;
2974952;20;21/09/2016 19:35;Strada Urbana;VIA DEL FORO ITALICO;da specificare;;;;PROSSIMITA' PALO ACEA 280;Tamponamento Multiplo;Rettilineo;Due carreggiate;Asciutto;Asfaltata;Verticale ed orizzontale;Sereno;Intenso;Buona;Ore Diurne;1;0;0;4;12.48375;41.93991;-1;3;Autovettura privata;In marcia / fermata / arresto;Conducente;F;Illeso;0;;Non accertato;Inesploso
2974952;20;21/09/2016 19:35;Strada Urbana;VIA DEL FORO ITALICO;da specificare;;;;PROSSIMITA' PALO ACEA 280;Tamponamento Multiplo;Rettilineo;Due carreggiate;Asciutto;Asfaltata;Verticale ed orizzontale;Sereno;Intenso;Buona;Ore Diurne;1;0;0;4;12.48375;41.93991;-1;4;Autovettura privata;In marcia / fermata / arresto;Conducente;M;Illeso;0;;Non accertato;Inesploso
2974952;20;21/09/2016 19:35;Strada Urbana;VIA DEL FORO ITALICO;da specificare;;;;PROSSIMITA' PALO ACEA 280;Tamponamento Multiplo;Rettilineo;Due carreggiate;Asciutto;Asfaltata;Verticale ed orizzontale;Sereno;Intenso;Buona;Ore Diurne;1;0;0;4;12.48375;41.93991;-1;4;Autovettura privata;In marcia / fermata / arresto;Passeggero;F;Illeso;0;;Non accertato;
2974955;4;21/09/2016 06:30;Strada Urbana;VIA NOMENTANA;in prossimità;;del civico n.;580;;Veicolo in marcia contro veicoli in sosta;Curva a visuale libera;Una carreggiata a doppio senso;Bagnato (umidità in atto);Asfaltata;Verticale ed orizzontale;Nuvoloso;Normale;Buona;Ore Diurne;0;0;0;1;12.53937;41.93691;-1;1;Autocarro inferiore 35 q.;In marcia / fermata / arresto;Conducente;M;Illeso;0;;Non accertato;Inesistente
2974960;7;21/09/2016 15:30;Strada Urbana;VIA ACHILLE VERTUNNI;in corrispondenza;;del civico n.;52;;Scontro frontale fra veicoli in marcia;Rettilineo;Una carreggiata a doppio senso;Asciutto;Asfaltata;Verticale ed orizzontale;Sereno;Normale;Buona;Ore Diurne;0;0;0;3;12.61423;41.90749;-1;1;Autovettura privata;In marcia / fermata / arresto;Conducente;M;Illeso;0;;;
2974960;7;21/09/2016 15:30;Strada Urbana;VIA ACHILLE VERTUNNI;in corrispondenza;;del civico n.;52;;Scontro frontale fra veicoli in marcia;Rettilineo;Una carreggiata a doppio senso;Asciutto;Asfaltata;Verticale ed orizzontale;Sereno;Normale;Buona;Ore Diurne;0;0;0;3;12.61423;41.90749;-1;2;Autocarro inferiore 35 q.;In marcia / fermata / arresto;Conducente;M;Illeso;0;;;
2974960;7;21/09/2016 15:30;Strada Urbana;VIA ACHILLE VERTUNNI;in corrispondenza;;del civico n.;52;;Scontro frontale fra veicoli in marcia;Rettilineo;Una carreggiata a doppio senso;Asciutto;Asfaltata;Verticale ed orizzontale;Sereno;Normale;Buona;Ore Diurne;0;0;0;3;12.61423;41.90749;-1;2;Autocarro inferiore 35 q.;In marcia / fermata / arresto;Passeggero;M;Illeso;0;;Non accertato;
2974962;18;21/09/2016 20:00;Strada Urbana;VIA DOMENICO TARDINI;in prossimità;;del civico n.;84;;Tamponamento Multiplo;Rettilineo;Più di due carreggiate;Asciutto;Asfaltata;Verticale ed orizzontale;Sereno;Normale;Sufficiente;Sufficiente;0;0;0;3;12.4254;41.90432;-1;1;Autovettura privata;In marcia / fermata / arresto;Conducente;M;Illeso;0;;Non accertato;Inesploso
2974962;18;21/09/2016 20:00;Strada Urbana;VIA DOMENICO TARDINI;in prossimità;;del civico n.;84;;Tamponamento Multiplo;Rettilineo;Più di due carreggiate;Asciutto;Asfaltata;Verticale ed orizzontale;Sereno;Normale;Sufficiente;Sufficiente;0;0;0;3;12.4254;41.90432;-1;2;Autovettura privata;In marcia / fermata / arresto;Conducente;M;Illeso;0;;Non accertato;Inesploso
2974962;18;21/09/2016 20:00;Strada Urbana;VIA DOMENICO TARDINI;in prossimità;;del civico n.;84;;Tamponamento Multiplo;Rettilineo;Più di due carreggiate;Asciutto;Asfaltata;Verticale ed orizzontale;Sereno;Normale;Sufficiente;Sufficiente;0;0;0;3;12.4254;41.90432;-1;3;Autovettura privata;In marcia / fermata / arresto;Conducente;M;Illeso;0;;Non accertato;Inesploso
2974965;4;21/09/2016 12:00;Strada Urbana;VIA LUIGI CAPUANA;all'intersezione con;VIA PIETRO ARETINO;VIA PIETRO ARETINO;;;Scontro laterale fra veicoli in marcia;Incrocio;Due carreggiate;Asciutto;Asfaltata;Verticale ed orizzontale;Sereno;Normale;Buona;Ore Diurne;0;0;0;2;12.5472;41.947;-1;1;Autovettura privata;In marcia / fermata / arresto;Conducente;F;Illeso;0;;Non accertato;
2974965;4;21/09/2016 12:00;Strada Urbana;VIA LUIGI CAPUANA;all'intersezione con;VIA PIETRO ARETINO;VIA PIETRO ARETINO;;;Scontro laterale fra veicoli in marcia;Incrocio;Due carreggiate;Asciutto;Asfaltata;Verticale ed orizzontale;Sereno;Normale;Buona;Ore Diurne;0;0;0;2;12.5472;41.947;-1;2;Autocarro inferiore 35 q.;In marcia / fermata / arresto;Conducente;M;Illeso;0;;Non accertato;
2974991;17;21/09/2016 13:30;Strada Urbana;VIA ANGELO EMO;in prossimità;;del civico n.;18;;Scontro laterale fra veicoli in marcia;Rettilineo;Due carreggiate;Asciutto;Asfaltata;Verticale ed orizzontale;Nuvoloso;Normale;Buona;Ore Diurne;0;0;0;2;12.44796;41.90581;-1;1;Autovettura privata;In marcia / fermata / arresto;Conducente;F;Illeso;0;;Non utilizzato;Inesploso
2974991;17;21/09/2016 13:30;Strada Urbana;VIA ANGELO EMO;in prossimità;;del civico n.;18;;Scontro laterale fra veicoli in marcia;Rettilineo;Due carreggiate;Asciutto;Asfaltata;Verticale ed orizzontale;Nuvoloso;Normale;Buona;Ore Diurne;0;0;0;2;12.44796;41.90581;-1;2;Autovettura privata;In marcia / fermata / arresto;Conducente;F;Illeso;0;;Non accertato;Inesploso
2974999;4;21/09/2016 13:20;Strada Urbana;VIA DELLE VIGNE NUOVE;in prossimità;;del civico n.;412;;Tamponamento Multiplo;Rettilineo;Una carreggiata a senso unico di marcia;Asciutto;Asfaltata;Orizzontale;Sereno;Normale;Buona;Ore Diurne;1;0;0;4;12.53592;41.95524;-1;1;Autovettura privata;In marcia / fermata / arresto;Conducente;M;Illeso;0;;Non accertato;
2974999;4;21/09/2016 13:20;Strada Urbana;VIA DELLE VIGNE NUOVE;in prossimità;;del civico n.;412;;Tamponamento Multiplo;Rettilineo;Una carreggiata a senso unico di marcia;Asciutto;Asfaltata;Orizzontale;Sereno;Normale;Buona;Ore Diurne;1;0;0;4;12.53592;41.95524;-1;1;Autovettura privata;In marcia / fermata / arresto;Passeggero;M;Illeso;0;;Non accertato;
2974999;4;21/09/2016 13:20;Strada Urbana;VIA DELLE VIGNE NUOVE;in prossimità;;del civico n.;412;;Tamponamento Multiplo;Rettilineo;Una carreggiata a senso unico di marcia;Asciutto;Asfaltata;Orizzontale;Sereno;Normale;Buona;Ore Diurne;1;0;0;4;12.53592;41.95524;-1;2;Autovettura privata;In marcia / fermata / arresto;Conducente;M;Illeso;0;;Non accertato;
2974999;4;21/09/2016 13:20;Strada Urbana;VIA DELLE VIGNE NUOVE;in prossimità;;del civico n.;412;;Tamponamento Multiplo;Rettilineo;Una carreggiata a senso unico di marcia;Asciutto;Asfaltata;Orizzontale;Sereno;Normale;Buona;Ore Diurne;1;0;0;4;12.53592;41.95524;-1;3;Autovettura privata;In marcia / fermata / arresto;Conducente;F;Illeso;0;;Non accertato;
2974999;4;21/09/2016 13:20;Strada Urbana;VIA DELLE VIGNE NUOVE;in prossimità;;del civico n.;412;;Tamponamento Multiplo;Rettilineo;Una carreggiata a senso unico di marcia;Asciutto;Asfaltata;Orizzontale;Sereno;Normale;Buona;Ore Diurne;1;0;0;4;12.53592;41.95524;-1;3;Autovettura privata;In marcia / fermata / arresto;Passeggero;F;Rimandato;0;NON DECEDUTO;Non accertato;
2975006;10;21/09/2016 20:30;Strada Urbana;VIA DELL'ACQUA VERGINE;in corrispondenza;;del civico n.;195;;Tamponamento;Rettilineo;Una carreggiata a doppio senso;Asciutto;Asfaltata;Assente;Sereno;Scarso;Buona;Sufficiente;2;0;0;1;12.62566;41.89776;-1;1;Autovettura privata;In marcia / fermata / arresto;Conducente;M;Illeso;0;;Non accertato;Inesploso
2975006;10;21/09/2016 20:30;Strada Urbana;VIA DELL'ACQUA VERGINE;in corrispondenza;;del civico n.;195;;Tamponamento;Rettilineo;Una carreggiata a doppio senso;Asciutto;Asfaltata;Assente;Sereno;Scarso;Buona;Sufficiente;2;0;0;1;12.62566;41.89776;-1;2;Motociclo con passeggero;In marcia / fermata / arresto;Conducente;M;Rimandato;0;NON DECEDUTO;Non accertato;
2975006;10;21/09/2016 20:30;Strada Urbana;VIA DELL'ACQUA VERGINE;in corrispondenza;;del civico n.;195;;Tamponamento;Rettilineo;Una carreggiata a doppio senso;Asciutto;Asfaltata;Assente;Sereno;Scarso;Buona;Sufficiente;2;0;0;1;12.62566;41.89776;-1;2;Motociclo con passeggero;In marcia / fermata / arresto;Passeggero;M;Rimandato;0;NON DECEDUTO;Non accertato;
2975024;16;16/09/2016 19:00;Strada Urbana;VIA FELICE BELLOTTI;all'intersezione con;VIALE ISACCO NEWTON;VIALE ISACCO NEWTON;;;Veicolo in marcia contro veicoli in arresto;Incrocio;Una carreggiata a doppio senso;Asciutto;Asfaltata;Verticale;Sereno;Normale;Buona;Ore Diurne;0;0;0;2;12.44019;41.85719;-1;1;Autovettura privata;In marcia / fermata / arresto;Conducente;M;Illeso;0;;Non accertato;
2975024;16;16/09/2016 19:00;Strada Urbana;VIA FELICE BELLOTTI;all'intersezione con;VIALE ISACCO NEWTON;VIALE ISACCO NEWTON;;;Veicolo in marcia contro veicoli in arresto;Incrocio;Una carreggiata a doppio senso;Asciutto;Asfaltata;Verticale;Sereno;Normale;Buona;Ore Diurne;0;0;0;2;12.44019;41.85719;-1;2;Autocarro inferiore 35 q.;In marcia / fermata / arresto;Conducente;M;Illeso;0;;;
2975027;7;21/09/2016 13:05;Strada Urbana;VIA DEI PIOPPI;in corrispondenza;;del civico n.;40;;Veicolo in marcia contro veicolo in sosta;Rettilineo;Una carreggiata a senso unico di marcia;Asciutto;Asfaltata;Orizzontale;Nuvoloso;Scarso;Buona;Ore Diurne;0;0;0;1;12.56952;41.87761;-1;2;Velocipede;In marcia / fermata / arresto;Conducente;M;Illeso;0;;Esente;
2975028;20;21/09/2016 13:20;Strada Urbana;VIA DI GROTTAROSSA;in prossimità;;del civico n.;1011;;Scontro laterale fra veicoli in marcia;Rettilineo;Una carreggiata a doppio senso;Asciutto;Asfaltata;Verticale;Nuvoloso;Normale;Buona;Ore Diurne;0;0;0;2;12.46877;41.98119;-1;2;Autobus di linea;In marcia / fermata / arresto;Conducente;M;Illeso;0;;Non accertato;Inesploso
2975028;20;21/09/2016 13:20;Strada Urbana;VIA DI GROTTAROSSA;in prossimità;;del civico n.;1011;;Scontro laterale fra veicoli in marcia;Rettilineo;Una carreggiata a doppio senso;Asciutto;Asfaltata;Verticale;Nuvoloso;Normale;Buona;Ore Diurne;0;0;0;2;12.46877;41.98119;-1;2;Autobus di linea;In marcia / fermata / arresto;Passeggero;F;Illeso;0;;;
2975042;4;21/09/2016 17:35;Strada Urbana;PIAZZA CAPRI;da specificare;;;;in prossimità di Viale Pantelleria;Scontro laterale fra veicoli in marcia;Rettilineo;Più di due carreggiate;Asciutto;Asfaltata;Verticale ed orizzontale;Sereno;Normale;Buona;Ore Diurne;0;0;0;3;12.5279;41.9442;-1;1;Autocarro inferiore 35 q.;In marcia / fermata / arresto;Conducente;M;Illeso;0;;Non accertato;Inesistente
2975042;4;21/09/2016 17:35;Strada Urbana;PIAZZA CAPRI;da specificare;;;;in prossimità di Viale Pantelleria;Scontro laterale fra veicoli in marcia;Rettilineo;Più di due carreggiate;Asciutto;Asfaltata;Verticale ed orizzontale;Sereno;Normale;Buona;Ore Diurne;0;0;0;3;12.5279;41.9442;-1;1;Autocarro inferiore 35 q.;In marcia / fermata / arresto;Passeggero;M;Illeso;0;;Non accertato;Inesploso
2975042;4;21/09/2016 17:35;Strada Urbana;PIAZZA CAPRI;da specificare;;;;in prossimità di Viale Pantelleria;Scontro laterale fra veicoli in marcia;Rettilineo;Più di due carreggiate;Asciutto;Asfaltata;Verticale ed orizzontale;Sereno;Normale;Buona;Ore Diurne;0;0;0;3;12.5279;41.9442;-1;2;Autovettura privata;In marcia / fermata / arresto;Conducente;F;Illeso;0;;Non accertato;Inesploso
2975043;17;21/09/2016 08:00;Strada Urbana;VIA CANDIA;all'intersezione semaforizzata con;VIA LEONE IV;VIA LEONE IV;;;Ribaltamento senza urto contro ostacolo fisso;Incrocio;Una carreggiata a senso unico di marcia;Bagnato (pioggia);Asfaltata;Verticale ed orizzontale;Pioggia in atto;Intenso;Buona;Ore Diurne;1;0;0;0;12.4552;41.9087;-1;1;Motociclo a solo;In marcia / fermata / arresto;Conducente;F;Rimandato;0;NON DECEDUTO;;
2975049;19;22/09/2016 02:30;Comunale extraurbana;VIADOTTO GIUBILEO DEL 2000;in prossimità;;della chilometrica;14.6;;Veicolo in marcia contro ostacolo fisso;Galleria illuminata;Una carreggiata a senso unico di marcia;Asciutto;Asfaltata;Orizzontale;Sereno;Scarso;Buona;Sufficiente;1;0;0;0;12.49538;41.98901;-1;1;Autovettura privata;In marcia / fermata / arresto;Conducente;F;Rimandato;0;NON DECEDUTO;Non accertato;Inesploso
2975052;7;21/09/2016 18:05;Strada Urbana;VIA DEI CASTANI;all'intersezione con;VIA DEI FAGGI;VIA DEI FAGGI;;;Investimento di pedone;Incrocio;Due carreggiate;Asciutto;Asfaltata;Verticale ed orizzontale;Sereno;Intenso;Buona;Ore Diurne;1;0;0;4;12.56673;41.8841;-1;;;;Pedone;M;Rimandato;0;NON DECEDUTO;;
2975052;7;21/09/2016 18:05;Strada Urbana;VIA DEI CASTANI;all'intersezione con;VIA DEI FAGGI;VIA DEI FAGGI;;;Investimento di pedone;Incrocio;Due carreggiate;Asciutto;Asfaltata;Verticale ed orizzontale;Sereno;Intenso;Buona;Ore Diurne;1;0;0;4;12.56673;41.8841;-1;1;Autovettura privata;In marcia / fermata / arresto;Conducente;M;Illeso;0;;;
2975052;7;21/09/2016 18:05;Strada Urbana;VIA DEI CASTANI;all'intersezione con;VIA DEI FAGGI;VIA DEI FAGGI;;;Investimento di pedone;Incrocio;Due carreggiate;Asciutto;Asfaltata;Verticale ed orizzontale;Sereno;Intenso;Buona;Ore Diurne;1;0;0;4;12.56673;41.8841;-1;1;Autovettura privata;In marcia / fermata / arresto;Passeggero;M;Illeso;0;;Non accertato;Inesploso
2975052;7;21/09/2016 18:05;Strada Urbana;VIA DEI CASTANI;all'intersezione con;VIA DEI FAGGI;VIA DEI FAGGI;;;Investimento di pedone;Incrocio;Due carreggiate;Asciutto;Asfaltata;Verticale ed orizzontale;Sereno;Intenso;Buona;Ore Diurne;1;0;0;4;12.56673;41.8841;-1;1;Autovettura privata;In marcia / fermata / arresto;Passeggero;M;Illeso;0;;;
2975092;19;21/09/2016 22:45;Strada Urbana;VIA BRACCIANENSE;in prossimità;;della chilometrica;7;;Veicolo in marcia contro ostacolo fisso;Rettilineo;Una carreggiata a doppio senso;Asciutto;Asfaltata;Orizzontale;Sereno;Scarso;Insufficiente;Inesistente;0;0;0;4;12.37291;42.01025;-1;1;Autovettura privata;In marcia / fermata / arresto;Conducente;F;Illeso;0;;;
2975092;19;21/09/2016 22:45;Strada Urbana;VIA BRACCIANENSE;in prossimità;;della chilometrica;7;;Veicolo in marcia contro ostacolo fisso;Rettilineo;Una carreggiata a doppio senso;Asciutto;Asfaltata;Orizzontale;Sereno;Scarso;Insufficiente;Inesistente;0;0;0;4;12.37291;42.01025;-1;1;Autovettura privata;In marcia / fermata / arresto;Passeggero;M;Illeso;0;;;
2975092;19;21/09/2016 22:45;Strada Urbana;VIA BRACCIANENSE;in prossimità;;della chilometrica;7;;Veicolo in marcia contro ostacolo fisso;Rettilineo;Una carreggiata a doppio senso;Asciutto;Asfaltata;Orizzontale;Sereno;Scarso;Insufficiente;Inesistente;0;0;0;4;12.37291;42.01025;-1;1;Autovettura privata;In marcia / fermata / arresto;Passeggero;F;Illeso;0;;;
2975110;10;22/09/2016 00:50;Strada Urbana;VIA ALBENGA;in corrispondenza;;del civico n.;31/a;;Scontro laterale fra veicoli in marcia;Rettilineo;Una carreggiata a doppio senso;Asciutto;Asfaltata;Verticale ed orizzontale;Sereno;Scarso;Sufficiente;Sufficiente;0;0;0;3;12.51717;41.87806;-1;1;Autovettura privata;In marcia / fermata / arresto;Conducente;M;Illeso;0;;Non accertato;Inesploso
2975110;10;22/09/2016 00:50;Strada Urbana;VIA ALBENGA;in corrispondenza;;del civico n.;31/a;;Scontro laterale fra veicoli in marcia;Rettilineo;Una carreggiata a doppio senso;Asciutto;Asfaltata;Verticale ed orizzontale;Sereno;Scarso;Sufficiente;Sufficiente;0;0;0;3;12.51717;41.87806;-1;1;Autovettura privata;In marcia / fermata / arresto;Passeggero;F;Illeso;0;;Non accertato;Inesploso
2975110;10;22/09/2016 00:50;Strada Urbana;VIA ALBENGA;in corrispondenza;;del civico n.;31/a;;Scontro laterale fra veicoli in marcia;Rettilineo;Una carreggiata a doppio senso;Asciutto;Asfaltata;Verticale ed orizzontale;Sereno;Scarso;Sufficiente;Sufficiente;0;0;0;3;12.51717;41.87806;-1;2;Autovettura privata;In marcia / fermata / arresto;Conducente;F;Illeso;0;;Non accertato;Inesploso
2975130;17;21/09/2016 02:10;Strada Urbana;VIA CIPRO;in corrispondenza;;del civico n.;60;;Veicolo in marcia contro veicolo in sosta;Rettilineo;Due carreggiate;Asciutto;Asfaltata;Assente;Sereno;Scarso;Buona;Sufficiente;0;0;0;1;12.44598;41.90667;-1;1;Autovettura privata;In marcia / fermata / arresto;Conducente;M;Illeso;0;;Non accertato;Inesploso
2975183;23;21/09/2016 08:00;Comunale extraurbana;VIA CRISTOFORO COLOMBO;all'intersezione semaforizzata con;VIA DEL CANALE DELLA LINGUA;VIA DEL CANALE DELLA LINGUA;;;Scontro frontale/laterale DX fra veicoli in marcia;Intersezione semaforizzata;Più di due carreggiate;Bagnato (umidità in atto);Asfaltata;Verticale ed orizzontale;Nuvoloso;Intenso;Buona;Ore Diurne;1;0;0;1;12.34566;41.73634;-1;1;Autovettura privata;In marcia / fermata / arresto;Conducente;M;Illeso;0;;Non accertato;Inesploso
2975183;23;21/09/2016 08:00;Comunale extraurbana;VIA CRISTOFORO COLOMBO;all'intersezione semaforizzata con;VIA DEL CANALE DELLA LINGUA;VIA DEL CANALE DELLA LINGUA;;;Scontro frontale/laterale DX fra veicoli in marcia;Intersezione semaforizzata;Più di due carreggiate;Bagnato (umidità in atto);Asfaltata;Verticale ed orizzontale;Nuvoloso;Intenso;Buona;Ore Diurne;1;0;0;1;12.34566;41.73634;-1;2;Autovettura privata;In marcia / fermata / arresto;Conducente;M;Rimandato;0;NON DECEDUTO;Utilizzato;Inesploso
2975200;13;21/09/2016 23:50;Strada Urbana;VIA LEONE XIII;da specificare;;;;tra sovrapasso via Aurelia e p.za del Bel Respiro;Fuoriuscita dalla sede stradale;Rettilineo;Due carreggiate;Asciutto;Asfaltata;Verticale ed orizzontale;Nuvoloso;Scarso;Buona;Sufficiente;0;0;1;0;12.44044;41.8822;-1;1;Motociclo a solo;In marcia / fermata / arresto;Conducente;M;Prognosi riservata;0;DECEDUTO DA 25 A 48 ORE DOPO;Utilizzato;
2975205;7;22/09/2016 08:45;Strada Urbana;VIA VINCENZO CESATI;in prossimità;;del civico n.;126;;Veicolo in marcia contro veicolo in sosta;Rettilineo;Una carreggiata a doppio senso;Asciutto;Asfaltata;Orizzontale;Sereno;Normale;Buona;Ore Diurne;0;0;0;2;12.56409;41.89364;-1;1;Autovettura privata;In marcia / fermata / arresto;Conducente;F;Illeso;0;;Non accertato;Inesploso
2975205;7;22/09/2016 08:45;Strada Urbana;VIA VINCENZO CESATI;in prossimità;;del civico n.;126;;Veicolo in marcia contro veicolo in sosta;Rettilineo;Una carreggiata a doppio senso;Asciutto;Asfaltata;Orizzontale;Sereno;Normale;Buona;Ore Diurne;0;0;0;2;12.56409;41.89364;-1;2;Autovettura privata;In marcia / fermata / arresto;Conducente;F;Illeso;0;;Non accertato;Inesploso
2975231;2;21/09/2016 19:40;Strada Urbana;VIA TAGLIAMENTO;all'intersezione con;VIA CLITUNNO;VIA CLITUNNO;;;Investimento di pedone;Intersezione stradale segnalata;Una carreggiata a doppio senso;Asciutto;Asfaltata;Verticale ed orizzontale;Sereno;Intenso;Buona;Sufficiente;1;0;0;1;12.50311;41.92016;-1;;;;Pedone;F;Ricoverato;0;NON DECEDUTO;;
2975231;2;21/09/2016 19:40;Strada Urbana;VIA TAGLIAMENTO;all'intersezione con;VIA CLITUNNO;VIA CLITUNNO;;;Investimento di pedone;Intersezione stradale segnalata;Una carreggiata a doppio senso;Asciutto;Asfaltata;Verticale ed orizzontale;Sereno;Intenso;Buona;Sufficiente;1;0;0;1;12.50311;41.92016;-1;1;Autocarro inferiore 35 q.;In marcia / fermata / arresto;Conducente;M;Illeso;0;;Non accertato;Inesploso
2975246;23;21/09/2016 10:30;Strada Urbana;VIA ISOLE DEL CAPO VERDE;all'intersezione con;VIA DEI PANFILI;VIA DEI PANFILI;;;Scontro laterale fra veicoli in marcia;Intersezione stradale segnalata;Due carreggiate;Asciutto;Asfaltata;Verticale ed orizzontale;Nuvoloso;Normale;Buona;Ore Diurne;0;0;0;3;12.27809;41.73868;-1;1;Autovettura di polizia;In marcia / fermata / arresto;Conducente;M;Illeso;0;;Esente;Inesploso
2975246;23;21/09/2016 10:30;Strada Urbana;VIA ISOLE DEL CAPO VERDE;all'intersezione con;VIA DEI PANFILI;VIA DEI PANFILI;;;Scontro laterale fra veicoli in marcia;Intersezione stradale segnalata;Due carreggiate;Asciutto;Asfaltata;Verticale ed orizzontale;Nuvoloso;Normale;Buona;Ore Diurne;0;0;0;3;12.27809;41.73868;-1;2;Autovettura privata;In marcia / fermata / arresto;Conducente;M;Illeso;0;;Non accertato;Inesploso
2975246;23;21/09/2016 10:30;Strada Urbana;VIA ISOLE DEL CAPO VERDE;all'intersezione con;VIA DEI PANFILI;VIA DEI PANFILI;;;Scontro laterale fra veicoli in marcia;Intersezione stradale segnalata;Due carreggiate;Asciutto;Asfaltata;Verticale ed orizzontale;Nuvoloso;Normale;Buona;Ore Diurne;0;0;0;3;12.27809;41.73868;-1;2;Autovettura privata;In marcia / fermata / arresto;Passeggero;F;Illeso;0;;Non accertato;Inesploso
2975264;23;21/09/2016 10:20;Comunale extraurbana;VIA CRISTOFORO COLOMBO;in prossimità;;della chilometrica;13.8;;Tamponamento;Rettilineo;Più di due carreggiate;Bagnato (umidità in atto);Asfaltata;Verticale ed orizzontale;Nuvoloso;Normale;Buona;Ore Diurne;1;0;0;2;12.42449;41.78815;-1;1;Autovettura privata;In marcia / fermata / arresto;Conducente;F;Illeso;0;;Non accertato;Inesploso
2975264;23;21/09/2016 10:20;Comunale extraurbana;VIA CRISTOFORO COLOMBO;in prossimità;;della chilometrica;13.8;;Tamponamento;Rettilineo;Più di due carreggiate;Bagnato (umidità in atto);Asfaltata;Verticale ed orizzontale;Nuvoloso;Normale;Buona;Ore Diurne;1;0;0;2;12.42449;41.78815;-1;1;Autovettura privata;In marcia / fermata / arresto;Passeggero;M;Rifiuta cure immediate;0;NON DECEDUTO;Non accertato;Inesploso
2975264;23;21/09/2016 10:20;Comunale extraurbana;VIA CRISTOFORO COLOMBO;in prossimità;;della chilometrica;13.8;;Tamponamento;Rettilineo;Più di due carreggiate;Bagnato (umidità in atto);Asfaltata;Verticale ed orizzontale;Nuvoloso;Normale;Buona;Ore Diurne;1;0;0;2;12.42449;41.78815;-1;2;Autovettura privata;In marcia / fermata / arresto;Conducente;F;Illeso;0;;Non accertato;Inesploso
2975283;23;21/09/2016 07:55;Strada Urbana;VIA DELLA MAGLIANA;in prossimità;;del palo luce n.;159;;Tamponamento Multiplo;Rettilineo;Una carreggiata a doppio senso;Bagnato (pioggia);Asfaltata;Orizzontale;Nuvoloso;Intenso;Buona;Ore Diurne;0;0;0;4;12.42401;41.83394;-1;1;Autovettura privata;In marcia / fermata / arresto;Conducente;M;Illeso;0;;Non accertato;Inesploso
2975283;23;21/09/2016 07:55;Strada Urbana;VIA DELLA MAGLIANA;in prossimità;;del palo luce n.;159;;Tamponamento Multiplo;Rettilineo;Una carreggiata a doppio senso;Bagnato (pioggia);Asfaltata;Orizzontale;Nuvoloso;Intenso;Buona;Ore Diurne;0;0;0;4;12.42401;41.83394;-1;2;Autovettura privata;In marcia / fermata / arresto;Conducente;M;Illeso;0;;Non accertato;Inesploso
2975283;23;21/09/2016 07:55;Strada Urbana;VIA DELLA MAGLIANA;in prossimità;;del palo luce n.;159;;Tamponamento Multiplo;Rettilineo;Una carreggiata a doppio senso;Bagnato (pioggia);Asfaltata;Orizzontale;Nuvoloso;Intenso;Buona;Ore Diurne;0;0;0;4;12.42401;41.83394;-1;2;Autovettura privata;In marcia / fermata / arresto;Passeggero;F;Illeso;0;;Non accertato;Inesploso
2975283;23;21/09/2016 07:55;Strada Urbana;VIA DELLA MAGLIANA;in prossimità;;del palo luce n.;159;;Tamponamento Multiplo;Rettilineo;Una carreggiata a doppio senso;Bagnato (pioggia);Asfaltata;Orizzontale;Nuvoloso;Intenso;Buona;Ore Diurne;0;0;0;4;12.42401;41.83394;-1;3;Autovettura privata;In marcia / fermata / arresto;Conducente;M;Illeso;0;;Non accertato;Inesploso