Protocollo;Gruppo;DataOraIncidente;Localizzazione1;STRADA1;Localizzazione2;STRADA2;Strada02;Chilometrica;DaSpecificare;NaturaIncidente;particolaritastrade;TipoStrada;FondoStradale;Pavimentazione;Segnaletica;CondizioneAtmosferica;Traffico;Visibilita;Illuminazione;NUM_FERITI;NUM_RISERVATA;NUM_MORTI;NUM_ILLESI;Longitudine;Latitudine;Confermato;Progressivo;TipoVeicolo;StatoVeicolo;TipoPersona;Sesso;Tipolesione;Deceduto;DecedutoDopo;CinturaCascoUtilizzato;Airbag
2980382;15;25/09/2016 15:00;Strada Urbana;VIA VOLPEGLINO;all'intersezione con;VIA GUAZZORA;VIA GUAZZORA;;;Scontro frontale/laterale DX fra veicoli in marcia;Incrocio;Una carreggiata a doppio senso;Asciutto;Asfaltata;Assente;Sereno;Scarso;Buona;Ore Diurne;0;0;0;4;12.30119;41.82614;-1;2;Autovettura privata;In marcia / fermata / arresto;Conducente;M;Illeso;0;;Utilizzato;
2980382;15;25/09/2016 15:00;Strada Urbana;VIA VOLPEGLINO;all'intersezione con;VIA GUAZZORA;VIA GUAZZORA;;;Scontro frontale/laterale DX fra veicoli in marcia;Incrocio;Una carreggiata a doppio senso;Asciutto;Asfaltata;Assente;Sereno;Scarso;Buona;Ore Diurne;0;0;0;4;12.30119;41.82614;-1;2;Autovettura privata;In marcia / fermata / arresto;Passeggero;F;Illeso;0;;Utilizzato;
2980384;17;24/09/2016 01:20;Strada Urbana;PIAZZA IRNERIO;in corrispondenza;;del civico n.;47;;Scontro laterale fra veicoli in marcia;Rettilineo;Più di due carreggiate;Asciutto;Asfaltata;Verticale ed orizzontale;Sereno;Scarso;Buona;Sufficiente;1;0;0;1;12.42933;41.89859;-1;1;Autovettura privata;In marcia / fermata / arresto;Conducente;M;Illeso;0;;;
2980384;17;24/09/2016 01:20;Strada Urbana;PIAZZA IRNERIO;in corrispondenza;;del civico n.;47;;Scontro laterale fra veicoli in marcia;Rettilineo;Più di due carreggiate;Asciutto;Asfaltata;Verticale ed orizzontale;Sereno;Scarso;Buona;Sufficiente;1;0;0;1;12.42933;41.89859;-1;2;Autovettura privata;In marcia / fermata / arresto;Conducente;F;Rimandato;0;NON DECEDUTO;;
2980389;4;23/09/2016 12:00;Strada Urbana;VIA ELSA DE' GIORGI;in prossimità;;del civico n.;6;;Tamponamento;Rettilineo;Due carreggiate;Asciutto;Asfaltata;Verticale ed orizzontale;Sereno;Normale;Buona;Ore Diurne;0;0;0;3;12.53954;41.96634;-1;1;Autovettura privata;In marcia / fermata / arresto;Conducente;M;Illeso;0;;;
2980389;4;23/09/2016 12:00;Strada Urbana;VIA ELSA DE' GIORGI;in prossimità;;del civico n.;6;;Tamponamento;Rettilineo;Due carreggiate;Asciutto;Asfaltata;Verticale ed orizzontale;Sereno;Normale;Buona;Ore Diurne;0;0;0;3;12.53954;41.96634;-1;1;Autovettura privata;In marcia / fermata / arresto;Passeggero;M;Illeso;0;;;
2980389;4;23/09/2016 12:00;Strada Urbana;VIA ELSA DE' GIORGI;in prossimità;;del civico n.;6;;Tamponamento;Rettilineo;Due carreggiate;Asciutto;Asfaltata;Verticale ed orizzontale;Sereno;Normale;Buona;Ore Diurne;0;0;0;3;12.53954;41.96634;-1;2;Autovettura privata;In marcia / fermata / arresto;Conducente;M;Illeso;0;;;
2980395;8;24/09/2016 08:00;Strada Urbana;VIA DI TOR BELLA MONACA;da specificare;;;;pross. Via P. F. Quaglia dir. Casilina;Veicolo in marcia contro ostacolo accidentale;Rettilineo;Due carreggiate;Asciutto;Con buche;Orizzontale;Sereno;Normale;Buona;Ore Diurne;0;0;0;1;12.62389;41.87842;-1;1;Autovettura privata;In marcia / fermata / arresto;Conducente;M;Illeso;0;;Non accertato;Inesploso
2980398;4;23/09/2016 13:40;Strada Urbana;VIA ARTURO GRAF;all'intersezione semaforizzata con;VIA FRANCESCO D'OVIDIO;VIA FRANCESCO D'OVIDIO;;;Scontro laterale fra veicoli in marcia;Intersezione semaforizzata;Due carreggiate;Asciutto;Asfaltata;Verticale ed orizzontale;Nuvoloso;Normale;Buona;Ore Diurne;0;0;0;3;12.55254;41.9432;-1;1;Autovettura privata;In marcia / fermata / arresto;Conducente;M;Illeso;0;;Non accertato;
2980398;4;23/09/2016 13:40;Strada Urbana;VIA ARTURO GRAF;all'intersezione semaforizzata con;VIA FRANCESCO D'OVIDIO;VIA FRANCESCO D'OVIDIO;;;Scontro laterale fra veicoli in marcia;Intersezione semaforizzata;Due carreggiate;Asciutto;Asfaltata;Verticale ed orizzontale;Nuvoloso;Normale;Buona;Ore Diurne;0;0;0;3;12.55254;41.9432;-1;1;Autovettura privata;In marcia / fermata / arresto;Passeggero;M;Illeso;0;;Non accertato;
2980398;4;23/09/2016 13:40;Strada Urbana;VIA ARTURO GRAF;all'intersezione semaforizzata con;VIA FRANCESCO D'OVIDIO;VIA FRANCESCO D'OVIDIO;;;Scontro laterale fra veicoli in marcia;Intersezione semaforizzata;Due carreggiate;Asciutto;Asfaltata;Verticale ed orizzontale;Nuvoloso;Normale;Buona;Ore Diurne;0;0;0;3;12.55254;41.9432;-1;2;Autovettura privata;In marcia / fermata / arresto;Conducente;F;Illeso;0;;Non accertato;
2980400;3;24/09/2016 05:20;Strada Urbana;VIA GIOVANNI BATTISTA MORGAGNI;in prossimità;;del civico n.;23;;Scontro laterale fra veicoli in marcia;Rettilineo;Una carreggiata a doppio senso;Asciutto;Asfaltata;Verticale ed orizzontale;Nuvoloso;Scarso;Sufficiente;Sufficiente;1;0;0;2;12.51052;41.9099;-1;;;;Pedone;M;Rimandato;0;NON DECEDUTO;;
2980400;3;24/09/2016 05:20;Strada Urbana;VIA GIOVANNI BATTISTA MORGAGNI;in prossimità;;del civico n.;23;;Scontro laterale fra veicoli in marcia;Rettilineo;Una carreggiata a doppio senso;Asciutto;Asfaltata;Verticale ed orizzontale;Nuvoloso;Scarso;Sufficiente;Sufficiente;1;0;0;2;12.51052;41.9099;-1;1;Autovettura privata;In marcia / fermata / arresto;Conducente;F;Illeso;0;;Non accertato;Inesploso
2980400;3;24/09/2016 05:20;Strada Urbana;VIA GIOVANNI BATTISTA MORGAGNI;in prossimità;;del civico n.;23;;Scontro laterale fra veicoli in marcia;Rettilineo;Una carreggiata a doppio senso;Asciutto;Asfaltata;Verticale ed orizzontale;Nuvoloso;Scarso;Sufficiente;Sufficiente;1;0;0;2;12.51052;41.9099;-1;2;Autovettura privata;In marcia / fermata / arresto;Conducente;M;Illeso;0;;Non accertato;Inesploso
2980404;20;25/09/2016 13:30;Strada Urbana;VIA DELLA GIUSTINIANA;all'intersezione con;VIA CONCESIO;VIA CONCESIO;;;Veicolo in marcia contro ostacolo fisso;Intersezione stradale segnalata;Una carreggiata a doppio senso;Asciutto;Asfaltata;Verticale ed orizzontale;Sereno;Normale;Buona;Ore Diurne;0;1;0;0;12.48596;42.00214;-1;1;Motociclo a solo;In marcia / fermata / arresto;Conducente;M;Prognosi riservata;0;NON DECEDUTO;;
2980426;4;24/09/2016 21:00;Strada Urbana;LARGO LUCHINO VISCONTI;all'intersezione con;VIALE CESCO BASEGGIO;VIALE CESCO BASEGGIO;;;Veicolo in marcia contro ostacolo accidentale;Rotatoria;Una carreggiata a senso unico di marcia;Asciutto;Asfaltata;Verticale ed orizzontale;Sereno;Normale;Buona;Sufficiente;0;0;0;2;12.53535;41.96562;-1;1;Autovettura privata;In marcia / fermata / arresto;Conducente;M;Illeso;0;;Non accertato;Inesploso
2980426;4;24/09/2016 21:00;Strada Urbana;LARGO LUCHINO VISCONTI;all'intersezione con;VIALE CESCO BASEGGIO;VIALE CESCO BASEGGIO;;;Veicolo in marcia contro ostacolo accidentale;Rotatoria;Una carreggiata a senso unico di marcia;Asciutto;Asfaltata;Verticale ed orizzontale;Sereno;Normale;Buona;Sufficiente;0;0;0;2;12.53535;41.96562;-1;2;Autovettura privata;In marcia / fermata / arresto;Conducente;M;Illeso;0;;;
2980429;8;24/09/2016 07:30;Strada Urbana;VIA AMICO ASPERTINI;in corrispondenza;;del civico n.;242;;Veicolo in marcia contro ostacolo accidentale;Rettilineo;Una carreggiata a doppio senso;Asciutto;Asfaltata;Orizzontale;Sereno;Scarso;Buona;Ore Diurne;0;0;0;1;12.62899;41.8738;-1;1;Autovettura privata;In marcia / fermata / arresto;Conducente;M;Illeso;0;;Non accertato;Inesploso
2980433;8;24/09/2016 08:30;Strada Urbana;VIA STANFORD;all'intersezione con;VIALE DELLA SORBONA;VIALE DELLA SORBONA;;;Scontro frontale/laterale SX fra veicoli in marcia;Incrocio;Una carreggiata a senso unico di marcia;Asciutto;Asfaltata;Verticale ed orizzontale;Sereno;Scarso;Buona;Ore Diurne;1;0;0;1;12.60793;41.85201;-1;1;Autovettura privata;In marcia / fermata / arresto;Conducente;M;Illeso;0;;Non accertato;Inesploso
2980433;8;24/09/2016 08:30;Strada Urbana;VIA STANFORD;all'intersezione con;VIALE DELLA SORBONA;VIALE DELLA SORBONA;;;Scontro frontale/laterale SX fra veicoli in marcia;Incrocio;Una carreggiata a senso unico di marcia;Asciutto;Asfaltata;Verticale ed orizzontale;Sereno;Scarso;Buona;Ore Diurne;1;0;0;1;12.60793;41.85201;-1;2;Velocipede;In marcia / fermata / arresto;Conducente;M;Rimandato;0;NON DECEDUTO;Esente;
2980435;19;24/09/2016 17:10;Strada Urbana;VIA DELL'ACQUEDOTTO DEL PESCHIERA;da specificare;;;;altezza Via dell'Acquedotto Paolo;Tamponamento;Rettilineo;Una carreggiata a senso unico di marcia;Asciutto;Asfaltata;Verticale ed orizzontale;Sereno;Normale;Buona;Ore Diurne;1;0;0;2;12.42561;41.93637;-1;1;Autovettura privata;In marcia / fermata / arresto;Conducente;F;Illeso;0;;Non accertato;Inesploso
2980435;19;24/09/2016 17:10;Strada Urbana;VIA DELL'ACQUEDOTTO DEL PESCHIERA;da specificare;;;;altezza Via dell'Acquedotto Paolo;Tamponamento;Rettilineo;Una carreggiata a senso unico di marcia;Asciutto;Asfaltata;Verticale ed orizzontale;Sereno;Normale;Buona;Ore Diurne;1;0;0;2;12.42561;41.93637;-1;1;Autovettura privata;In marcia / fermata / arresto;Passeggero;M;Rimandato;0;NON DECEDUTO;Non accertato;Inesploso
2980435;19;24/09/2016 17:10;Strada Urbana;VIA DELL'ACQUEDOTTO DEL PESCHIERA;da specificare;;;;altezza Via dell'Acquedotto Paolo;Tamponamento;Rettilineo;Una carreggiata a senso unico di marcia;Asciutto;Asfaltata;Verticale ed orizzontale;Sereno;Normale;Buona;Ore Diurne;1;0;0;2;12.42561;41.93637;-1;2;Autovettura privata;In marcia / fermata / arresto;Conducente;M;Illeso;0;;Non accertato;Inesploso
2980438;4;23/09/2016 15:20;Strada Urbana;VIA VIRGILIO TALLI;da specificare;;;;prossimità VIA AMALIA BETTINI;Veicolo in marcia contro ostacolo fisso;Pendenza;Due carreggiate;Asciutto;Asfaltata;Verticale ed orizzontale;Sereno;Scarso;Buona;Ore Diurne;0;0;0;1;12.52538;41.96395;-1;1;Autovettura privata;In marcia / fermata / arresto;Conducente;F;Illeso;0;;Non accertato;
2980439;8;24/09/2016 20:00;Strada Urbana;VIA DELLA LITE;in prossimità;;del civico n.;101;;Veicolo in marcia contro veicolo in sosta;Rettilineo;Una carreggiata a doppio senso;Asciutto;Asfaltata;Verticale ed orizzontale;Sereno;Scarso;Buona;Sufficiente;0;0;0;2;12.71579;41.85328;-1;1;Autovettura privata;Sosta;Passeggero;M;Illeso;0;;Non accertato;Inesploso
2980439;8;24/09/2016 20:00;Strada Urbana;VIA DELLA LITE;in prossimità;;del civico n.;101;;Veicolo in marcia contro veicolo in sosta;Rettilineo;Una carreggiata a doppio senso;Asciutto;Asfaltata;Verticale ed orizzontale;Sereno;Scarso;Buona;Sufficiente;0;0;0;2;12.71579;41.85328;-1;2;Autovettura privata;In marcia / fermata / arresto;Conducente;M;Illeso;0;;Non accertato;Inesploso
2980443;8;24/09/2016 23:30;Strada Urbana;VIA POLENSE;da specificare;;;;chilometrica 20,500;Scontro laterale fra veicoli in marcia;Rettilineo;Una carreggiata a doppio senso;Asciutto;Asfaltata;Verticale ed orizzontale;Sereno;Scarso;Insufficiente;Insufficiente;0;0;0;4;12.70292;41.89532;-1;1;Autovettura privata;In marcia / fermata / arresto;Conducente;M;Illeso;0;;Non accertato;Inesploso
2980443;8;24/09/2016 23:30;Strada Urbana;VIA POLENSE;da specificare;;;;chilometrica 20,500;Scontro laterale fra veicoli in marcia;Rettilineo;Una carreggiata a doppio senso;Asciutto;Asfaltata;Verticale ed orizzontale;Sereno;Scarso;Insufficiente;Insufficiente;0;0;0;4;12.70292;41.89532;-1;1;Autovettura privata;In marcia / fermata / arresto;Passeggero;F;Illeso;0;;Non accertato;Inesploso
2980443;8;24/09/2016 23:30;Strada Urbana;VIA POLENSE;da specificare;;;;chilometrica 20,500;Scontro laterale fra veicoli in marcia;Rettilineo;Una carreggiata a doppio senso;Asciutto;Asfaltata;Verticale ed orizzontale;Sereno;Scarso;Insufficiente;Insufficiente;0;0;0;4;12.70292;41.89532;-1;2;Autovettura privata;In marcia / fermata / arresto;Conducente;M;Illeso;0;;Non accertato;Inesploso
2980443;8;24/09/2016 23:30;Strada Urbana;VIA POLENSE;da specificare;;;;chilometrica 20,500;Scontro laterale fra veicoli in marcia;Rettilineo;Una carreggiata a doppio senso;Asciutto;Asfaltata;Verticale ed orizzontale;Sereno;Scarso;Insufficiente;Insufficiente;0;0;0;4;12.70292;41.89532;-1;2;Autovettura privata;In marcia / fermata / arresto;Passeggero;F;Illeso;0;;Non accertato;Inesploso
2980447;17;24/09/2016 15:30;Strada Urbana;VIA TRIONFALE;in corrispondenza;;del civico n.;5675;;Scontro frontale/laterale DX fra veicoli in marcia;Pendenza;Una carreggiata a doppio senso;Asciutto;Asfaltata;Orizzontale;Sereno;Normale;Buona;Ore Diurne;1;0;0;1;12.4476;41.92582;-1;1;Autovettura privata;In marcia / fermata / arresto;Conducente;F;Illeso;0;;;
2980447;17;24/09/2016 15:30;Strada Urbana;VIA TRIONFALE;in corrispondenza;;del civico n.;5675;;Scontro frontale/laterale DX fra veicoli in marcia;Pendenza;Una carreggiata a doppio senso;Asciutto;Asfaltata;Orizzontale;Sereno;Normale;Buona;Ore Diurne;1;0;0;1;12.4476;41.92582;-1;2;Motociclo a solo;In marcia / fermata / arresto;Conducente;M;Rimandato;0;NON DECEDUTO;;
2980448;10;24/09/2016 22:15;Strada Urbana;VIA STATILIO OTTATO;all'intersezione con;PIAZZA QUINTO CURZIO;PIAZZA QUINTO CURZIO;;;Scontro laterale fra veicoli in marcia;Incrocio;Una carreggiata a senso unico di marcia;Asciutto;Asfaltata;Verticale ed orizzontale;Sereno;Scarso;Buona;Sufficiente;1;0;0;0;12.56821;41.85634;-1;1;Autovettura privata;In marcia / fermata / arresto;Conducente;F;Rimandato;0;NON DECEDUTO;;
2980451;11;26/09/2016 07:50;Strada Urbana;VIA DEL SERAFICO;all'intersezione con;VIA PADRE GIUSEPPE LAIS;VIA PADRE GIUSEPPE LAIS;;;Scontro frontale/laterale SX fra veicoli in marcia;Incrocio;Una carreggiata a doppio senso;Asciutto;Asfaltata;Verticale ed orizzontale;Sereno;Intenso;Buona;Ore Diurne;0;0;0;2;12.48679;41.83027;-1;1;Autovettura privata;In marcia / fermata / arresto;Conducente;F;Illeso;0;;Non accertato;Inesploso
2980451;11;26/09/2016 07:50;Strada Urbana;VIA DEL SERAFICO;all'intersezione con;VIA PADRE GIUSEPPE LAIS;VIA PADRE GIUSEPPE LAIS;;;Scontro frontale/laterale SX fra veicoli in marcia;Incrocio;Una carreggiata a doppio senso;Asciutto;Asfaltata;Verticale ed orizzontale;Sereno;Intenso;Buona;Ore Diurne;0;0;0;2;12.48679;41.83027;-1;2;Autovettura privata;In marcia / fermata / arresto;Conducente;M;Illeso;0;;Non accertato;Inesploso
2980454;7;23/09/2016 08:20;Strada Urbana;VIA DI TOR CERVARA;all'intersezione con;VIA RAFFAELE COSTI;VIA RAFFAELE COSTI;;;Scontro laterale fra veicoli in marcia;Incrocio;Una carreggiata a doppio senso;Asciutto;Asfaltata;Verticale ed orizzontale;Sereno;Normale;Sufficiente;Ore Diurne;0;0;0;2;12.5895;41.91848;-1;1;Autovettura privata;In marcia / fermata / arresto;Conducente;M;Illeso;0;;Non accertato;Inesploso
2980454;7;23/09/2016 08:20;Strada Urbana;VIA DI TOR CERVARA;all'intersezione con;VIA RAFFAELE COSTI;VIA RAFFAELE COSTI;;;Scontro laterale fra veicoli in marcia;Incrocio;Una carreggiata a doppio senso;Asciutto;Asfaltata;Verticale ed orizzontale;Sereno;Normale;Sufficiente;Ore Diurne;0;0;0;2;12.5895;41.91848;-1;2;Autovettura privata;In marcia / fermata / arresto;Conducente;M;Illeso;0;;;
2980455;8;24/09/2016 18:15;Strada Urbana;VIA CASILINA;all'intersezione con;VIA DELLE DUE TORRI;VIA DELLE DUE TORRI;;;Scontro frontale fra veicoli in marcia;Intersezione semaforizzata;Una carreggiata a doppio senso;Asciutto;Asfaltata;Verticale ed orizzontale;Sereno;Normale;Sufficiente;Ore Diurne;0;0;0;2;12.64922;41.86252;-1;1;Autovettura privata;In marcia / fermata / arresto;Conducente;M;Illeso;0;;Non accertato;Inesistente
2980455;8;24/09/2016 18:15;Strada Urbana;VIA CASILINA;all'intersezione con;VIA DELLE DUE TORRI;VIA DELLE DUE TORRI;;;Scontro frontale fra veicoli in marcia;Intersezione semaforizzata;Una carreggiata a doppio senso;Asciutto;Asfaltata;Verticale ed orizzontale;Sereno;Normale;Sufficiente;Ore Diurne;0;0;0;2;12.64922;41.86252;-1;2;Autovettura privata;In marcia / fermata / arresto;Conducente;M;Illeso;0;;Non accertato;Inesistente
2980463;4;24/09/2016 13:00;Strada Urbana;VIA UGO OJETTI;all'intersezione con;LARGO SERGIO PUGLIESE;LARGO SERGIO PUGLIESE;;;Scontro laterale fra veicoli in marcia;Intersezione stradale segnalata;Due carreggiate;Asciutto;Asfaltata;Verticale ed orizzontale;Sereno;Normale;Buona;Ore Diurne;0;0;0;3;12.55291;41.94526;-1;1;Autovettura privata;In marcia / fermata / arresto;Conducente;F;Illeso;0;;Non accertato;Inesploso
2980463;4;24/09/2016 13:00;Strada Urbana;VIA UGO OJETTI;all'intersezione con;LARGO SERGIO PUGLIESE;LARGO SERGIO PUGLIESE;;;Scontro laterale fra veicoli in marcia;Intersezione stradale segnalata;Due carreggiate;Asciutto;Asfaltata;Verticale ed orizzontale;Sereno;Normale;Buona;Ore Diurne;0;0;0;3;12.55291;41.94526;-1;1;Autovettura privata;In marcia / fermata / arresto;Passeggero;F;Illeso;0;;Non accertato;Inesistente
2980463;4;24/09/2016 13:00;Strada Urbana;VIA UGO OJETTI;all'intersezione con;LARGO SERGIO PUGLIESE;LARGO SERGIO PUGLIESE;;;Scontro laterale fra veicoli in marcia;Intersezione stradale segnalata;Due carreggiate;Asciutto;Asfaltata;Verticale ed orizzontale;Sereno;Normale;Buona;Ore Diurne;0;0;0;3;12.55291;41.94526;-1;2;Autobus urbano;In marcia / fermata / arresto;Conducente;M;Illeso;0;;Non accertato;Inesistente
2980468;19;24/09/2016 15:25;Strada Urbana;VIA TRIONFALE;all'intersezione semaforizzata con;VIA FRATELLI GUALANDI;VIA FRATELLI GUALANDI;;;Tamponamento Multiplo;Intersezione semaforizzata;Una carreggiata a doppio senso;Asciutto;Asfaltata;Verticale ed orizzontale;Sereno;Normale;Buona;Ore Diurne;1;0;0;3;12.42101;41.94173;-1;1;Quadriciclo leggero;In marcia / fermata / arresto;Conducente;F;Illeso;0;;;
2980468;19;24/09/2016 15:25;Strada Urbana;VIA TRIONFALE;all'intersezione semaforizzata con;VIA FRATELLI GUALANDI;VIA FRATELLI GUALANDI;;;Tamponamento Multiplo;Intersezione semaforizzata;Una carreggiata a doppio senso;Asciutto;Asfaltata;Verticale ed orizzontale;Sereno;Normale;Buona;Ore Diurne;1;0;0;3;12.42101;41.94173;-1;2;Autovettura privata;In marcia / fermata / arresto;Conducente;F;Rifiuta cure immediate;0;NON DECEDUTO;;
2980468;19;24/09/2016 15:25;Strada Urbana;VIA TRIONFALE;all'intersezione semaforizzata con;VIA FRATELLI GUALANDI;VIA FRATELLI GUALANDI;;;Tamponamento Multiplo;Intersezione semaforizzata;Una carreggiata a doppio senso;Asciutto;Asfaltata;Verticale ed orizzontale;Sereno;Normale;Buona;Ore Diurne;1;0;0;3;12.42101;41.94173;-1;3;Autocarro inferiore 35 q.;In marcia / fermata / arresto;Conducente;M;Illeso;0;;Non accertato;
2980468;19;24/09/2016 15:25;Strada Urbana;VIA TRIONFALE;all'intersezione semaforizzata con;VIA FRATELLI GUALANDI;VIA FRATELLI GUALANDI;;;Tamponamento Multiplo;Intersezione semaforizzata;Una carreggiata a doppio senso;Asciutto;Asfaltata;Verticale ed orizzontale;Sereno;Normale;Buona;Ore Diurne;1;0;0;3;12.42101;41.94173;-1;3;Autocarro inferiore 35 q.;In marcia / fermata / arresto;Passeggero;M;Illeso;0;;Non accertato;
2980474;10;25/09/2016 19:20;Strada Urbana;PIAZZA DI PONTE LUNGO;in corrispondenza;;del civico n.;2;;Veicolo in marcia contro ostacolo fisso;Rettilineo;Una carreggiata a doppio senso;Asciutto;Asfaltata;Verticale ed orizzontale;Sereno;Intenso;Sufficiente;Sufficiente;0;0;0;2;12.51906;41.8773;-1;1;Autovettura privata;In marcia / fermata / arresto;Conducente;F;Illeso;0;;Non accertato;Inesploso
2980474;10;25/09/2016 19:20;Strada Urbana;PIAZZA DI PONTE LUNGO;in corrispondenza;;del civico n.;2;;Veicolo in marcia contro ostacolo fisso;Rettilineo;Una carreggiata a doppio senso;Asciutto;Asfaltata;Verticale ed orizzontale;Sereno;Intenso;Sufficiente;Sufficiente;0;0;0;2;12.51906;41.8773;-1;1;Autovettura privata;In marcia / fermata / arresto;Passeggero;F;Illeso;0;;Non accertato;Inesploso
2980481;13;25/09/2016 09:50;Strada Urbana;VIA ANDREOTTO SARACINI;in corrispondenza;;del civico n.;32;;Scontro laterale fra veicoli in marcia;Rettilineo;Una carreggiata a senso unico di marcia;Asciutto;Asfaltata;Verticale ed orizzontale;Sereno;Normale;Buona;Ore Diurne;0;0;0;2;12.27735;41.73302;-1;1;Autovettura privata;In marcia / fermata / arresto;Conducente;M;Illeso;0;;Non accertato;Inesploso
2980481;13;25/09/2016 09:50;Strada Urbana;VIA ANDREOTTO SARACINI;in corrispondenza;;del civico n.;32;;Scontro laterale fra veicoli in marcia;Rettilineo;Una carreggiata a senso unico di marcia;Asciutto;Asfaltata;Verticale ed orizzontale;Sereno;Normale;Buona;Ore Diurne;0;0;0;2;12.27735;41.73302;-1;2;Autovettura privata;In marcia / fermata / arresto;Conducente;M;Illeso;0;;Non accertato;Inesploso
2980484;8;25/09/2016 00:30;Strada Urbana;VIA MARIO PASTORE;da specificare;;;;100 mt prima via stanford;Veicolo in marcia contro ostacolo accidentale;Rettilineo;Una carreggiata a senso unico di marcia;Asciutto;Asfaltata;Verticale ed orizzontale;Sereno;Scarso;Buona;Sufficiente;1;0;0;1;12.6067;41.85062;-1;1;Autovettura privata;In marcia / fermata / arresto;Conducente;F;Rimandato;0;NON DECEDUTO;Non accertato;Inesploso
2980484;8;25/09/2016 00:30;Strada Urbana;VIA MARIO PASTORE;da specificare;;;;100 mt prima via stanford;Veicolo in marcia contro ostacolo accidentale;Rettilineo;Una carreggiata a senso unico di marcia;Asciutto;Asfaltata;Verticale ed orizzontale;Sereno;Scarso;Buona;Sufficiente;1;0;0;1;12.6067;41.85062;-1;1;Autovettura privata;In marcia / fermata / arresto;Passeggero;M;Illeso;0;;Non accertato;Inesploso
2980490;8;25/09/2016 16:30;Strada Urbana;VIA DI VERMICINO;all'intersezione con;VIA MISILMERI;VIA MISILMERI;;;Tamponamento;Incrocio;Una carreggiata a doppio senso;Asciutto;Asfaltata;Verticale;Sereno;Normale;Buona;Ore Diurne;0;0;0;1;12.67135;41.86038;-1;1;Autovettura privata;In marcia / fermata / arresto;Conducente;F;Illeso;0;;Non accertato;
2980491;23;06/09/2016 22:30;Comunale extraurbana;VIA CRISTOFORO COLOMBO;in prossimità;;della chilometrica;27.2;;Veicolo in marcia contro ostacolo accidentale;Rettilineo;Più di due carreggiate;Asciutto;Asfaltata;Verticale ed orizzontale;Sereno;Scarso;Insufficiente;Insufficiente;0;0;0;2;12.42449;41.78815;-1;1;Autobus urbano;In marcia / fermata / arresto;Conducente;M;Illeso;0;;Non accertato;Inesploso
2980491;23;06/09/2016 22:30;Comunale extraurbana;VIA CRISTOFORO COLOMBO;in prossimità;;della chilometrica;27.2;;Veicolo in marcia contro ostacolo accidentale;Rettilineo;Più di due carreggiate;Asciutto;Asfaltata;Verticale ed orizzontale;Sereno;Scarso;Insufficiente;Insufficiente;0;0;0;2;12.42449;41.78815;-1;2;Autovettura privata;In marcia / fermata / arresto;Conducente;M;Illeso;0;;Non accertato;
2980493;4;24/09/2016 13:30;Strada Urbana;VIALE TIRRENO;in corrispondenza;;del civico n.;222;;Tamponamento Multiplo;Curva a visuale libera;Due carreggiate;Asciutto;Asfaltata;Verticale ed orizzontale;Sereno;Normale;Buona;Ore Diurne;0;0;0;4;12.52954;41.94318;-1;1;Autoveicolo trasp.promisc.;In marcia / fermata / arresto;Conducente;M;Illeso;0;;Non accertato;
2980493;4;24/09/2016 13:30;Strada Urbana;VIALE TIRRENO;in corrispondenza;;del civico n.;222;;Tamponamento Multiplo;Curva a visuale libera;Due carreggiate;Asciutto;Asfaltata;Verticale ed orizzontale;Sereno;Normale;Buona;Ore Diurne;0;0;0;4;12.52954;41.94318;-1;2;Autovettura privata;In marcia / fermata / arresto;Conducente;F;Illeso;0;;Non accertato;
2980493;4;24/09/2016 13:30;Strada Urbana;VIALE TIRRENO;in corrispondenza;;del civico n.;222;;Tamponamento Multiplo;Curva a visuale libera;Due carreggiate;Asciutto;Asfaltata;Verticale ed orizzontale;Sereno;Normale;Buona;Ore Diurne;0;0;0;4;12.52954;41.94318;-1;3;Autovettura privata;In marcia / fermata / arresto;Conducente;M;Illeso;0;;Non accertato;
2980493;4;24/09/2016 13:30;Strada Urbana;VIALE TIRRENO;in corrispondenza;;del civico n.;222;;Tamponamento Multiplo;Curva a visuale libera;Due carreggiate;Asciutto;Asfaltata;Verticale ed orizzontale;Sereno;Normale;Buona;Ore Diurne;0;0;0;4;12.52954;41.94318;-1;3;Autovettura privata;In marcia / fermata / arresto;Passeggero;M;Illeso;0;;Non accertato;
2980494;12;24/09/2016 05:30;Strada Urbana;VIA LAURENTINA;da specificare;;;;pross. civico 488;Veicolo in marcia contro ostacolo fisso;Rettilineo;Due carreggiate;Asciutto;Asfaltata;Verticale ed orizzontale;Sereno;Scarso;Buona;Sufficiente;1;0;0;0;12.48147;41.8018;-1;1;Autovettura privata;In marcia / fermata / arresto;Conducente;F;Ricoverato;0;NON DECEDUTO;Non accertato;Esploso
2980495;8;25/09/2016 07:15;Strada Urbana;VIA DELLA RISERVA NUOVA;in prossimità;;del civico n.;284;;Scontro frontale/laterale SX fra veicoli in marcia;Rettilineo;Una carreggiata a doppio senso;Asciutto;Asfaltata;Orizzontale;Sereno;Scarso;Sufficiente;Ore Diurne;1;0;0;0;12.67829;41.90063;-1;1;Autovettura privata;In marcia / fermata / arresto;Conducente;M;Rifiuta cure immediate;0;NON DECEDUTO;Non accertato;Inesploso