Protocollo;Gruppo;DataOraIncidente;Localizzazione1;STRADA1;Localizzazione2;STRADA2;Strada02;Chilometrica;DaSpecificare;NaturaIncidente;particolaritastrade;TipoStrada;FondoStradale;Pavimentazione;Segnaletica;CondizioneAtmosferica;Traffico;Visibilita;Illuminazione;NUM_FERITI;NUM_RISERVATA;NUM_MORTI;NUM_ILLESI;Longitudine;Latitudine;Confermato;Progressivo;TipoVeicolo;StatoVeicolo;TipoPersona;Sesso;Tipolesione;Deceduto;DecedutoDopo;CinturaCascoUtilizzato;Airbag
2982043;1;25/09/2016 16:20;Strada Urbana;LUNGOTEVERE DEI VALLATI;in prossimità;;del civico n.;22;;Tamponamento;Rettilineo;Una carreggiata a senso unico di marcia;Asciutto;Asfaltata;Verticale ed orizzontale;Sereno;Scarso;Buona;Ore Diurne;2;0;0;4;12.47353;41.89175;-1;2;Motociclo con passeggero;In marcia / fermata / arresto;Passeggero;F;Rimandato;0;NON DECEDUTO;Non accertato;
2982044;18;26/09/2016 15:45;Strada Urbana;VIA TEMISTOCLE CALISTI;all'intersezione con;VIA FRANCESCO AZZURRI;VIA FRANCESCO AZZURRI;;;Scontro frontale/laterale DX fra veicoli in marcia;Incrocio;Una carreggiata a senso unico di marcia;Asciutto;Asfaltata;Verticale ed orizzontale;Sereno;Normale;Buona;Ore Diurne;0;0;0;7;12.39195;41.90713;-1;1;Autovettura privata;In marcia / fermata / arresto;Conducente;F;Illeso;0;;Non accertato;
2982044;18;26/09/2016 15:45;Strada Urbana;VIA TEMISTOCLE CALISTI;all'intersezione con;VIA FRANCESCO AZZURRI;VIA FRANCESCO AZZURRI;;;Scontro frontale/laterale DX fra veicoli in marcia;Incrocio;Una carreggiata a senso unico di marcia;Asciutto;Asfaltata;Verticale ed orizzontale;Sereno;Normale;Buona;Ore Diurne;0;0;0;7;12.39195;41.90713;-1;2;Autovettura privata;In marcia / fermata / arresto;Conducente;M;Illeso;0;;;
2982044;18;26/09/2016 15:45;Strada Urbana;VIA TEMISTOCLE CALISTI;all'intersezione con;VIA FRANCESCO AZZURRI;VIA FRANCESCO AZZURRI;;;Scontro frontale/laterale DX fra veicoli in marcia;Incrocio;Una carreggiata a senso unico di marcia;Asciutto;Asfaltata;Verticale ed orizzontale;Sereno;Normale;Buona;Ore Diurne;0;0;0;7;12.39195;41.90713;-1;2;Autovettura privata;In marcia / fermata / arresto;Passeggero;F;Illeso;0;;;
2982044;18;26/09/2016 15:45;Strada Urbana;VIA TEMISTOCLE CALISTI;all'intersezione con;VIA FRANCESCO AZZURRI;VIA FRANCESCO AZZURRI;;;Scontro frontale/laterale DX fra veicoli in marcia;Incrocio;Una carreggiata a senso unico di marcia;Asciutto;Asfaltata;Verticale ed orizzontale;Sereno;Normale;Buona;Ore Diurne;0;0;0;7;12.39195;41.90713;-1;2;Autovettura privata;In marcia / fermata / arresto;Passeggero;F;Illeso;0;;;
2982044;18;26/09/2016 15:45;Strada Urbana;VIA TEMISTOCLE CALISTI;all'intersezione con;VIA FRANCESCO AZZURRI;VIA FRANCESCO AZZURRI;;;Scontro frontale/laterale DX fra veicoli in marcia;Incrocio;Una carreggiata a senso unico di marcia;Asciutto;Asfaltata;Verticale ed orizzontale;Sereno;Normale;Buona;Ore Diurne;0;0;0;7;12.39195;41.90713;-1;2;Autovettura privata;In marcia / fermata / arresto;Passeggero;M;Illeso;0;;;
2982044;18;26/09/2016 15:45;Strada Urbana;VIA TEMISTOCLE CALISTI;all'intersezione con;VIA FRANCESCO AZZURRI;VIA FRANCESCO AZZURRI;;;Scontro frontale/laterale DX fra veicoli in marcia;Incrocio;Una carreggiata a senso unico di marcia;Asciutto;Asfaltata;Verticale ed orizzontale;Sereno;Normale;Buona;Ore Diurne;0;0;0;7;12.39195;41.90713;-1;2;Autovettura privata;In marcia / fermata / arresto;Passeggero;M;Illeso;0;;;
2982044;18;26/09/2016 15:45;Strada Urbana;VIA TEMISTOCLE CALISTI;all'intersezione con;VIA FRANCESCO AZZURRI;VIA FRANCESCO AZZURRI;;;Scontro frontale/laterale DX fra veicoli in marcia;Incrocio;Una carreggiata a senso unico di marcia;Asciutto;Asfaltata;Verticale ed orizzontale;Sereno;Normale;Buona;Ore Diurne;0;0;0;7;12.39195;41.90713;-1;2;Autovettura privata;In marcia / fermata / arresto;Passeggero;F;Illeso;0;;;
2982062;1;25/09/2016 21:30;Strada Urbana;PIAZZA DI PORTA CAPENA;all'intersezione con;VIA DEI CERCHI;VIA DEI CERCHI;;;Scontro frontale/laterale DX fra veicoli in marcia;Incrocio;Due carreggiate;Asciutto;Asfaltata;Verticale ed orizzontale;Sereno;Scarso;Sufficiente;Sufficiente;0;0;0;4;12.48916;41.8849;-1;1;Autovettura privata;In marcia / fermata / arresto;Conducente;F;Illeso;0;;;
2982062;1;25/09/2016 21:30;Strada Urbana;PIAZZA DI PORTA CAPENA;all'intersezione con;VIA DEI CERCHI;VIA DEI CERCHI;;;Scontro frontale/laterale DX fra veicoli in marcia;Incrocio;Due carreggiate;Asciutto;Asfaltata;Verticale ed orizzontale;Sereno;Scarso;Sufficiente;Sufficiente;0;0;0;4;12.48916;41.8849;-1;2;Autovettura privata;In marcia / fermata / arresto;Conducente;F;Illeso;0;;;
2982062;1;25/09/2016 21:30;Strada Urbana;PIAZZA DI PORTA CAPENA;all'intersezione con;VIA DEI CERCHI;VIA DEI CERCHI;;;Scontro frontale/laterale DX fra veicoli in marcia;Incrocio;Due carreggiate;Asciutto;Asfaltata;Verticale ed orizzontale;Sereno;Scarso;Sufficiente;Sufficiente;0;0;0;4;12.48916;41.8849;-1;2;Autovettura privata;In marcia / fermata / arresto;Passeggero;F;Illeso;0;;;
2982074;12;26/09/2016 17:15;Strada Urbana;VIA CRISTOFORO COLOMBO;in prossimità;;della chilometrica;11.8;;Veicolo in marcia contro ostacolo accidentale;Rettilineo;Due carreggiate;Asciutto;Con buche;Verticale ed orizzontale;Sereno;Normale;Buona;Ore Diurne;0;0;0;1;12.42449;41.78815;-1;1;Autovettura privata;In marcia / fermata / arresto;Conducente;M;Illeso;0;;Utilizzato;Inesploso
2982086;1;25/09/2016 02:00;Strada Urbana;VIA QUINTINO SELLA;all'intersezione con;VIA SALLUSTIANA;VIA SALLUSTIANA;;;Scontro frontale/laterale SX fra veicoli in marcia;Incrocio;Una carreggiata a senso unico di marcia;Asciutto;Asfaltata;Verticale ed orizzontale;Sereno;Scarso;Sufficiente;Sufficiente;2;0;0;1;12.49575;41.9077;-1;1;Autovettura privata;In marcia / fermata / arresto;Conducente;M;Illeso;0;;Non accertato;Inesploso
2982086;1;25/09/2016 02:00;Strada Urbana;VIA QUINTINO SELLA;all'intersezione con;VIA SALLUSTIANA;VIA SALLUSTIANA;;;Scontro frontale/laterale SX fra veicoli in marcia;Incrocio;Una carreggiata a senso unico di marcia;Asciutto;Asfaltata;Verticale ed orizzontale;Sereno;Scarso;Sufficiente;Sufficiente;2;0;0;1;12.49575;41.9077;-1;2;Motociclo con passeggero;In marcia / fermata / arresto;Conducente;M;Rimandato;0;NON DECEDUTO;Non accertato;
2982086;1;25/09/2016 02:00;Strada Urbana;VIA QUINTINO SELLA;all'intersezione con;VIA SALLUSTIANA;VIA SALLUSTIANA;;;Scontro frontale/laterale SX fra veicoli in marcia;Incrocio;Una carreggiata a senso unico di marcia;Asciutto;Asfaltata;Verticale ed orizzontale;Sereno;Scarso;Sufficiente;Sufficiente;2;0;0;1;12.49575;41.9077;-1;2;Motociclo con passeggero;In marcia / fermata / arresto;Passeggero;F;Rimandato;0;NON DECEDUTO;Non accertato;
2982087;18;26/09/2016 19:30;Strada Urbana;LARGO TOMASO PERASSI;all'intersezione con;VIA AURELIA ANTICA;VIA AURELIA ANTICA;;;Scontro laterale fra veicoli in marcia;Intersezione semaforizzata;Una carreggiata a senso unico di marcia;Asciutto;Asfaltata;Verticale ed orizzontale;Sereno;Normale;Buona;Sufficiente;0;0;0;2;12.40927;41.88962;-1;1;Autobus turistico;In marcia / fermata / arresto;Conducente;M;Illeso;0;;;
2982087;18;26/09/2016 19:30;Strada Urbana;LARGO TOMASO PERASSI;all'intersezione con;VIA AURELIA ANTICA;VIA AURELIA ANTICA;;;Scontro laterale fra veicoli in marcia;Intersezione semaforizzata;Una carreggiata a senso unico di marcia;Asciutto;Asfaltata;Verticale ed orizzontale;Sereno;Normale;Buona;Sufficiente;0;0;0;2;12.40927;41.88962;-1;2;Autovettura privata;In marcia / fermata / arresto;Conducente;M;Illeso;0;;;
2982089;12;26/09/2016 18:00;Strada Urbana;VIALE DELL'UMANESIMO;all'intersezione con;PIAZZALE DELL'UMANESIMO;PIAZZALE DELL'UMANESIMO;;;Infortunio per caduta del veicolo;Incrocio;Una carreggiata a doppio senso;Asciutto;Asfaltata;Verticale ed orizzontale;Sereno;Normale;Buona;Ore Diurne;1;0;0;1;12.47036;41.82301;-1;1;Autovettura privata;In marcia / fermata / arresto;Conducente;F;Illeso;0;;Utilizzato;Inesploso
2982089;12;26/09/2016 18:00;Strada Urbana;VIALE DELL'UMANESIMO;all'intersezione con;PIAZZALE DELL'UMANESIMO;PIAZZALE DELL'UMANESIMO;;;Infortunio per caduta del veicolo;Incrocio;Una carreggiata a doppio senso;Asciutto;Asfaltata;Verticale ed orizzontale;Sereno;Normale;Buona;Ore Diurne;1;0;0;1;12.47036;41.82301;-1;2;Motociclo a solo;In marcia / fermata / arresto;Conducente;M;Ricoverato;0;NON DECEDUTO;Utilizzato;
2982099;19;26/09/2016 09:35;Strada Urbana;VIA TRIONFALE;all'intersezione con;VIA GIUSEPPE BARELLAI;VIA GIUSEPPE BARELLAI;;;Scontro frontale/laterale DX fra veicoli in marcia;Incrocio;Una carreggiata a doppio senso;Asciutto;Asfaltata;Assente;Sereno;Normale;Buona;Ore Diurne;1;0;0;1;12.42296;41.94088;-1;1;Autovettura privata;In marcia / fermata / arresto;Conducente;F;Illeso;0;;;
2982099;19;26/09/2016 09:35;Strada Urbana;VIA TRIONFALE;all'intersezione con;VIA GIUSEPPE BARELLAI;VIA GIUSEPPE BARELLAI;;;Scontro frontale/laterale DX fra veicoli in marcia;Incrocio;Una carreggiata a doppio senso;Asciutto;Asfaltata;Assente;Sereno;Normale;Buona;Ore Diurne;1;0;0;1;12.42296;41.94088;-1;2;Motociclo a solo;In marcia / fermata / arresto;Conducente;F;Rimandato;0;NON DECEDUTO;;
2982101;19;26/09/2016 23:00;Strada Urbana;VIA ANTONIO PANIZZI;all'intersezione con;VIA DI CASAL DEL MARMO;VIA DI CASAL DEL MARMO;;;Investimento di pedone;Incrocio;Una carreggiata a doppio senso;Asciutto;Asfaltata;Orizzontale;Sereno;Normale;Buona;Sufficiente;1;0;0;1;12.40296;41.95563;-1;;;;Pedone;M;Rimandato;0;NON DECEDUTO;;
2982101;19;26/09/2016 23:00;Strada Urbana;VIA ANTONIO PANIZZI;all'intersezione con;VIA DI CASAL DEL MARMO;VIA DI CASAL DEL MARMO;;;Investimento di pedone;Incrocio;Una carreggiata a doppio senso;Asciutto;Asfaltata;Orizzontale;Sereno;Normale;Buona;Sufficiente;1;0;0;1;12.40296;41.95563;-1;1;Autovettura privata;In marcia / fermata / arresto;Conducente;F;Illeso;0;;Non accertato;Inesploso
2982115;7;26/09/2016 10:20;Strada Urbana;VIA FEDERICO DELPINO;all'intersezione con;PIAZZA TEOFRASTO;PIAZZA TEOFRASTO;;;Scontro frontale/laterale DX fra veicoli in marcia;Intersezione stradale segnalata;Una carreggiata a doppio senso;Asciutto;Asfaltata;Verticale ed orizzontale;Sereno;Normale;Buona;Ore Diurne;0;0;0;3;12.56412;41.89144;-1;1;Autovettura privata;In marcia / fermata / arresto;Conducente;M;Illeso;0;;Non accertato;Inesploso
2982115;7;26/09/2016 10:20;Strada Urbana;VIA FEDERICO DELPINO;all'intersezione con;PIAZZA TEOFRASTO;PIAZZA TEOFRASTO;;;Scontro frontale/laterale DX fra veicoli in marcia;Intersezione stradale segnalata;Una carreggiata a doppio senso;Asciutto;Asfaltata;Verticale ed orizzontale;Sereno;Normale;Buona;Ore Diurne;0;0;0;3;12.56412;41.89144;-1;1;Autovettura privata;In marcia / fermata / arresto;Passeggero;F;Illeso;0;;Non accertato;Inesploso
2982115;7;26/09/2016 10:20;Strada Urbana;VIA FEDERICO DELPINO;all'intersezione con;PIAZZA TEOFRASTO;PIAZZA TEOFRASTO;;;Scontro frontale/laterale DX fra veicoli in marcia;Intersezione stradale segnalata;Una carreggiata a doppio senso;Asciutto;Asfaltata;Verticale ed orizzontale;Sereno;Normale;Buona;Ore Diurne;0;0;0;3;12.56412;41.89144;-1;2;Autovettura privata;In marcia / fermata / arresto;Conducente;F;Illeso;0;;Non accertato;Inesploso
2982120;1;25/09/2016 12:15;Strada Urbana;VIA MARCO MINGHETTI;in corrispondenza;;del civico n.;4;;Veicolo in marcia contro veicolo in sosta;Rettilineo;Una carreggiata a senso unico di marcia;Asciutto;Asfaltata;Verticale ed orizzontale;Sereno;Normale;Buona;Ore Diurne;0;0;0;1;12.48241;41.90019;-1;1;Motociclo a solo;In marcia / fermata / arresto;Conducente;M;Illeso;0;;Non accertato;
2982122;13;26/09/2016 09:35;Strada Urbana;VIA DOMENICO MORELLI;in prossimità;;del civico n.;32;;Investimento di pedone;Rettilineo;Una carreggiata a doppio senso;Asciutto;Asfaltata;Assente;Sereno;Normale;Buona;Ore Diurne;1;0;0;1;12.35451;41.77605;-1;;;;Pedone;M;Rimandato;0;NON DECEDUTO;;
2982122;13;26/09/2016 09:35;Strada Urbana;VIA DOMENICO MORELLI;in prossimità;;del civico n.;32;;Investimento di pedone;Rettilineo;Una carreggiata a doppio senso;Asciutto;Asfaltata;Assente;Sereno;Normale;Buona;Ore Diurne;1;0;0;1;12.35451;41.77605;-1;1;Autovettura privata;In marcia / fermata / arresto;Conducente;M;Illeso;0;;Non accertato;Inesploso
2982127;13;27/09/2016 01:05;Strada Urbana;VIALE ERNESTO ORREI;da specificare;;;;in prossimità via Mar Arabico;Veicolo in marcia contro ostacolo accidentale;Rettilineo;Una carreggiata a doppio senso;Asciutto;Strada pavimentata dissestata;Verticale;Sereno;Scarso;Buona;Sufficiente;1;0;0;0;12.299;41.73157;-1;1;Motociclo a solo;In marcia / fermata / arresto;Conducente;M;Ricoverato;0;NON DECEDUTO;Non accertato;
2982135;15;27/09/2016 08:15;Strada Urbana;VIA PORTUENSE;da specificare;;;;altezza palo luce Acea n. 392;Veicolo in marcia contro ostacolo accidentale;Curva a visuale libera;Due carreggiate;Asciutto;Asfaltata;Assente;Sereno;Normale;Buona;Ore Diurne;0;0;0;1;12.40847;41.84322;-1;1;Autovettura privata;In marcia / fermata / arresto;Conducente;M;Illeso;0;;Utilizzato;Inesploso
2982137;12;26/09/2016 15:05;Strada Urbana;VIA PIO EMANUELLI;in prossimità;;del civico n.;80;;Veicolo in marcia contro veicolo in sosta;Rettilineo;Una carreggiata a doppio senso;Asciutto;Asfaltata;Verticale ed orizzontale;Sereno;Normale;Buona;Ore Diurne;0;0;0;1;12.48981;41.82312;-1;2;Autovettura privata;In marcia / fermata / arresto;Conducente;F;Illeso;0;;Utilizzato;Inesploso
2982157;1;25/09/2016 00:30;Strada Urbana;VIA PIETRO BARBIERI;in corrispondenza;;del civico n.;20;;Veicolo in marcia contro ostacolo accidentale;Rettilineo;Una carreggiata a senso unico di marcia;Asciutto;In cubetti di porfido;Verticale ed orizzontale;Sereno;Scarso;Sufficiente;Sufficiente;0;0;0;4;12.496;41.90359;-1;1;Autovettura pubblica;In marcia / fermata / arresto;Conducente;M;Illeso;0;;Non accertato;
2982157;1;25/09/2016 00:30;Strada Urbana;VIA PIETRO BARBIERI;in corrispondenza;;del civico n.;20;;Veicolo in marcia contro ostacolo accidentale;Rettilineo;Una carreggiata a senso unico di marcia;Asciutto;In cubetti di porfido;Verticale ed orizzontale;Sereno;Scarso;Sufficiente;Sufficiente;0;0;0;4;12.496;41.90359;-1;1;Autovettura pubblica;In marcia / fermata / arresto;Passeggero;F;Illeso;0;;Non accertato;
2982157;1;25/09/2016 00:30;Strada Urbana;VIA PIETRO BARBIERI;in corrispondenza;;del civico n.;20;;Veicolo in marcia contro ostacolo accidentale;Rettilineo;Una carreggiata a senso unico di marcia;Asciutto;In cubetti di porfido;Verticale ed orizzontale;Sereno;Scarso;Sufficiente;Sufficiente;0;0;0;4;12.496;41.90359;-1;1;Autovettura pubblica;In marcia / fermata / arresto;Passeggero;M;Illeso;0;;Non accertato;
2982157;1;25/09/2016 00:30;Strada Urbana;VIA PIETRO BARBIERI;in corrispondenza;;del civico n.;20;;Veicolo in marcia contro ostacolo accidentale;Rettilineo;Una carreggiata a senso unico di marcia;Asciutto;In cubetti di porfido;Verticale ed orizzontale;Sereno;Scarso;Sufficiente;Sufficiente;0;0;0;4;12.496;41.90359;-1;2;Motociclo a solo;In marcia / fermata / arresto;Conducente;F;Illeso;0;;Non accertato;
2982158;19;26/09/2016 19:40;Strada Urbana;VIA DELLA PINETA SACCHETTI;in prossimità;;del civico n.;185;;Tamponamento Multiplo;Curva a visuale libera;Due carreggiate;Asciutto;Asfaltata;Verticale ed orizzontale;Sereno;Intenso;Buona;Sufficiente;0;0;0;4;12.42418;41.92301;-1;1;Autovettura privata;In marcia / fermata / arresto;Conducente;F;Illeso;0;;Non accertato;
2982158;19;26/09/2016 19:40;Strada Urbana;VIA DELLA PINETA SACCHETTI;in prossimità;;del civico n.;185;;Tamponamento Multiplo;Curva a visuale libera;Due carreggiate;Asciutto;Asfaltata;Verticale ed orizzontale;Sereno;Intenso;Buona;Sufficiente;0;0;0;4;12.42418;41.92301;-1;2;Autovettura privata;In marcia / fermata / arresto;Conducente;F;Illeso;0;;Non accertato;
2982158;19;26/09/2016 19:40;Strada Urbana;VIA DELLA PINETA SACCHETTI;in prossimità;;del civico n.;185;;Tamponamento Multiplo;Curva a visuale libera;Due carreggiate;Asciutto;Asfaltata;Verticale ed orizzontale;Sereno;Intenso;Buona;Sufficiente;0;0;0;4;12.42418;41.92301;-1;3;Autovettura privata;In marcia / fermata / arresto;Conducente;M;Illeso;0;;Non accertato;
2982158;19;26/09/2016 19:40;Strada Urbana;VIA DELLA PINETA SACCHETTI;in prossimità;;del civico n.;185;;Tamponamento Multiplo;Curva a visuale libera;Due carreggiate;Asciutto;Asfaltata;Verticale ed orizzontale;Sereno;Intenso;Buona;Sufficiente;0;0;0;4;12.42418;41.92301;-1;3;Autovettura privata;In marcia / fermata / arresto;Passeggero;M;Illeso;0;;Non accertato;
2982160;7;26/09/2016 08:30;Strada Urbana;PIAZZALE PINO PASCALI;all'intersezione con;VIALE PALMIRO TOGLIATTI;VIALE PALMIRO TOGLIATTI;;;Scontro frontale/laterale SX fra veicoli in marcia;Intersezione semaforizzata;Due carreggiate;Asciutto;Asfaltata;Verticale ed orizzontale;Sereno;Normale;Buona;Ore Diurne;1;0;0;3;12.57578;41.89722;-1;1;Autovettura di polizia;In marcia / fermata / arresto;Conducente;M;Illeso;0;;Non accertato;
2982160;7;26/09/2016 08:30;Strada Urbana;PIAZZALE PINO PASCALI;all'intersezione con;VIALE PALMIRO TOGLIATTI;VIALE PALMIRO TOGLIATTI;;;Scontro frontale/laterale SX fra veicoli in marcia;Intersezione semaforizzata;Due carreggiate;Asciutto;Asfaltata;Verticale ed orizzontale;Sereno;Normale;Buona;Ore Diurne;1;0;0;3;12.57578;41.89722;-1;1;Autovettura di polizia;In marcia / fermata / arresto;Passeggero;M;Illeso;0;;Non accertato;Inesploso
2982160;7;26/09/2016 08:30;Strada Urbana;PIAZZALE PINO PASCALI;all'intersezione con;VIALE PALMIRO TOGLIATTI;VIALE PALMIRO TOGLIATTI;;;Scontro frontale/laterale SX fra veicoli in marcia;Intersezione semaforizzata;Due carreggiate;Asciutto;Asfaltata;Verticale ed orizzontale;Sereno;Normale;Buona;Ore Diurne;1;0;0;3;12.57578;41.89722;-1;1;Autovettura di polizia;In marcia / fermata / arresto;Passeggero;M;Illeso;0;;Non accertato;Inesploso
2982160;7;26/09/2016 08:30;Strada Urbana;PIAZZALE PINO PASCALI;all'intersezione con;VIALE PALMIRO TOGLIATTI;VIALE PALMIRO TOGLIATTI;;;Scontro frontale/laterale SX fra veicoli in marcia;Intersezione semaforizzata;Due carreggiate;Asciutto;Asfaltata;Verticale ed orizzontale;Sereno;Normale;Buona;Ore Diurne;1;0;0;3;12.57578;41.89722;-1;2;Autovettura privata;In marcia / fermata / arresto;Conducente;F;Rimandato;0;NON DECEDUTO;Non accertato;Esploso
2982164;2;26/09/2016 15:20;Strada Urbana;VIA ANTONAZZO ROMANO;in prossimità;;del civico n.;7;;Scontro laterale fra veicoli in marcia;Rettilineo;Una carreggiata a doppio senso;Asciutto;Asfaltata;Verticale ed orizzontale;Sereno;Normale;Buona;Ore Diurne;0;0;0;2;12.46266;41.929;-1;1;Autobus urbano;In marcia / fermata / arresto;Conducente;M;Illeso;0;;;
2982164;2;26/09/2016 15:20;Strada Urbana;VIA ANTONAZZO ROMANO;in prossimità;;del civico n.;7;;Scontro laterale fra veicoli in marcia;Rettilineo;Una carreggiata a doppio senso;Asciutto;Asfaltata;Verticale ed orizzontale;Sereno;Normale;Buona;Ore Diurne;0;0;0;2;12.46266;41.929;-1;2;Autovettura privata;In marcia / fermata / arresto;Conducente;F;Illeso;0;;;
2982165;2;26/09/2016 15:30;Strada Urbana;VIA NOMENTANA;in prossimità;;del civico n.;132;;Scontro laterale fra veicoli in marcia;Rettilineo;Una carreggiata a doppio senso;Asciutto;Asfaltata;Verticale ed orizzontale;Sereno;Normale;Buona;Ore Diurne;0;0;0;2;12.51813;41.92136;-1;1;Autovettura privata;In marcia / fermata / arresto;Conducente;M;Illeso;0;;;
2982165;2;26/09/2016 15:30;Strada Urbana;VIA NOMENTANA;in prossimità;;del civico n.;132;;Scontro laterale fra veicoli in marcia;Rettilineo;Una carreggiata a doppio senso;Asciutto;Asfaltata;Verticale ed orizzontale;Sereno;Normale;Buona;Ore Diurne;0;0;0;2;12.51813;41.92136;-1;2;Autocarro inferiore 35 q.;In marcia / fermata / arresto;Conducente;M;Illeso;0;;;
2982171;17;26/09/2016 16:10;Strada Urbana;VIALE ANGELICO;all'intersezione semaforizzata con;VIALE CARSO;VIALE CARSO;;;Scontro frontale/laterale SX fra veicoli in marcia;Intersezione semaforizzata;Più di due carreggiate;Asciutto;Asfaltata;Verticale ed orizzontale;Sereno;Normale;Buona;Ore Diurne;0;0;0;2;12.45917;41.90526;-1;1;Autovettura privata;In marcia / fermata / arresto;Conducente;M;Illeso;0;;;
2982171;17;26/09/2016 16:10;Strada Urbana;VIALE ANGELICO;all'intersezione semaforizzata con;VIALE CARSO;VIALE CARSO;;;Scontro frontale/laterale SX fra veicoli in marcia;Intersezione semaforizzata;Più di due carreggiate;Asciutto;Asfaltata;Verticale ed orizzontale;Sereno;Normale;Buona;Ore Diurne;0;0;0;2;12.45917;41.90526;-1;2;Autovettura privata;In marcia / fermata / arresto;Conducente;M;Illeso;0;;;
2982180;13;26/09/2016 19:30;Strada Urbana;VIA DI CASTEL FUSANO;in prossimità;;del civico n.;226;;Scontro frontale/laterale DX fra veicoli in marcia;Rettilineo;Una carreggiata a doppio senso;Asciutto;Asfaltata;Verticale ed orizzontale;Sereno;Normale;Sufficiente;Inesistente;1;0;0;2;12.31392;41.7402;-1;1;Autovettura privata;In marcia / fermata / arresto;Conducente;M;Illeso;0;;Non accertato;Inesploso
2982180;13;26/09/2016 19:30;Strada Urbana;VIA DI CASTEL FUSANO;in prossimità;;del civico n.;226;;Scontro frontale/laterale DX fra veicoli in marcia;Rettilineo;Una carreggiata a doppio senso;Asciutto;Asfaltata;Verticale ed orizzontale;Sereno;Normale;Sufficiente;Inesistente;1;0;0;2;12.31392;41.7402;-1;1;Autovettura privata;In marcia / fermata / arresto;Passeggero;M;Illeso;0;;Non accertato;Inesploso
2982180;13;26/09/2016 19:30;Strada Urbana;VIA DI CASTEL FUSANO;in prossimità;;del civico n.;226;;Scontro frontale/laterale DX fra veicoli in marcia;Rettilineo;Una carreggiata a doppio senso;Asciutto;Asfaltata;Verticale ed orizzontale;Sereno;Normale;Sufficiente;Inesistente;1;0;0;2;12.31392;41.7402;-1;2;Motociclo a solo;In marcia / fermata / arresto;Conducente;M;Rimandato;0;NON DECEDUTO;Non accertato;
2982203;13;26/09/2016 18:40;Strada Urbana;VIA DI MACCHIA SAPONARA;in corrispondenza;;del civico n.;156;;Tamponamento;Rettilineo;Una carreggiata a doppio senso;Asciutto;Asfaltata;Verticale ed orizzontale;Sereno;Normale;Buona;Ore Diurne;0;0;0;2;12.36079;41.76217;-1;1;Autovettura privata;In marcia / fermata / arresto;Conducente;M;Illeso;0;;Non accertato;Inesploso
2982203;13;26/09/2016 18:40;Strada Urbana;VIA DI MACCHIA SAPONARA;in corrispondenza;;del civico n.;156;;Tamponamento;Rettilineo;Una carreggiata a doppio senso;Asciutto;Asfaltata;Verticale ed orizzontale;Sereno;Normale;Buona;Ore Diurne;0;0;0;2;12.36079;41.76217;-1;2;Autovettura privata;In marcia / fermata / arresto;Conducente;M;Illeso;0;;Non accertato;Inesploso
2982215;4;24/09/2016 01:00;Provinciale entro l'abitato;VIA NOMENTANA;da specificare;;;;altezza cavalcavia G.R.A. direzione fuori Roma;Tamponamento;Rettilineo;Una carreggiata a doppio senso;Asciutto;Asfaltata;Verticale ed orizzontale;Sereno;Normale;Buona;Insufficiente;1;0;0;6;12.55238;41.94111;-1;1;Autovettura privata;In marcia / fermata / arresto;Conducente;M;Illeso;0;;;
2982215;4;24/09/2016 01:00;Provinciale entro l'abitato;VIA NOMENTANA;da specificare;;;;altezza cavalcavia G.R.A. direzione fuori Roma;Tamponamento;Rettilineo;Una carreggiata a doppio senso;Asciutto;Asfaltata;Verticale ed orizzontale;Sereno;Normale;Buona;Insufficiente;1;0;0;6;12.55238;41.94111;-1;1;Autovettura privata;In marcia / fermata / arresto;Passeggero;M;Illeso;0;;Non accertato;
2982215;4;24/09/2016 01:00;Provinciale entro l'abitato;VIA NOMENTANA;da specificare;;;;altezza cavalcavia G.R.A. direzione fuori Roma;Tamponamento;Rettilineo;Una carreggiata a doppio senso;Asciutto;Asfaltata;Verticale ed orizzontale;Sereno;Normale;Buona;Insufficiente;1;0;0;6;12.55238;41.94111;-1;1;Autovettura privata;In marcia / fermata / arresto;Passeggero;M;Illeso;0;;;
2982215;4;24/09/2016 01:00;Provinciale entro l'abitato;VIA NOMENTANA;da specificare;;;;altezza cavalcavia G.R.A. direzione fuori Roma;Tamponamento;Rettilineo;Una carreggiata a doppio senso;Asciutto;Asfaltata;Verticale ed orizzontale;Sereno;Normale;Buona;Insufficiente;1;0;0;6;12.55238;41.94111;-1;1;Autovettura privata;In marcia / fermata / arresto;Passeggero;F;Illeso;0;;;
2982215;4;24/09/2016 01:00;Provinciale entro l'abitato;VIA NOMENTANA;da specificare;;;;altezza cavalcavia G.R.A. direzione fuori Roma;Tamponamento;Rettilineo;Una carreggiata a doppio senso;Asciutto;Asfaltata;Verticale ed orizzontale;Sereno;Normale;Buona;Insufficiente;1;0;0;6;12.55238;41.94111;-1;2;Autovettura privata;In marcia / fermata / arresto;Conducente;M;Illeso;0;;;
2982215;4;24/09/2016 01:00;Provinciale entro l'abitato;VIA NOMENTANA;da specificare;;;;altezza cavalcavia G.R.A. direzione fuori Roma;Tamponamento;Rettilineo;Una carreggiata a doppio senso;Asciutto;Asfaltata;Verticale ed orizzontale;Sereno;Normale;Buona;Insufficiente;1;0;0;6;12.55238;41.94111;-1;2;Autovettura privata;In marcia / fermata / arresto;Passeggero;F;Illeso;0;;Non accertato;