Protocollo;Gruppo;DataOraIncidente;Localizzazione1;STRADA1;Localizzazione2;STRADA2;Strada02;Chilometrica;DaSpecificare;NaturaIncidente;particolaritastrade;TipoStrada;FondoStradale;Pavimentazione;Segnaletica;CondizioneAtmosferica;Traffico;Visibilita;Illuminazione;NUM_FERITI;NUM_RISERVATA;NUM_MORTI;NUM_ILLESI;Longitudine;Latitudine;Confermato;Progressivo;TipoVeicolo;StatoVeicolo;TipoPersona;Sesso;Tipolesione;Deceduto;DecedutoDopo;CinturaCascoUtilizzato;Airbag
2982215;4;24/09/2016 01:00;Provinciale entro l'abitato;VIA NOMENTANA;da specificare;;;;altezza cavalcavia G.R.A. direzione fuori Roma;Tamponamento;Rettilineo;Una carreggiata a doppio senso;Asciutto;Asfaltata;Verticale ed orizzontale;Sereno;Normale;Buona;Insufficiente;1;0;0;6;12.55238;41.94111;-1;2;Autovettura privata;In marcia / fermata / arresto;Passeggero;M;Rimandato;0;NON DECEDUTO;;
2982231;10;27/09/2016 08:50;Strada Urbana;VIA FLAVIO STILICONE;all'intersezione con;VIA PONZIO COMINIO;VIA PONZIO COMINIO;;;Scontro frontale/laterale SX fra veicoli in marcia;Intersezione stradale segnalata;Una carreggiata a senso unico di marcia;Asciutto;Asfaltata;Verticale;Sereno;Normale;Buona;Ore Diurne;0;0;0;3;12.55789;41.86068;-1;1;Ciclomotore;In marcia / fermata / arresto;Conducente;M;Illeso;0;;Non accertato;
2982231;10;27/09/2016 08:50;Strada Urbana;VIA FLAVIO STILICONE;all'intersezione con;VIA PONZIO COMINIO;VIA PONZIO COMINIO;;;Scontro frontale/laterale SX fra veicoli in marcia;Intersezione stradale segnalata;Una carreggiata a senso unico di marcia;Asciutto;Asfaltata;Verticale;Sereno;Normale;Buona;Ore Diurne;0;0;0;3;12.55789;41.86068;-1;2;Autovettura privata;In marcia / fermata / arresto;Conducente;M;Illeso;0;;Non accertato;Inesploso
2982231;10;27/09/2016 08:50;Strada Urbana;VIA FLAVIO STILICONE;all'intersezione con;VIA PONZIO COMINIO;VIA PONZIO COMINIO;;;Scontro frontale/laterale SX fra veicoli in marcia;Intersezione stradale segnalata;Una carreggiata a senso unico di marcia;Asciutto;Asfaltata;Verticale;Sereno;Normale;Buona;Ore Diurne;0;0;0;3;12.55789;41.86068;-1;2;Autovettura privata;In marcia / fermata / arresto;Passeggero;F;Illeso;0;;Non accertato;Inesploso
2982262;1;24/09/2016 00:05;Strada Urbana;LUNGOTEVERE DE' CENCI;in prossimità;;del palo luce n.;12;;Veicolo in marcia contro veicolo arresto;Rettilineo;Una carreggiata a senso unico di marcia;Asciutto;Asfaltata;Verticale ed orizzontale;Sereno;Normale;Sufficiente;Sufficiente;1;0;0;6;12.47647;41.89194;-1;1;Autovettura privata;In marcia / fermata / arresto;Conducente;M;Illeso;0;;;
2982262;1;24/09/2016 00:05;Strada Urbana;LUNGOTEVERE DE' CENCI;in prossimità;;del palo luce n.;12;;Veicolo in marcia contro veicolo arresto;Rettilineo;Una carreggiata a senso unico di marcia;Asciutto;Asfaltata;Verticale ed orizzontale;Sereno;Normale;Sufficiente;Sufficiente;1;0;0;6;12.47647;41.89194;-1;1;Autovettura privata;In marcia / fermata / arresto;Passeggero;F;Illeso;0;;;
2982262;1;24/09/2016 00:05;Strada Urbana;LUNGOTEVERE DE' CENCI;in prossimità;;del palo luce n.;12;;Veicolo in marcia contro veicolo arresto;Rettilineo;Una carreggiata a senso unico di marcia;Asciutto;Asfaltata;Verticale ed orizzontale;Sereno;Normale;Sufficiente;Sufficiente;1;0;0;6;12.47647;41.89194;-1;2;Autovettura privata;In marcia / fermata / arresto;Conducente;M;Illeso;0;;;
2982262;1;24/09/2016 00:05;Strada Urbana;LUNGOTEVERE DE' CENCI;in prossimità;;del palo luce n.;12;;Veicolo in marcia contro veicolo arresto;Rettilineo;Una carreggiata a senso unico di marcia;Asciutto;Asfaltata;Verticale ed orizzontale;Sereno;Normale;Sufficiente;Sufficiente;1;0;0;6;12.47647;41.89194;-1;2;Autovettura privata;In marcia / fermata / arresto;Passeggero;M;Illeso;0;;;
2982262;1;24/09/2016 00:05;Strada Urbana;LUNGOTEVERE DE' CENCI;in prossimità;;del palo luce n.;12;;Veicolo in marcia contro veicolo arresto;Rettilineo;Una carreggiata a senso unico di marcia;Asciutto;Asfaltata;Verticale ed orizzontale;Sereno;Normale;Sufficiente;Sufficiente;1;0;0;6;12.47647;41.89194;-1;2;Autovettura privata;In marcia / fermata / arresto;Passeggero;F;Illeso;0;;;
2982262;1;24/09/2016 00:05;Strada Urbana;LUNGOTEVERE DE' CENCI;in prossimità;;del palo luce n.;12;;Veicolo in marcia contro veicolo arresto;Rettilineo;Una carreggiata a senso unico di marcia;Asciutto;Asfaltata;Verticale ed orizzontale;Sereno;Normale;Sufficiente;Sufficiente;1;0;0;6;12.47647;41.89194;-1;3;Motociclo a solo;In marcia / fermata / arresto;Conducente;M;Rimandato;0;NON DECEDUTO;;
2982293;12;26/09/2016 09:45;Regionale entro l'abitato;VIA ARDEATINA;in prossimità;;del civico n.;1204;;Scontro frontale/laterale DX fra veicoli in marcia;Rettilineo;Una carreggiata a doppio senso;Asciutto;Asfaltata;Verticale ed orizzontale;Sereno;Normale;Buona;Ore Diurne;0;0;0;2;12.5428;41.77695;-1;1;Autovettura privata;In marcia / fermata / arresto;Conducente;M;Illeso;0;;Utilizzato;Inesploso
2982293;12;26/09/2016 09:45;Regionale entro l'abitato;VIA ARDEATINA;in prossimità;;del civico n.;1204;;Scontro frontale/laterale DX fra veicoli in marcia;Rettilineo;Una carreggiata a doppio senso;Asciutto;Asfaltata;Verticale ed orizzontale;Sereno;Normale;Buona;Ore Diurne;0;0;0;2;12.5428;41.77695;-1;2;Veicolo speciale;In marcia / fermata / arresto;Conducente;M;Illeso;0;;Esente;Inesistente
2982320;4;26/09/2016 08:00;Strada Urbana;VIA DI SETTEBAGNI;all'intersezione con;VIA WANDA CAPODAGLIO;VIA WANDA CAPODAGLIO;;;Scontro frontale/laterale SX fra veicoli in marcia;Incrocio;Una carreggiata a doppio senso;Asciutto;Asfaltata;Verticale ed orizzontale;Sereno;Scarso;Buona;Ore Diurne;0;0;0;6;12.53779;41.98142;-1;1;Autovettura privata;In marcia / fermata / arresto;Conducente;M;Illeso;0;;Non accertato;Inesploso
2982320;4;26/09/2016 08:00;Strada Urbana;VIA DI SETTEBAGNI;all'intersezione con;VIA WANDA CAPODAGLIO;VIA WANDA CAPODAGLIO;;;Scontro frontale/laterale SX fra veicoli in marcia;Incrocio;Una carreggiata a doppio senso;Asciutto;Asfaltata;Verticale ed orizzontale;Sereno;Scarso;Buona;Ore Diurne;0;0;0;6;12.53779;41.98142;-1;1;Autovettura privata;In marcia / fermata / arresto;Passeggero;F;Illeso;0;;Non accertato;Inesploso
2982320;4;26/09/2016 08:00;Strada Urbana;VIA DI SETTEBAGNI;all'intersezione con;VIA WANDA CAPODAGLIO;VIA WANDA CAPODAGLIO;;;Scontro frontale/laterale SX fra veicoli in marcia;Incrocio;Una carreggiata a doppio senso;Asciutto;Asfaltata;Verticale ed orizzontale;Sereno;Scarso;Buona;Ore Diurne;0;0;0;6;12.53779;41.98142;-1;1;Autovettura privata;In marcia / fermata / arresto;Passeggero;F;Illeso;0;;Non accertato;Inesploso
2982320;4;26/09/2016 08:00;Strada Urbana;VIA DI SETTEBAGNI;all'intersezione con;VIA WANDA CAPODAGLIO;VIA WANDA CAPODAGLIO;;;Scontro frontale/laterale SX fra veicoli in marcia;Incrocio;Una carreggiata a doppio senso;Asciutto;Asfaltata;Verticale ed orizzontale;Sereno;Scarso;Buona;Ore Diurne;0;0;0;6;12.53779;41.98142;-1;1;Autovettura privata;In marcia / fermata / arresto;Passeggero;M;Illeso;0;;Non accertato;Inesploso
2982320;4;26/09/2016 08:00;Strada Urbana;VIA DI SETTEBAGNI;all'intersezione con;VIA WANDA CAPODAGLIO;VIA WANDA CAPODAGLIO;;;Scontro frontale/laterale SX fra veicoli in marcia;Incrocio;Una carreggiata a doppio senso;Asciutto;Asfaltata;Verticale ed orizzontale;Sereno;Scarso;Buona;Ore Diurne;0;0;0;6;12.53779;41.98142;-1;1;Autovettura privata;In marcia / fermata / arresto;Passeggero;M;Illeso;0;;Non accertato;Inesploso
2982320;4;26/09/2016 08:00;Strada Urbana;VIA DI SETTEBAGNI;all'intersezione con;VIA WANDA CAPODAGLIO;VIA WANDA CAPODAGLIO;;;Scontro frontale/laterale SX fra veicoli in marcia;Incrocio;Una carreggiata a doppio senso;Asciutto;Asfaltata;Verticale ed orizzontale;Sereno;Scarso;Buona;Ore Diurne;0;0;0;6;12.53779;41.98142;-1;2;Veicolo speciale;In marcia / fermata / arresto;Conducente;M;Illeso;0;;Non accertato;Inesistente
2982321;11;27/09/2016 09:25;Strada Urbana;VIA OSTIENSE;in prossimità;;del civico n.;178/C;;Investimento di pedone;Rettilineo;Più di due carreggiate;Asciutto;Asfaltata;Verticale ed orizzontale;Sereno;Normale;Buona;Ore Diurne;1;0;0;2;12.47835;41.86353;-1;;;;Pedone;F;Rimandato;0;NON DECEDUTO;;
2982321;11;27/09/2016 09:25;Strada Urbana;VIA OSTIENSE;in prossimità;;del civico n.;178/C;;Investimento di pedone;Rettilineo;Più di due carreggiate;Asciutto;Asfaltata;Verticale ed orizzontale;Sereno;Normale;Buona;Ore Diurne;1;0;0;2;12.47835;41.86353;-1;1;Ciclomotore;In marcia / fermata / arresto;Conducente;M;Illeso;0;;Non accertato;
2982321;11;27/09/2016 09:25;Strada Urbana;VIA OSTIENSE;in prossimità;;del civico n.;178/C;;Investimento di pedone;Rettilineo;Più di due carreggiate;Asciutto;Asfaltata;Verticale ed orizzontale;Sereno;Normale;Buona;Ore Diurne;1;0;0;2;12.47835;41.86353;-1;1;Ciclomotore;In marcia / fermata / arresto;Passeggero;M;Illeso;0;;Non accertato;
2982322;13;26/09/2016 19:40;Strada Urbana;VIA DEL MARE;da specificare;;;;prossimità via delle Azzorre;Tamponamento;Rettilineo;Una carreggiata a doppio senso;Asciutto;Asfaltata;Verticale ed orizzontale;Sereno;Normale;Buona;Sufficiente;0;0;0;2;12.28315;41.73906;-1;1;Autovettura privata;In marcia / fermata / arresto;Conducente;M;Illeso;0;;Non accertato;Esploso
2982322;13;26/09/2016 19:40;Strada Urbana;VIA DEL MARE;da specificare;;;;prossimità via delle Azzorre;Tamponamento;Rettilineo;Una carreggiata a doppio senso;Asciutto;Asfaltata;Verticale ed orizzontale;Sereno;Normale;Buona;Sufficiente;0;0;0;2;12.28315;41.73906;-1;2;Autovettura privata;In marcia / fermata / arresto;Conducente;M;Illeso;0;;Non accertato;
2982332;1;22/09/2016 07:35;Strada Urbana;PIAZZA DI S. GIOVANNI IN LATERANO;in prossimità;;del civico n.;76;;Investimento di pedone;Rettilineo;Una carreggiata a doppio senso;Asciutto;Asfaltata;Verticale ed orizzontale;Sereno;Intenso;Buona;Ore Diurne;2;0;0;0;12.50493;41.88719;-1;;;;Pedone;F;Rifiuta cure immediate;0;NON DECEDUTO;;
2982332;1;22/09/2016 07:35;Strada Urbana;PIAZZA DI S. GIOVANNI IN LATERANO;in prossimità;;del civico n.;76;;Investimento di pedone;Rettilineo;Una carreggiata a doppio senso;Asciutto;Asfaltata;Verticale ed orizzontale;Sereno;Intenso;Buona;Ore Diurne;2;0;0;0;12.50493;41.88719;-1;1;Motociclo a solo;In marcia / fermata / arresto;Conducente;F;Rimandato;0;NON DECEDUTO;Non accertato;
2982340;12;26/09/2016 11:45;Provinciale;VIA ARDEATINA;da specificare;;;;direzione ROMA a 200 mt dal civico 2489;Tamponamento;Rettilineo;Una carreggiata a doppio senso;Asciutto;Asfaltata;Verticale ed orizzontale;Sereno;Normale;Buona;Ore Diurne;0;0;0;2;12.53591;41.79118;-1;1;Autotreno;In marcia / fermata / arresto;Conducente;M;Illeso;0;;Non accertato;Inesploso
2982340;12;26/09/2016 11:45;Provinciale;VIA ARDEATINA;da specificare;;;;direzione ROMA a 200 mt dal civico 2489;Tamponamento;Rettilineo;Una carreggiata a doppio senso;Asciutto;Asfaltata;Verticale ed orizzontale;Sereno;Normale;Buona;Ore Diurne;0;0;0;2;12.53591;41.79118;-1;2;Autocarro inferiore 35 q.;In marcia / fermata / arresto;Conducente;M;Illeso;0;;Non accertato;Inesploso
2982358;3;25/09/2016;Strada Urbana;VIALE DELLE PROVINCIE;in prossimità;;del civico n.;43;;Veicolo in marcia contro veicolo in sosta;Rettilineo;Due carreggiate;Asciutto;Asfaltata;Verticale ed orizzontale;Sereno;Scarso;Buona;Ore Diurne;0;0;0;1;12.52109;41.91077;-1;2;Autovettura privata;In marcia / fermata / arresto;Conducente;M;Illeso;0;;Non accertato;
2982374;12;26/09/2016 22:35;Strada Urbana;VIA CRISTOFORO COLOMBO;all'intersezione con;VIA OROPA;VIA OROPA;;;Scontro frontale/laterale DX fra veicoli in marcia;Intersezione semaforizzata;Più di due carreggiate;Bagnato (umidità in atto);Asfaltata;Verticale ed orizzontale;Sereno;Normale;Buona;Sufficiente;2;0;0;4;12.48076;41.84759;-1;1;Autovettura privata;In marcia / fermata / arresto;Conducente;M;Illeso;0;;Non accertato;Inesploso
2982374;12;26/09/2016 22:35;Strada Urbana;VIA CRISTOFORO COLOMBO;all'intersezione con;VIA OROPA;VIA OROPA;;;Scontro frontale/laterale DX fra veicoli in marcia;Intersezione semaforizzata;Più di due carreggiate;Bagnato (umidità in atto);Asfaltata;Verticale ed orizzontale;Sereno;Normale;Buona;Sufficiente;2;0;0;4;12.48076;41.84759;-1;2;Autovettura privata;In marcia / fermata / arresto;Conducente;M;Rimandato;0;NON DECEDUTO;Non accertato;Inesploso
2982374;12;26/09/2016 22:35;Strada Urbana;VIA CRISTOFORO COLOMBO;all'intersezione con;VIA OROPA;VIA OROPA;;;Scontro frontale/laterale DX fra veicoli in marcia;Intersezione semaforizzata;Più di due carreggiate;Bagnato (umidità in atto);Asfaltata;Verticale ed orizzontale;Sereno;Normale;Buona;Sufficiente;2;0;0;4;12.48076;41.84759;-1;2;Autovettura privata;In marcia / fermata / arresto;Passeggero;F;Ricoverato;0;NON DECEDUTO;Non accertato;Inesploso
2982374;12;26/09/2016 22:35;Strada Urbana;VIA CRISTOFORO COLOMBO;all'intersezione con;VIA OROPA;VIA OROPA;;;Scontro frontale/laterale DX fra veicoli in marcia;Intersezione semaforizzata;Più di due carreggiate;Bagnato (umidità in atto);Asfaltata;Verticale ed orizzontale;Sereno;Normale;Buona;Sufficiente;2;0;0;4;12.48076;41.84759;-1;3;Autovettura privata;In marcia / fermata / arresto;Conducente;M;Illeso;0;;Non accertato;Inesploso
2982374;12;26/09/2016 22:35;Strada Urbana;VIA CRISTOFORO COLOMBO;all'intersezione con;VIA OROPA;VIA OROPA;;;Scontro frontale/laterale DX fra veicoli in marcia;Intersezione semaforizzata;Più di due carreggiate;Bagnato (umidità in atto);Asfaltata;Verticale ed orizzontale;Sereno;Normale;Buona;Sufficiente;2;0;0;4;12.48076;41.84759;-1;3;Autovettura privata;In marcia / fermata / arresto;Passeggero;M;Illeso;0;;Non accertato;Inesploso
2982377;3;26/09/2016 09:15;Strada Urbana;VIALE REGINA ELENA;in prossimità;;del civico n.;287B;;Veicolo in marcia contro veicolo arresto;Sottopasso non illuminato;Due carreggiate;Asciutto;Asfaltata;Verticale ed orizzontale;Nevicata in atto;Scarso;Buona;Sufficiente;0;0;0;2;12.51322;41.90817;-1;1;Motociclo a solo;In marcia / fermata / arresto;Conducente;M;Illeso;0;;Non accertato;
2982377;3;26/09/2016 09:15;Strada Urbana;VIALE REGINA ELENA;in prossimità;;del civico n.;287B;;Veicolo in marcia contro veicolo arresto;Sottopasso non illuminato;Due carreggiate;Asciutto;Asfaltata;Verticale ed orizzontale;Nevicata in atto;Scarso;Buona;Sufficiente;0;0;0;2;12.51322;41.90817;-1;2;Autovettura privata;In marcia / fermata / arresto;Conducente;M;Illeso;0;;Non accertato;Inesploso
2982383;4;26/09/2016 09:50;Strada Urbana;PIAZZA SEMPIONE;da specificare;;;;IN PROSSIMITà DEL FRONTE CIVICO N. 20;Scontro laterale fra veicoli in marcia;Rettilineo;Una carreggiata a senso unico di marcia;Asciutto;Asfaltata;Verticale ed orizzontale;Sereno;Normale;Buona;Ore Diurne;0;0;0;2;12.53532;41.93559;-1;1;Veicolo speciale;In marcia / fermata / arresto;Conducente;M;Illeso;0;;Non accertato;Inesistente
2982383;4;26/09/2016 09:50;Strada Urbana;PIAZZA SEMPIONE;da specificare;;;;IN PROSSIMITà DEL FRONTE CIVICO N. 20;Scontro laterale fra veicoli in marcia;Rettilineo;Una carreggiata a senso unico di marcia;Asciutto;Asfaltata;Verticale ed orizzontale;Sereno;Normale;Buona;Ore Diurne;0;0;0;2;12.53532;41.93559;-1;2;Autovettura privata;In marcia / fermata / arresto;Conducente;M;Illeso;0;;Non accertato;Inesploso
2982386;2;27/09/2016 08:10;Strada Urbana;PIAZZA DELLA MARINA;in corrispondenza;;del civico n.;21;;Veicolo in marcia contro veicolo in sosta;Curva a visuale libera;Una carreggiata a doppio senso;Asciutto;Asfaltata;Verticale ed orizzontale;Sereno;Normale;Buona;Ore Diurne;1;0;0;2;12.47388;41.91639;-1;;;;Pedone;M;Rimandato;0;NON DECEDUTO;;
2982386;2;27/09/2016 08:10;Strada Urbana;PIAZZA DELLA MARINA;in corrispondenza;;del civico n.;21;;Veicolo in marcia contro veicolo in sosta;Curva a visuale libera;Una carreggiata a doppio senso;Asciutto;Asfaltata;Verticale ed orizzontale;Sereno;Normale;Buona;Ore Diurne;1;0;0;2;12.47388;41.91639;-1;1;Autobus turistico;In marcia / fermata / arresto;Conducente;M;Illeso;0;;;
2982386;2;27/09/2016 08:10;Strada Urbana;PIAZZA DELLA MARINA;in corrispondenza;;del civico n.;21;;Veicolo in marcia contro veicolo in sosta;Curva a visuale libera;Una carreggiata a doppio senso;Asciutto;Asfaltata;Verticale ed orizzontale;Sereno;Normale;Buona;Ore Diurne;1;0;0;2;12.47388;41.91639;-1;1;Autobus turistico;In marcia / fermata / arresto;Passeggero;M;Illeso;0;;;Inesploso
2982390;4;26/09/2016 10:40;Strada Urbana;VIA SUVERETO;da specificare;;;;fronte civico 54;Scontro laterale fra veicoli in marcia;Curva a visuale libera;Due carreggiate;Asciutto;Asfaltata;Assente;Sereno;Normale;Buona;Ore Diurne;0;0;0;2;12.51886;41.95489;-1;1;Motociclo a solo;In marcia / fermata / arresto;Conducente;M;Illeso;0;;Non accertato;
2982390;4;26/09/2016 10:40;Strada Urbana;VIA SUVERETO;da specificare;;;;fronte civico 54;Scontro laterale fra veicoli in marcia;Curva a visuale libera;Due carreggiate;Asciutto;Asfaltata;Assente;Sereno;Normale;Buona;Ore Diurne;0;0;0;2;12.51886;41.95489;-1;2;Autocarro inferiore 35 q.;In marcia / fermata / arresto;Conducente;M;Illeso;0;;Non accertato;Inesistente
2982392;3;26/09/2016 19:25;Strada Urbana;VIA NOMENTANA;da specificare;;;;pross.tà fronte civ. 39/41;Scontro laterale fra veicoli in marcia;Rettilineo;Due carreggiate;Asciutto;Asfaltata;Verticale ed orizzontale;Sereno;Normale;Buona;Sufficiente;0;0;0;2;12.50277;41.9104;-1;1;Autobus turistico;In marcia / fermata / arresto;Conducente;M;Illeso;0;;Non accertato;Inesploso
2982392;3;26/09/2016 19:25;Strada Urbana;VIA NOMENTANA;da specificare;;;;pross.tà fronte civ. 39/41;Scontro laterale fra veicoli in marcia;Rettilineo;Due carreggiate;Asciutto;Asfaltata;Verticale ed orizzontale;Sereno;Normale;Buona;Sufficiente;0;0;0;2;12.50277;41.9104;-1;2;Autovettura privata;In marcia / fermata / arresto;Conducente;M;Illeso;0;;Non accertato;Inesploso
2982397;16;26/09/2016 12:20;Strada Urbana;VICOLO DELLA SERPE;in prossimità;;del civico n.;69;;Veicolo in marcia contro ostacolo accidentale;Rettilineo;Una carreggiata a senso unico alternato;Asciutto;Asfaltata;Assente;Sereno;Scarso;Buona;Ore Diurne;0;0;0;1;12.44844;41.86052;-1;1;Autovettura privata;In marcia / fermata / arresto;Conducente;M;Illeso;0;;Non accertato;Inesploso
2982409;1;24/09/2016 02:45;Strada Urbana;PIAZZA DI PORTA CAPENA;all'intersezione semaforizzata con;VIA DEI CERCHI;VIA DEI CERCHI;;;Scontro frontale/laterale DX fra veicoli in marcia;Intersezione semaforizzata;Più di due carreggiate;Asciutto;Asfaltata;Verticale ed orizzontale;Sereno;Scarso;Buona;Sufficiente;1;0;0;1;12.48922;41.88485;-1;1;Autovettura privata;In marcia / fermata / arresto;Conducente;M;Rimandato;0;NON DECEDUTO;;
2982409;1;24/09/2016 02:45;Strada Urbana;PIAZZA DI PORTA CAPENA;all'intersezione semaforizzata con;VIA DEI CERCHI;VIA DEI CERCHI;;;Scontro frontale/laterale DX fra veicoli in marcia;Intersezione semaforizzata;Più di due carreggiate;Asciutto;Asfaltata;Verticale ed orizzontale;Sereno;Scarso;Buona;Sufficiente;1;0;0;1;12.48922;41.88485;-1;2;Autovettura privata;In marcia / fermata / arresto;Conducente;M;Illeso;0;;;Esploso
2982411;23;21/09/2016 08:35;Strada Urbana;VIA GALLIA;all'intersezione con;VIA TRACIA;VIA TRACIA;;;Investimento di pedone;Incrocio;Una carreggiata a doppio senso;Bagnato (pioggia);Asfaltata;Orizzontale;Nuvoloso;Intenso;Buona;Ore Diurne;0;0;0;2;12.50397;41.88103;0;;;;Pedone;F;Illeso;0;;;
2982411;23;21/09/2016 08:35;Strada Urbana;VIA GALLIA;all'intersezione con;VIA TRACIA;VIA TRACIA;;;Investimento di pedone;Incrocio;Una carreggiata a doppio senso;Bagnato (pioggia);Asfaltata;Orizzontale;Nuvoloso;Intenso;Buona;Ore Diurne;0;0;0;2;12.50397;41.88103;0;1;Autovettura privata;In marcia / fermata / arresto;Conducente;F;Illeso;0;;Non accertato;Inesploso
2982445;19;26/09/2016 19:40;Strada Urbana;GALLERIA GIOVANNI XXIII;in prossimità;;della chilometrica;1.5;;Infortunio per caduta del veicolo;Curva a visuale libera;Una carreggiata a senso unico di marcia;Asciutto;Asfaltata;Verticale ed orizzontale;Sereno;Normale;Buona;Sufficiente;1;0;0;0;12.45521;41.93864;-1;1;Motociclo a solo;In marcia / fermata / arresto;Conducente;M;Rimandato;0;NON DECEDUTO;Non accertato;
2982463;1;23/09/2016 21:00;Strada Urbana;PIAZZA DELLA ROVERE;in prossimità;;del palo luce n.;11;;Infortunio per caduta del veicolo;Curva a visuale libera;Una carreggiata a doppio senso;Asciutto;Asfaltata;Verticale ed orizzontale;Nuvoloso;Normale;Buona;Sufficiente;2;0;0;0;12.46261;41.8993;-1;1;Motociclo con passeggero;In marcia / fermata / arresto;Conducente;M;Rimandato;0;NON DECEDUTO;Non accertato;
2982463;1;23/09/2016 21:00;Strada Urbana;PIAZZA DELLA ROVERE;in prossimità;;del palo luce n.;11;;Infortunio per caduta del veicolo;Curva a visuale libera;Una carreggiata a doppio senso;Asciutto;Asfaltata;Verticale ed orizzontale;Nuvoloso;Normale;Buona;Sufficiente;2;0;0;0;12.46261;41.8993;-1;1;Motociclo con passeggero;In marcia / fermata / arresto;Passeggero;M;Rimandato;0;NON DECEDUTO;Non accertato;
2982476;7;26/09/2016 08:25;Strada Urbana;VIA PRENESTINA NUOVA;in prossimità;;del civico n.;490;;Tamponamento;Rettilineo;Una carreggiata a senso unico di marcia;Asciutto;Asfaltata;Verticale ed orizzontale;Sereno;Scarso;Buona;Ore Diurne;1;0;0;8;12.85593;41.82539;-1;1;Autovettura privata;In marcia / fermata / arresto;Conducente;F;Illeso;0;;;
2982476;7;26/09/2016 08:25;Strada Urbana;VIA PRENESTINA NUOVA;in prossimità;;del civico n.;490;;Tamponamento;Rettilineo;Una carreggiata a senso unico di marcia;Asciutto;Asfaltata;Verticale ed orizzontale;Sereno;Scarso;Buona;Ore Diurne;1;0;0;8;12.85593;41.82539;-1;1;Autovettura privata;In marcia / fermata / arresto;Passeggero;M;Illeso;0;;;
2982476;7;26/09/2016 08:25;Strada Urbana;VIA PRENESTINA NUOVA;in prossimità;;del civico n.;490;;Tamponamento;Rettilineo;Una carreggiata a senso unico di marcia;Asciutto;Asfaltata;Verticale ed orizzontale;Sereno;Scarso;Buona;Ore Diurne;1;0;0;8;12.85593;41.82539;-1;1;Autovettura privata;In marcia / fermata / arresto;Passeggero;M;Illeso;0;;;
2982476;7;26/09/2016 08:25;Strada Urbana;VIA PRENESTINA NUOVA;in prossimità;;del civico n.;490;;Tamponamento;Rettilineo;Una carreggiata a senso unico di marcia;Asciutto;Asfaltata;Verticale ed orizzontale;Sereno;Scarso;Buona;Ore Diurne;1;0;0;8;12.85593;41.82539;-1;1;Autovettura privata;In marcia / fermata / arresto;Passeggero;M;Illeso;0;;;
2982476;7;26/09/2016 08:25;Strada Urbana;VIA PRENESTINA NUOVA;in prossimità;;del civico n.;490;;Tamponamento;Rettilineo;Una carreggiata a senso unico di marcia;Asciutto;Asfaltata;Verticale ed orizzontale;Sereno;Scarso;Buona;Ore Diurne;1;0;0;8;12.85593;41.82539;-1;1;Autovettura privata;In marcia / fermata / arresto;Passeggero;M;Rimandato;0;NON DECEDUTO;;
2982476;7;26/09/2016 08:25;Strada Urbana;VIA PRENESTINA NUOVA;in prossimità;;del civico n.;490;;Tamponamento;Rettilineo;Una carreggiata a senso unico di marcia;Asciutto;Asfaltata;Verticale ed orizzontale;Sereno;Scarso;Buona;Ore Diurne;1;0;0;8;12.85593;41.82539;-1;2;Autovettura privata;In marcia / fermata / arresto;Conducente;F;Illeso;0;;;
2982476;7;26/09/2016 08:25;Strada Urbana;VIA PRENESTINA NUOVA;in prossimità;;del civico n.;490;;Tamponamento;Rettilineo;Una carreggiata a senso unico di marcia;Asciutto;Asfaltata;Verticale ed orizzontale;Sereno;Scarso;Buona;Ore Diurne;1;0;0;8;12.85593;41.82539;-1;2;Autovettura privata;In marcia / fermata / arresto;Passeggero;F;Illeso;0;;;
2982476;7;26/09/2016 08:25;Strada Urbana;VIA PRENESTINA NUOVA;in prossimità;;del civico n.;490;;Tamponamento;Rettilineo;Una carreggiata a senso unico di marcia;Asciutto;Asfaltata;Verticale ed orizzontale;Sereno;Scarso;Buona;Ore Diurne;1;0;0;8;12.85593;41.82539;-1;2;Autovettura privata;In marcia / fermata / arresto;Passeggero;F;Illeso;0;;;
2982476;7;26/09/2016 08:25;Strada Urbana;VIA PRENESTINA NUOVA;in prossimità;;del civico n.;490;;Tamponamento;Rettilineo;Una carreggiata a senso unico di marcia;Asciutto;Asfaltata;Verticale ed orizzontale;Sereno;Scarso;Buona;Ore Diurne;1;0;0;8;12.85593;41.82539;-1;2;Autovettura privata;In marcia / fermata / arresto;Passeggero;F;Illeso;0;;;
2982501;19;27/09/2016 08:15;Strada Urbana;VIALE CORTINA D'AMPEZZO;in corrispondenza;;del civico n.;325;;Veicolo in marcia contro veicolo in sosta;Pendenza;Una carreggiata a senso unico di marcia;Asciutto;Asfaltata;Verticale ed orizzontale;Sereno;Normale;Buona;Ore Diurne;0;0;0;1;12.43687;41.94214;-1;2;Autovettura privata;In marcia / fermata / arresto;Conducente;F;Illeso;0;;;
2982510;1;26/09/2016 08:55;Strada Urbana;VIALE AVENTINO;all'intersezione semaforizzata con;PIAZZA DI PORTA CAPENA;PIAZZA DI PORTA CAPENA;;;Tamponamento;Intersezione semaforizzata;Più di due carreggiate;Sdrucciolevole (fango);Asfaltata;Assente;Grandine in atto;Intenso;Buona;Ore Diurne;0;0;0;3;12.48642;41.88243;-1;1;Autovettura pubblica;In marcia / fermata / arresto;Conducente;M;Illeso;0;;;