Protocollo;Gruppo;DataOraIncidente;Localizzazione1;STRADA1;Localizzazione2;STRADA2;Strada02;Chilometrica;DaSpecificare;NaturaIncidente;particolaritastrade;TipoStrada;FondoStradale;Pavimentazione;Segnaletica;CondizioneAtmosferica;Traffico;Visibilita;Illuminazione;NUM_FERITI;NUM_RISERVATA;NUM_MORTI;NUM_ILLESI;Longitudine;Latitudine;Confermato;Progressivo;TipoVeicolo;StatoVeicolo;TipoPersona;Sesso;Tipolesione;Deceduto;DecedutoDopo;CinturaCascoUtilizzato;Airbag
2982510;1;26/09/2016 08:55;Strada Urbana;VIALE AVENTINO;all'intersezione semaforizzata con;PIAZZA DI PORTA CAPENA;PIAZZA DI PORTA CAPENA;;;Tamponamento;Intersezione semaforizzata;Più di due carreggiate;Sdrucciolevole (fango);Asfaltata;Assente;Grandine in atto;Intenso;Buona;Ore Diurne;0;0;0;3;12.48642;41.88243;-1;2;Autovettura privata;In marcia / fermata / arresto;Conducente;M;Illeso;0;;;
2982510;1;26/09/2016 08:55;Strada Urbana;VIALE AVENTINO;all'intersezione semaforizzata con;PIAZZA DI PORTA CAPENA;PIAZZA DI PORTA CAPENA;;;Tamponamento;Intersezione semaforizzata;Più di due carreggiate;Sdrucciolevole (fango);Asfaltata;Assente;Grandine in atto;Intenso;Buona;Ore Diurne;0;0;0;3;12.48642;41.88243;-1;2;Autovettura privata;In marcia / fermata / arresto;Passeggero;F;Illeso;0;;;
2982511;6;27/09/2016 09:10;Strada Urbana;VIA CASILINA;all'intersezione con;CIRCONVALLAZIONE CASILINA;CIRCONVALLAZIONE CASILINA;;;Tamponamento;Incrocio;Due carreggiate;Asciutto;Asfaltata;Verticale ed orizzontale;Sereno;Intenso;Buona;Ore Diurne;0;0;0;2;12.52755;41.88644;-1;1;Autovettura privata;In marcia / fermata / arresto;Conducente;M;Illeso;0;;;
2982511;6;27/09/2016 09:10;Strada Urbana;VIA CASILINA;all'intersezione con;CIRCONVALLAZIONE CASILINA;CIRCONVALLAZIONE CASILINA;;;Tamponamento;Incrocio;Due carreggiate;Asciutto;Asfaltata;Verticale ed orizzontale;Sereno;Intenso;Buona;Ore Diurne;0;0;0;2;12.52755;41.88644;-1;2;Autovettura privata;In marcia / fermata / arresto;Conducente;F;Illeso;0;;;
2982530;16;26/09/2016 21:10;Strada Urbana;VIA ORESTE REGNOLI;all'intersezione con;VIA DEL VASCELLO;VIA DEL VASCELLO;;;Scontro frontale/laterale DX fra veicoli in marcia;Incrocio;Due carreggiate;Asciutto;Asfaltata;Verticale;Sereno;Normale;Sufficiente;Sufficiente;2;0;0;1;12.45973;41.88396;-1;1;Motociclo a solo;In marcia / fermata / arresto;Conducente;M;Rimandato;0;NON DECEDUTO;Non accertato;
2982530;16;26/09/2016 21:10;Strada Urbana;VIA ORESTE REGNOLI;all'intersezione con;VIA DEL VASCELLO;VIA DEL VASCELLO;;;Scontro frontale/laterale DX fra veicoli in marcia;Incrocio;Due carreggiate;Asciutto;Asfaltata;Verticale;Sereno;Normale;Sufficiente;Sufficiente;2;0;0;1;12.45973;41.88396;-1;1;Motociclo a solo;In marcia / fermata / arresto;Passeggero;M;Rimandato;0;NON DECEDUTO;Non accertato;
2982530;16;26/09/2016 21:10;Strada Urbana;VIA ORESTE REGNOLI;all'intersezione con;VIA DEL VASCELLO;VIA DEL VASCELLO;;;Scontro frontale/laterale DX fra veicoli in marcia;Incrocio;Due carreggiate;Asciutto;Asfaltata;Verticale;Sereno;Normale;Sufficiente;Sufficiente;2;0;0;1;12.45973;41.88396;-1;2;Autovettura privata;In marcia / fermata / arresto;Conducente;F;Illeso;0;;Non accertato;
2982533;9;26/09/2016 09:30;Strada Urbana;VIA GALLIA;da specificare;;;;in prossimità VIA LUNI;Scontro laterale fra veicoli in marcia;Rettilineo;Una carreggiata a doppio senso;Asciutto;Asfaltata;Verticale;Sereno;Normale;Buona;Ore Diurne;0;0;0;4;12.50397;41.88103;-1;1;Autoambulanza;In marcia / fermata / arresto;Conducente;M;Illeso;0;;Utilizzato;Inesploso
2982533;9;26/09/2016 09:30;Strada Urbana;VIA GALLIA;da specificare;;;;in prossimità VIA LUNI;Scontro laterale fra veicoli in marcia;Rettilineo;Una carreggiata a doppio senso;Asciutto;Asfaltata;Verticale;Sereno;Normale;Buona;Ore Diurne;0;0;0;4;12.50397;41.88103;-1;2;Autovettura privata;In marcia / fermata / arresto;Conducente;F;Illeso;0;;Non accertato;Inesploso
2982533;9;26/09/2016 09:30;Strada Urbana;VIA GALLIA;da specificare;;;;in prossimità VIA LUNI;Scontro laterale fra veicoli in marcia;Rettilineo;Una carreggiata a doppio senso;Asciutto;Asfaltata;Verticale;Sereno;Normale;Buona;Ore Diurne;0;0;0;4;12.50397;41.88103;-1;2;Autovettura privata;In marcia / fermata / arresto;Passeggero;F;Illeso;0;;Non accertato;Inesploso
2982533;9;26/09/2016 09:30;Strada Urbana;VIA GALLIA;da specificare;;;;in prossimità VIA LUNI;Scontro laterale fra veicoli in marcia;Rettilineo;Una carreggiata a doppio senso;Asciutto;Asfaltata;Verticale;Sereno;Normale;Buona;Ore Diurne;0;0;0;4;12.50397;41.88103;-1;2;Autovettura privata;In marcia / fermata / arresto;Passeggero;M;Illeso;0;;Non accertato;Inesploso
2982550;1;22/09/2016 18:25;Strada Urbana;PONTE PRINCIPE AMEDEO SAVOIA AOSTA;all'intersezione semaforizzata con;LUNGOTEVERE DEI FIORENTINI;LUNGOTEVERE DEI FIORENTINI;;;Scontro laterale fra veicoli in marcia;Intersezione semaforizzata;Una carreggiata a senso unico di marcia;Asciutto;Asfaltata;Verticale ed orizzontale;Sereno;Intenso;Buona;Ore Diurne;1;0;0;1;12.46393;41.89978;-1;1;Motociclo a solo;In marcia / fermata / arresto;Conducente;M;Rimandato;0;NON DECEDUTO;Non accertato;
2982550;1;22/09/2016 18:25;Strada Urbana;PONTE PRINCIPE AMEDEO SAVOIA AOSTA;all'intersezione semaforizzata con;LUNGOTEVERE DEI FIORENTINI;LUNGOTEVERE DEI FIORENTINI;;;Scontro laterale fra veicoli in marcia;Intersezione semaforizzata;Una carreggiata a senso unico di marcia;Asciutto;Asfaltata;Verticale ed orizzontale;Sereno;Intenso;Buona;Ore Diurne;1;0;0;1;12.46393;41.89978;-1;2;Autovettura privata;In marcia / fermata / arresto;Conducente;M;Illeso;0;;Non accertato;Inesploso
2982560;18;27/09/2016 09:00;Strada Urbana;VIA PASQUALE II;da specificare;;;;PROSSIMITA' VIA BOCCEA;Scontro frontale fra veicoli in marcia;Pendenza;Una carreggiata a doppio senso;Asciutto;Asfaltata;Verticale ed orizzontale;Sereno;Normale;Buona;Ore Diurne;1;0;0;1;12.40837;41.90685;-1;1;Motociclo a solo;In marcia / fermata / arresto;Conducente;M;Rimandato;0;NON DECEDUTO;Non accertato;
2982560;18;27/09/2016 09:00;Strada Urbana;VIA PASQUALE II;da specificare;;;;PROSSIMITA' VIA BOCCEA;Scontro frontale fra veicoli in marcia;Pendenza;Una carreggiata a doppio senso;Asciutto;Asfaltata;Verticale ed orizzontale;Sereno;Normale;Buona;Ore Diurne;1;0;0;1;12.40837;41.90685;-1;2;Autovettura privata;In marcia / fermata / arresto;Conducente;M;Illeso;0;;Non accertato;Inesploso
2982568;4;26/09/2016 16:40;Statale;VIA SALARIA;in corrispondenza;;della chilometrica;18.2;;Tamponamento Multiplo;Rettilineo;Una carreggiata a doppio senso;Asciutto;Asfaltata;Verticale ed orizzontale;Sereno;Normale;Buona;Ore Diurne;3;0;0;0;12.55637;42.03841;-1;1;Autoarticolato;In marcia / fermata / arresto;Conducente;M;Rimandato;0;NON DECEDUTO;Non accertato;Inesistente
2982568;4;26/09/2016 16:40;Statale;VIA SALARIA;in corrispondenza;;della chilometrica;18.2;;Tamponamento Multiplo;Rettilineo;Una carreggiata a doppio senso;Asciutto;Asfaltata;Verticale ed orizzontale;Sereno;Normale;Buona;Ore Diurne;3;0;0;0;12.55637;42.03841;-1;2;Autocarro inferiore 35 q.;In marcia / fermata / arresto;Conducente;M;Rimandato;0;NON DECEDUTO;Non accertato;Inesploso
2982568;4;26/09/2016 16:40;Statale;VIA SALARIA;in corrispondenza;;della chilometrica;18.2;;Tamponamento Multiplo;Rettilineo;Una carreggiata a doppio senso;Asciutto;Asfaltata;Verticale ed orizzontale;Sereno;Normale;Buona;Ore Diurne;3;0;0;0;12.55637;42.03841;-1;3;Autocarro inferiore 35 q.;In marcia / fermata / arresto;Conducente;M;Rimandato;0;NON DECEDUTO;Non accertato;Inesploso
2982574;11;27/09/2016 11:00;Strada Urbana;VIA APPIA ANTICA;in prossimità;;del civico n.;18;;Scontro laterale fra veicoli in marcia;Rettilineo;Una carreggiata a doppio senso;Asciutto;Acciotolata;Orizzontale;Sereno;Normale;Buona;Ore Diurne;1;0;0;1;12.50205;41.86991;-1;1;Autovettura privata;In marcia / fermata / arresto;Conducente;M;Illeso;0;;Non accertato;Inesploso
2982574;11;27/09/2016 11:00;Strada Urbana;VIA APPIA ANTICA;in prossimità;;del civico n.;18;;Scontro laterale fra veicoli in marcia;Rettilineo;Una carreggiata a doppio senso;Asciutto;Acciotolata;Orizzontale;Sereno;Normale;Buona;Ore Diurne;1;0;0;1;12.50205;41.86991;-1;2;Motociclo a solo;In marcia / fermata / arresto;Conducente;M;Rimandato;0;NON DECEDUTO;Non accertato;
2982611;17;27/09/2016 08:10;Strada Urbana;VIA NAZARIO SAURO;all'intersezione con;VIA PREMUDA;VIA PREMUDA;;;Scontro frontale/laterale SX fra veicoli in marcia;Incrocio;Una carreggiata a senso unico di marcia;Asciutto;Asfaltata;Verticale ed orizzontale;Sereno;Scarso;Buona;Ore Diurne;1;0;0;1;12.45277;41.91381;-1;1;Quadriciclo leggero;In marcia / fermata / arresto;Conducente;M;Illeso;0;;;
2982611;17;27/09/2016 08:10;Strada Urbana;VIA NAZARIO SAURO;all'intersezione con;VIA PREMUDA;VIA PREMUDA;;;Scontro frontale/laterale SX fra veicoli in marcia;Incrocio;Una carreggiata a senso unico di marcia;Asciutto;Asfaltata;Verticale ed orizzontale;Sereno;Scarso;Buona;Ore Diurne;1;0;0;1;12.45277;41.91381;-1;2;Motociclo a solo;In marcia / fermata / arresto;Conducente;M;Rimandato;0;NON DECEDUTO;;
2982614;15;27/09/2016 11:45;Strada Urbana;LUNGOTEVERE DEGLI INVENTORI;da specificare;;;;prossimità intersezione con Via Cruto;Veicolo in marcia contro veicolo in sosta;Rettilineo;Una carreggiata a doppio senso;Asciutto;Asfaltata;Verticale ed orizzontale;Sereno;Normale;Buona;Ore Diurne;0;0;0;1;12.46715;41.86111;-1;1;Autocarro inferiore 35 q.;In marcia / fermata / arresto;Conducente;M;Illeso;0;;Utilizzato;Inesistente
2982653;1;22/09/2016 17:15;Strada Urbana;VIALE MANZONI;da specificare;;;;FRONTE CIVICO 16;Tamponamento Multiplo;Rettilineo;Più di due carreggiate;Asciutto;Asfaltata;Verticale ed orizzontale;Sereno;Intenso;Buona;Ore Diurne;2;0;0;2;12.50773;41.89118;-1;1;Autovettura privata;In marcia / fermata / arresto;Conducente;F;Illeso;0;;;
2982653;1;22/09/2016 17:15;Strada Urbana;VIALE MANZONI;da specificare;;;;FRONTE CIVICO 16;Tamponamento Multiplo;Rettilineo;Più di due carreggiate;Asciutto;Asfaltata;Verticale ed orizzontale;Sereno;Intenso;Buona;Ore Diurne;2;0;0;2;12.50773;41.89118;-1;2;Motociclo con passeggero;In marcia / fermata / arresto;Conducente;M;Rimandato;0;NON DECEDUTO;;
2982653;1;22/09/2016 17:15;Strada Urbana;VIALE MANZONI;da specificare;;;;FRONTE CIVICO 16;Tamponamento Multiplo;Rettilineo;Più di due carreggiate;Asciutto;Asfaltata;Verticale ed orizzontale;Sereno;Intenso;Buona;Ore Diurne;2;0;0;2;12.50773;41.89118;-1;2;Motociclo con passeggero;In marcia / fermata / arresto;Passeggero;F;Rimandato;0;NON DECEDUTO;;
2982653;1;22/09/2016 17:15;Strada Urbana;VIALE MANZONI;da specificare;;;;FRONTE CIVICO 16;Tamponamento Multiplo;Rettilineo;Più di due carreggiate;Asciutto;Asfaltata;Verticale ed orizzontale;Sereno;Intenso;Buona;Ore Diurne;2;0;0;2;12.50773;41.89118;-1;3;Autovettura privata;In marcia / fermata / arresto;Conducente;M;Illeso;0;;;
2982687;1;16/09/2016 11:30;Strada Urbana;PIAZZA DEL VIMINALE;in corrispondenza;;del civico n.;7;;Veicolo in marcia contro veicolo in sosta;Rettilineo;Una carreggiata a senso unico di marcia;Bagnato (pioggia);Acciotolata;Verticale ed orizzontale;Nuvoloso;Normale;Buona;Ore Diurne;0;0;0;2;12.49474;41.89968;-1;1;Autocarro inferiore 35 q.;In marcia / fermata / arresto;Conducente;M;Illeso;0;;;
2982687;1;16/09/2016 11:30;Strada Urbana;PIAZZA DEL VIMINALE;in corrispondenza;;del civico n.;7;;Veicolo in marcia contro veicolo in sosta;Rettilineo;Una carreggiata a senso unico di marcia;Bagnato (pioggia);Acciotolata;Verticale ed orizzontale;Nuvoloso;Normale;Buona;Ore Diurne;0;0;0;2;12.49474;41.89968;-1;1;Autocarro inferiore 35 q.;In marcia / fermata / arresto;Passeggero;M;Illeso;0;;;
2982696;16;26/09/2016 23:15;Strada Urbana;VIA LUIGI PIERANTONI;all'intersezione con;VIA GUIDO COSTANZI;VIA GUIDO COSTANZI;;;Scontro frontale fra veicoli in marcia;Incrocio;Una carreggiata a doppio senso;Asciutto;Asfaltata;Verticale;Sereno;Scarso;Buona;Sufficiente;1;0;0;1;12.47104;41.86977;-1;1;Autovettura privata;In marcia / fermata / arresto;Conducente;M;Illeso;0;;Non accertato;
2982696;16;26/09/2016 23:15;Strada Urbana;VIA LUIGI PIERANTONI;all'intersezione con;VIA GUIDO COSTANZI;VIA GUIDO COSTANZI;;;Scontro frontale fra veicoli in marcia;Incrocio;Una carreggiata a doppio senso;Asciutto;Asfaltata;Verticale;Sereno;Scarso;Buona;Sufficiente;1;0;0;1;12.47104;41.86977;-1;2;Motociclo a solo;In marcia / fermata / arresto;Conducente;M;Ricoverato;0;NON DECEDUTO;Non accertato;
2982699;2;27/09/2016 12:00;Strada Urbana;VIA GUIDO RENI;in prossimità;;del civico n.;31;;Veicolo in marcia contro veicolo in sosta;Rettilineo;Una carreggiata a doppio senso;Asciutto;Asfaltata;Verticale ed orizzontale;Sereno;Normale;Buona;Ore Diurne;0;0;0;1;12.46376;41.92734;-1;1;Autovettura privata;In marcia / fermata / arresto;Conducente;M;Illeso;0;;Non accertato;Inesploso
2982711;3;26/09/2016 23:45;Strada Urbana;PIAZZA BOLOGNA;in corrispondenza;;del civico n.;39;;Investimento di pedone;Curva a visuale libera;Una carreggiata a senso unico di marcia;Asciutto;Asfaltata;Verticale ed orizzontale;Sereno;Normale;Buona;Sufficiente;1;0;0;1;12.52079;41.91401;-1;;;;Pedone;M;Rimandato;0;NON DECEDUTO;;
2982711;3;26/09/2016 23:45;Strada Urbana;PIAZZA BOLOGNA;in corrispondenza;;del civico n.;39;;Investimento di pedone;Curva a visuale libera;Una carreggiata a senso unico di marcia;Asciutto;Asfaltata;Verticale ed orizzontale;Sereno;Normale;Buona;Sufficiente;1;0;0;1;12.52079;41.91401;-1;1;Motociclo con passeggero;In marcia / fermata / arresto;Conducente;M;Illeso;0;;Non accertato;
2982719;16;27/09/2016 08:30;Strada Urbana;VIA GIUSEPPE SPINA;all'intersezione con;VIA AURELIA ANTICA;VIA AURELIA ANTICA;;;Scontro laterale fra veicoli in marcia;Intersezione stradale segnalata;Una carreggiata a senso unico di marcia;Asciutto;Asfaltata;Verticale;Sereno;Normale;Buona;Ore Diurne;0;0;0;3;12.88492;41.7855;-1;1;Autovettura privata;In marcia / fermata / arresto;Conducente;M;Illeso;0;;Non accertato;
2982719;16;27/09/2016 08:30;Strada Urbana;VIA GIUSEPPE SPINA;all'intersezione con;VIA AURELIA ANTICA;VIA AURELIA ANTICA;;;Scontro laterale fra veicoli in marcia;Intersezione stradale segnalata;Una carreggiata a senso unico di marcia;Asciutto;Asfaltata;Verticale;Sereno;Normale;Buona;Ore Diurne;0;0;0;3;12.88492;41.7855;-1;1;Autovettura privata;In marcia / fermata / arresto;Passeggero;F;Illeso;0;;Non accertato;
2982719;16;27/09/2016 08:30;Strada Urbana;VIA GIUSEPPE SPINA;all'intersezione con;VIA AURELIA ANTICA;VIA AURELIA ANTICA;;;Scontro laterale fra veicoli in marcia;Intersezione stradale segnalata;Una carreggiata a senso unico di marcia;Asciutto;Asfaltata;Verticale;Sereno;Normale;Buona;Ore Diurne;0;0;0;3;12.88492;41.7855;-1;2;Autovettura privata;In marcia / fermata / arresto;Conducente;F;Illeso;0;;Non accertato;
2982741;1;22/09/2016 22:40;Strada Urbana;VIA ABRUZZI;all'intersezione con;VIA SARDEGNA;VIA SARDEGNA;;;Scontro frontale/laterale SX fra veicoli in marcia;Intersezione stradale segnalata;Una carreggiata a senso unico di marcia;Asciutto;Asfaltata;Verticale ed orizzontale;Sereno;Normale;Buona;Sufficiente;0;0;0;2;12.49234;41.90933;-1;1;Autovettura privata;In marcia / fermata / arresto;Conducente;M;Illeso;0;;;
2982741;1;22/09/2016 22:40;Strada Urbana;VIA ABRUZZI;all'intersezione con;VIA SARDEGNA;VIA SARDEGNA;;;Scontro frontale/laterale SX fra veicoli in marcia;Intersezione stradale segnalata;Una carreggiata a senso unico di marcia;Asciutto;Asfaltata;Verticale ed orizzontale;Sereno;Normale;Buona;Sufficiente;0;0;0;2;12.49234;41.90933;-1;2;Autovettura privata;In marcia / fermata / arresto;Conducente;M;Illeso;0;;;
2982746;20;27/09/2016 12:15;Strada Urbana;LUNGOTEVERE MARESCIALLO CADORNA;da specificare;;;;fronte Piscine;Investimento di pedone;Rettilineo;Una carreggiata a doppio senso;Asciutto;Asfaltata;Verticale ed orizzontale;Sereno;Normale;Buona;Ore Diurne;1;0;0;1;12.45811;41.92785;-1;;;;Pedone;M;Rimandato;0;NON DECEDUTO;;
2982746;20;27/09/2016 12:15;Strada Urbana;LUNGOTEVERE MARESCIALLO CADORNA;da specificare;;;;fronte Piscine;Investimento di pedone;Rettilineo;Una carreggiata a doppio senso;Asciutto;Asfaltata;Verticale ed orizzontale;Sereno;Normale;Buona;Ore Diurne;1;0;0;1;12.45811;41.92785;-1;1;Motociclo a solo;In marcia / fermata / arresto;Conducente;M;Illeso;0;;Non accertato;
2982798;1;23/09/2016 09:35;Strada Urbana;LARGO GIOVANNI BATTISTA MARZI;all'intersezione con;VIA ALDO MANUZIO;VIA ALDO MANUZIO;;;Scontro frontale/laterale DX fra veicoli in marcia;Incrocio;Una carreggiata a doppio senso;Asciutto;Asfaltata;Verticale ed orizzontale;Nuvoloso;Normale;Buona;Ore Diurne;1;0;0;4;12.4712;41.87605;-1;1;Motociclo a solo;In marcia / fermata / arresto;Conducente;M;Rimandato;0;NON DECEDUTO;;
2982798;1;23/09/2016 09:35;Strada Urbana;LARGO GIOVANNI BATTISTA MARZI;all'intersezione con;VIA ALDO MANUZIO;VIA ALDO MANUZIO;;;Scontro frontale/laterale DX fra veicoli in marcia;Incrocio;Una carreggiata a doppio senso;Asciutto;Asfaltata;Verticale ed orizzontale;Nuvoloso;Normale;Buona;Ore Diurne;1;0;0;4;12.4712;41.87605;-1;2;Autovettura privata;In marcia / fermata / arresto;Conducente;F;Illeso;0;;;
2982798;1;23/09/2016 09:35;Strada Urbana;LARGO GIOVANNI BATTISTA MARZI;all'intersezione con;VIA ALDO MANUZIO;VIA ALDO MANUZIO;;;Scontro frontale/laterale DX fra veicoli in marcia;Incrocio;Una carreggiata a doppio senso;Asciutto;Asfaltata;Verticale ed orizzontale;Nuvoloso;Normale;Buona;Ore Diurne;1;0;0;4;12.4712;41.87605;-1;2;Autovettura privata;In marcia / fermata / arresto;Passeggero;F;Illeso;0;;;
2982798;1;23/09/2016 09:35;Strada Urbana;LARGO GIOVANNI BATTISTA MARZI;all'intersezione con;VIA ALDO MANUZIO;VIA ALDO MANUZIO;;;Scontro frontale/laterale DX fra veicoli in marcia;Incrocio;Una carreggiata a doppio senso;Asciutto;Asfaltata;Verticale ed orizzontale;Nuvoloso;Normale;Buona;Ore Diurne;1;0;0;4;12.4712;41.87605;-1;2;Autovettura privata;In marcia / fermata / arresto;Passeggero;M;Illeso;0;;;
2982798;1;23/09/2016 09:35;Strada Urbana;LARGO GIOVANNI BATTISTA MARZI;all'intersezione con;VIA ALDO MANUZIO;VIA ALDO MANUZIO;;;Scontro frontale/laterale DX fra veicoli in marcia;Incrocio;Una carreggiata a doppio senso;Asciutto;Asfaltata;Verticale ed orizzontale;Nuvoloso;Normale;Buona;Ore Diurne;1;0;0;4;12.4712;41.87605;-1;3;Autovettura privata;In marcia / fermata / arresto;Conducente;M;Illeso;0;;;
2982810;1;24/09/2016 10:30;Strada Urbana;VIA DELLE TERME DECIANE;all'intersezione con;PIAZZALE UGO LA MALFA;PIAZZALE UGO LA MALFA;;;Scontro frontale/laterale SX fra veicoli in marcia;Incrocio;Due carreggiate;Asciutto;Asfaltata;Verticale ed orizzontale;Sereno;Normale;Buona;Ore Diurne;0;0;0;1;12.48507;41.88379;-1;1;Motociclo a solo;In marcia / fermata / arresto;Conducente;M;Illeso;0;;Non accertato;
2982823;1;25/09/2016 13:00;Strada Urbana;LUNGOTEVERE DEI TEBALDI;in prossimità;;del palo luce n.;7;;Tamponamento Multiplo;Rettilineo;Una carreggiata a senso unico di marcia;Asciutto;Asfaltata;Orizzontale;Sereno;Normale;Buona;Ore Diurne;3;0;0;3;12.46889;41.89461;-1;1;Autovettura privata;In marcia / fermata / arresto;Conducente;M;Illeso;0;;;
2982823;1;25/09/2016 13:00;Strada Urbana;LUNGOTEVERE DEI TEBALDI;in prossimità;;del palo luce n.;7;;Tamponamento Multiplo;Rettilineo;Una carreggiata a senso unico di marcia;Asciutto;Asfaltata;Orizzontale;Sereno;Normale;Buona;Ore Diurne;3;0;0;3;12.46889;41.89461;-1;1;Autovettura privata;In marcia / fermata / arresto;Passeggero;F;Rimandato;0;NON DECEDUTO;;
2982823;1;25/09/2016 13:00;Strada Urbana;LUNGOTEVERE DEI TEBALDI;in prossimità;;del palo luce n.;7;;Tamponamento Multiplo;Rettilineo;Una carreggiata a senso unico di marcia;Asciutto;Asfaltata;Orizzontale;Sereno;Normale;Buona;Ore Diurne;3;0;0;3;12.46889;41.89461;-1;1;Autovettura privata;In marcia / fermata / arresto;Passeggero;F;Rimandato;0;NON DECEDUTO;;
2982823;1;25/09/2016 13:00;Strada Urbana;LUNGOTEVERE DEI TEBALDI;in prossimità;;del palo luce n.;7;;Tamponamento Multiplo;Rettilineo;Una carreggiata a senso unico di marcia;Asciutto;Asfaltata;Orizzontale;Sereno;Normale;Buona;Ore Diurne;3;0;0;3;12.46889;41.89461;-1;2;Motociclo con passeggero;In marcia / fermata / arresto;Conducente;M;Illeso;0;;;
2982823;1;25/09/2016 13:00;Strada Urbana;LUNGOTEVERE DEI TEBALDI;in prossimità;;del palo luce n.;7;;Tamponamento Multiplo;Rettilineo;Una carreggiata a senso unico di marcia;Asciutto;Asfaltata;Orizzontale;Sereno;Normale;Buona;Ore Diurne;3;0;0;3;12.46889;41.89461;-1;2;Motociclo con passeggero;In marcia / fermata / arresto;Passeggero;F;Rimandato;0;NON DECEDUTO;;
2982823;1;25/09/2016 13:00;Strada Urbana;LUNGOTEVERE DEI TEBALDI;in prossimità;;del palo luce n.;7;;Tamponamento Multiplo;Rettilineo;Una carreggiata a senso unico di marcia;Asciutto;Asfaltata;Orizzontale;Sereno;Normale;Buona;Ore Diurne;3;0;0;3;12.46889;41.89461;-1;3;Autovettura privata;In marcia / fermata / arresto;Conducente;F;Illeso;0;;;
2982824;9;27/09/2016 12:20;Strada Urbana;VIA FRASCATI;da specificare;;;;tra Vicolo dell'Acquedotto Felice ed il civico 50;Investimento di pedone;Rettilineo;Una carreggiata a senso unico di marcia;Asciutto;Asfaltata;Verticale ed orizzontale;Sereno;Normale;Buona;Ore Diurne;1;0;0;1;12.54257;41.8647;-1;;;;Pedone;F;Ricoverato;0;NON DECEDUTO;;
2982824;9;27/09/2016 12:20;Strada Urbana;VIA FRASCATI;da specificare;;;;tra Vicolo dell'Acquedotto Felice ed il civico 50;Investimento di pedone;Rettilineo;Una carreggiata a senso unico di marcia;Asciutto;Asfaltata;Verticale ed orizzontale;Sereno;Normale;Buona;Ore Diurne;1;0;0;1;12.54257;41.8647;-1;1;Autovettura privata;In marcia / fermata / arresto;Conducente;M;Illeso;0;;Utilizzato;Inesploso
2982836;12;26/09/2016 20:05;Strada Urbana;VIALE DEI PRIMATI SPORTIVI;all'intersezione con;VIALE DEL CICLISMO;VIALE DEL CICLISMO;;;Scontro frontale/laterale SX fra veicoli in marcia;Incrocio;Una carreggiata a doppio senso;Asciutto;Asfaltata;Verticale ed orizzontale;Sereno;Normale;Buona;Sufficiente;1;0;0;1;12.45751;41.8282;-1;1;Autovettura privata;In marcia / fermata / arresto;Conducente;M;Illeso;0;;Utilizzato;Inesploso
2982836;12;26/09/2016 20:05;Strada Urbana;VIALE DEI PRIMATI SPORTIVI;all'intersezione con;VIALE DEL CICLISMO;VIALE DEL CICLISMO;;;Scontro frontale/laterale SX fra veicoli in marcia;Incrocio;Una carreggiata a doppio senso;Asciutto;Asfaltata;Verticale ed orizzontale;Sereno;Normale;Buona;Sufficiente;1;0;0;1;12.45751;41.8282;-1;2;Motociclo a solo;In marcia / fermata / arresto;Conducente;M;Rimandato;0;NON DECEDUTO;Utilizzato;
2982845;3;22/09/2016 16:45;Strada Urbana;PIAZZA MASSA CARRARA;da specificare;;;;fronte civico 9;Investimento di pedone;Rotatoria;Una carreggiata a senso unico di marcia;Asciutto;Asfaltata;Orizzontale;Sereno;Normale;Buona;Ore Diurne;1;0;0;2;12.52558;41.91816;-1;;;;Pedone;M;Rimandato;0;NON DECEDUTO;;
2982845;3;22/09/2016 16:45;Strada Urbana;PIAZZA MASSA CARRARA;da specificare;;;;fronte civico 9;Investimento di pedone;Rotatoria;Una carreggiata a senso unico di marcia;Asciutto;Asfaltata;Orizzontale;Sereno;Normale;Buona;Ore Diurne;1;0;0;2;12.52558;41.91816;-1;;;;Pedone;M;Illeso;0;;;
2982845;3;22/09/2016 16:45;Strada Urbana;PIAZZA MASSA CARRARA;da specificare;;;;fronte civico 9;Investimento di pedone;Rotatoria;Una carreggiata a senso unico di marcia;Asciutto;Asfaltata;Orizzontale;Sereno;Normale;Buona;Ore Diurne;1;0;0;2;12.52558;41.91816;-1;1;Autovettura privata;In marcia / fermata / arresto;Conducente;M;Illeso;0;;Non accertato;
2982861;15;27/09/2016 11:45;Strada Urbana;VIA PORTUENSE;in prossimità;;del civico n.;727;;Scontro laterale fra veicoli in marcia;Rettilineo;Una carreggiata a doppio senso;Asciutto;Asfaltata;Assente;Sereno;Intenso;Buona;Ore Diurne;0;0;0;2;12.43201;41.85163;-1;1;Autovettura privata;In marcia / fermata / arresto;Conducente;M;Illeso;0;;Utilizzato;Inesploso
2982861;15;27/09/2016 11:45;Strada Urbana;VIA PORTUENSE;in prossimità;;del civico n.;727;;Scontro laterale fra veicoli in marcia;Rettilineo;Una carreggiata a doppio senso;Asciutto;Asfaltata;Assente;Sereno;Intenso;Buona;Ore Diurne;0;0;0;2;12.43201;41.85163;-1;2;Motociclo a solo;In marcia / fermata / arresto;Conducente;M;Illeso;0;;Utilizzato;
2982865;12;26/09/2016 19:30;Strada Urbana;VIALE DELLA TECNICA;all'intersezione con;LARGO MUSTAFA KEMAL ATATURK;LARGO MUSTAFA KEMAL ATATURK;;;Scontro frontale fra veicoli in marcia;Intersezione non regolata/non segnalata;Una carreggiata a doppio senso;Asciutto;Asfaltata;Verticale ed orizzontale;Sereno;Scarso;Buona;Sufficiente;1;0;0;1;12.45864;41.82614;-1;1;Autovettura privata;In marcia / fermata / arresto;Conducente;M;Illeso;0;;Utilizzato;Inesploso