Protocollo;Gruppo;DataOraIncidente;Localizzazione1;STRADA1;Localizzazione2;STRADA2;Strada02;Chilometrica;DaSpecificare;NaturaIncidente;particolaritastrade;TipoStrada;FondoStradale;Pavimentazione;Segnaletica;CondizioneAtmosferica;Traffico;Visibilita;Illuminazione;NUM_FERITI;NUM_RISERVATA;NUM_MORTI;NUM_ILLESI;Longitudine;Latitudine;Confermato;Progressivo;TipoVeicolo;StatoVeicolo;TipoPersona;Sesso;Tipolesione;Deceduto;DecedutoDopo;CinturaCascoUtilizzato;Airbag
2987568;2;29/09/2016 16:45;Strada Urbana;LUNGOTEVERE ARNALDO DA BRESCIA;da specificare;;;;rampa uscita lgt delle Navi;Tamponamento Multiplo;Rettilineo;Una carreggiata a senso unico di marcia;Asciutto;Asfaltata;Verticale ed orizzontale;Sereno;Normale;Buona;Ore Diurne;0;0;0;5;12.47261;41.91225;-1;3;Autovettura privata;In marcia / fermata / arresto;Conducente;F;Illeso;0;;;
2987583;4;29/09/2016 18:50;Strada Urbana;VIADOTTO GIUSEPPE SARAGAT;da specificare;;;;Prossimità palo ACEA  nr. 269;Veicolo in marcia contro ostacolo fisso;Rettilineo;Due carreggiate;Asciutto;Asfaltata;Orizzontale;Sereno;Normale;Sufficiente;Sufficiente;1;0;0;3;12.5152;41.97821;-1;1;Autovettura privata;In marcia / fermata / arresto;Conducente;F;Rimandato;0;NON DECEDUTO;Non accertato;
2987583;4;29/09/2016 18:50;Strada Urbana;VIADOTTO GIUSEPPE SARAGAT;da specificare;;;;Prossimità palo ACEA  nr. 269;Veicolo in marcia contro ostacolo fisso;Rettilineo;Due carreggiate;Asciutto;Asfaltata;Orizzontale;Sereno;Normale;Sufficiente;Sufficiente;1;0;0;3;12.5152;41.97821;-1;1;Autovettura privata;In marcia / fermata / arresto;Passeggero;M;Illeso;0;;Non accertato;Inesploso
2987583;4;29/09/2016 18:50;Strada Urbana;VIADOTTO GIUSEPPE SARAGAT;da specificare;;;;Prossimità palo ACEA  nr. 269;Veicolo in marcia contro ostacolo fisso;Rettilineo;Due carreggiate;Asciutto;Asfaltata;Orizzontale;Sereno;Normale;Sufficiente;Sufficiente;1;0;0;3;12.5152;41.97821;-1;1;Autovettura privata;In marcia / fermata / arresto;Passeggero;M;Illeso;0;;Non accertato;
2987583;4;29/09/2016 18:50;Strada Urbana;VIADOTTO GIUSEPPE SARAGAT;da specificare;;;;Prossimità palo ACEA  nr. 269;Veicolo in marcia contro ostacolo fisso;Rettilineo;Due carreggiate;Asciutto;Asfaltata;Orizzontale;Sereno;Normale;Sufficiente;Sufficiente;1;0;0;3;12.5152;41.97821;-1;1;Autovettura privata;In marcia / fermata / arresto;Passeggero;M;Illeso;0;;Non accertato;
2987588;4;29/09/2016 13:40;Strada Urbana;LARGO VALTOURNANCHE;in prossimità;;del civico n.;14;;Scontro laterale fra veicoli in marcia;Rettilineo;Una carreggiata a senso unico di marcia;Asciutto;Asfaltata;Verticale ed orizzontale;Sereno;Normale;Buona;Ore Diurne;0;0;0;2;12.5164;41.94526;-1;1;Autovettura privata;In marcia / fermata / arresto;Conducente;M;Illeso;0;;Non accertato;
2987588;4;29/09/2016 13:40;Strada Urbana;LARGO VALTOURNANCHE;in prossimità;;del civico n.;14;;Scontro laterale fra veicoli in marcia;Rettilineo;Una carreggiata a senso unico di marcia;Asciutto;Asfaltata;Verticale ed orizzontale;Sereno;Normale;Buona;Ore Diurne;0;0;0;2;12.5164;41.94526;-1;2;Autovettura privata;In marcia / fermata / arresto;Conducente;F;Illeso;0;;Non accertato;
2987611;18;30/09/2016 07:20;Strada Urbana;LARGO S. PIO V;in prossimità;;del civico n.;15;;Tamponamento;Rettilineo;Una carreggiata a doppio senso;Asciutto;Asfaltata;Verticale ed orizzontale;Sereno;Intenso;Buona;Ore Diurne;0;0;0;3;12.43199;41.89638;-1;1;Autocarro inferiore 35 q.;In marcia / fermata / arresto;Conducente;M;Illeso;0;;Non accertato;Inesploso
2987611;18;30/09/2016 07:20;Strada Urbana;LARGO S. PIO V;in prossimità;;del civico n.;15;;Tamponamento;Rettilineo;Una carreggiata a doppio senso;Asciutto;Asfaltata;Verticale ed orizzontale;Sereno;Intenso;Buona;Ore Diurne;0;0;0;3;12.43199;41.89638;-1;2;Autovettura privata;In marcia / fermata / arresto;Conducente;M;Illeso;0;;Non accertato;Inesistente
2987611;18;30/09/2016 07:20;Strada Urbana;LARGO S. PIO V;in prossimità;;del civico n.;15;;Tamponamento;Rettilineo;Una carreggiata a doppio senso;Asciutto;Asfaltata;Verticale ed orizzontale;Sereno;Intenso;Buona;Ore Diurne;0;0;0;3;12.43199;41.89638;-1;2;Autovettura privata;In marcia / fermata / arresto;Passeggero;F;Illeso;0;;Non accertato;Inesistente
2987615;1;30/09/2016 02:50;Strada Urbana;VIA BONCOMPAGNI;all'intersezione semaforizzata con;VIA PIEMONTE;VIA PIEMONTE;;;Scontro frontale/laterale SX fra veicoli in marcia;Incrocio;Una carreggiata a doppio senso;Asciutto;Asfaltata;Verticale ed orizzontale;Sereno;Scarso;Buona;Sufficiente;1;0;0;2;12.49353;41.90839;-1;1;Autobus urbano;In marcia / fermata / arresto;Conducente;M;Illeso;0;;;
2987615;1;30/09/2016 02:50;Strada Urbana;VIA BONCOMPAGNI;all'intersezione semaforizzata con;VIA PIEMONTE;VIA PIEMONTE;;;Scontro frontale/laterale SX fra veicoli in marcia;Incrocio;Una carreggiata a doppio senso;Asciutto;Asfaltata;Verticale ed orizzontale;Sereno;Scarso;Buona;Sufficiente;1;0;0;2;12.49353;41.90839;-1;1;Autobus urbano;In marcia / fermata / arresto;Passeggero;F;Rimandato;0;NON DECEDUTO;;
2987615;1;30/09/2016 02:50;Strada Urbana;VIA BONCOMPAGNI;all'intersezione semaforizzata con;VIA PIEMONTE;VIA PIEMONTE;;;Scontro frontale/laterale SX fra veicoli in marcia;Incrocio;Una carreggiata a doppio senso;Asciutto;Asfaltata;Verticale ed orizzontale;Sereno;Scarso;Buona;Sufficiente;1;0;0;2;12.49353;41.90839;-1;2;Autovettura privata;In marcia / fermata / arresto;Conducente;M;Illeso;0;;;
2987624;4;29/09/2016 11:40;Comunale extraurbana;VIA DELLA CESARINA;da specificare;;;;1 km dopo via Nomentana dir. Marcigliana;Scontro frontale/laterale SX fra veicoli in marcia;Curva senza visuale libera;Una carreggiata a doppio senso;Asciutto;Asfaltata;Assente;Sereno;Scarso;Buona;Ore Diurne;0;0;0;2;12.58389;41.95926;-1;1;Autovettura privata;In marcia / fermata / arresto;Conducente;F;Illeso;0;;;
2987624;4;29/09/2016 11:40;Comunale extraurbana;VIA DELLA CESARINA;da specificare;;;;1 km dopo via Nomentana dir. Marcigliana;Scontro frontale/laterale SX fra veicoli in marcia;Curva senza visuale libera;Una carreggiata a doppio senso;Asciutto;Asfaltata;Assente;Sereno;Scarso;Buona;Ore Diurne;0;0;0;2;12.58389;41.95926;-1;2;Autovettura privata;In marcia / fermata / arresto;Conducente;M;Illeso;0;;;
2987627;23;29/09/2016 18:00;Comunale extraurbana;VIA CRISTOFORO COLOMBO;in corrispondenza;;della chilometrica;17.7;;Scontro laterale fra veicoli in marcia;Rettilineo;Due carreggiate;Asciutto;Asfaltata;Orizzontale;Sereno;Normale;Buona;Ore Diurne;1;0;0;1;12.3984;41.77676;-1;1;Autovettura privata;In marcia / fermata / arresto;Conducente;M;Illeso;0;;Utilizzato;Inesploso
2987627;23;29/09/2016 18:00;Comunale extraurbana;VIA CRISTOFORO COLOMBO;in corrispondenza;;della chilometrica;17.7;;Scontro laterale fra veicoli in marcia;Rettilineo;Due carreggiate;Asciutto;Asfaltata;Orizzontale;Sereno;Normale;Buona;Ore Diurne;1;0;0;1;12.3984;41.77676;-1;2;Motociclo a solo;In marcia / fermata / arresto;Conducente;M;Rimandato;0;NON DECEDUTO;Non accertato;
2987629;7;29/09/2016 16:20;Strada Urbana;VIALE PALMIRO TOGLIATTI;all'intersezione con;VIA DEI MELI;VIA DEI MELI;;;Tamponamento;Incrocio;Due carreggiate;Asciutto;Asfaltata;Verticale ed orizzontale;Sereno;Normale;Buona;Ore Diurne;0;0;0;3;12.57324;41.88098;-1;1;Autovettura privata;In marcia / fermata / arresto;Conducente;M;Illeso;0;;Non accertato;Inesploso
2987629;7;29/09/2016 16:20;Strada Urbana;VIALE PALMIRO TOGLIATTI;all'intersezione con;VIA DEI MELI;VIA DEI MELI;;;Tamponamento;Incrocio;Due carreggiate;Asciutto;Asfaltata;Verticale ed orizzontale;Sereno;Normale;Buona;Ore Diurne;0;0;0;3;12.57324;41.88098;-1;2;Autocarro inferiore 35 q.;In marcia / fermata / arresto;Conducente;M;Illeso;0;;Non accertato;Inesploso
2987629;7;29/09/2016 16:20;Strada Urbana;VIALE PALMIRO TOGLIATTI;all'intersezione con;VIA DEI MELI;VIA DEI MELI;;;Tamponamento;Incrocio;Due carreggiate;Asciutto;Asfaltata;Verticale ed orizzontale;Sereno;Normale;Buona;Ore Diurne;0;0;0;3;12.57324;41.88098;-1;2;Autocarro inferiore 35 q.;In marcia / fermata / arresto;Passeggero;M;Illeso;0;;Non accertato;Inesploso
2987660;4;29/09/2016 18:15;Strada Urbana;VIA DELLE VIGNE NUOVE;in prossimità;;del civico n.;506;;Scontro laterale fra veicoli in marcia;Rettilineo;Una carreggiata a doppio senso;Asciutto;Asfaltata;Verticale ed orizzontale;Sereno;Normale;Buona;Ore Diurne;0;0;0;3;12.5357;41.95729;-1;1;Autovettura privata;In marcia / fermata / arresto;Conducente;M;Illeso;0;;Non accertato;
2987660;4;29/09/2016 18:15;Strada Urbana;VIA DELLE VIGNE NUOVE;in prossimità;;del civico n.;506;;Scontro laterale fra veicoli in marcia;Rettilineo;Una carreggiata a doppio senso;Asciutto;Asfaltata;Verticale ed orizzontale;Sereno;Normale;Buona;Ore Diurne;0;0;0;3;12.5357;41.95729;-1;1;Autovettura privata;In marcia / fermata / arresto;Passeggero;M;Illeso;0;;Non accertato;
2987660;4;29/09/2016 18:15;Strada Urbana;VIA DELLE VIGNE NUOVE;in prossimità;;del civico n.;506;;Scontro laterale fra veicoli in marcia;Rettilineo;Una carreggiata a doppio senso;Asciutto;Asfaltata;Verticale ed orizzontale;Sereno;Normale;Buona;Ore Diurne;0;0;0;3;12.5357;41.95729;-1;2;Motociclo a solo;In marcia / fermata / arresto;Conducente;M;Illeso;0;;Non accertato;
2987687;7;29/09/2016 19:10;Strada Urbana;VIALE PALMIRO TOGLIATTI;in corrispondenza;;del civico n.;972;;Veicolo in marcia contro ostacolo accidentale;Rettilineo;Due carreggiate;Asciutto;Asfaltata;Verticale ed orizzontale;Sereno;Scarso;Sufficiente;Sufficiente;0;0;0;1;12.57493;41.89285;-1;1;Autovettura privata;In marcia / fermata / arresto;Conducente;M;Illeso;0;;;
2987693;1;29/09/2016 16:50;Strada Urbana;LUNGOTEVERE TESTACCIO;all'intersezione con;VIA ROMOLO GESSI;VIA ROMOLO GESSI;;;Scontro frontale/laterale DX fra veicoli in marcia;Incrocio;Una carreggiata a doppio senso;Asciutto;Asfaltata;Verticale ed orizzontale;Sereno;Normale;Buona;Ore Diurne;1;0;0;1;12.47071;41.87748;-1;1;Autovettura privata;In marcia / fermata / arresto;Conducente;F;Illeso;0;;Non accertato;Inesploso
2987693;1;29/09/2016 16:50;Strada Urbana;LUNGOTEVERE TESTACCIO;all'intersezione con;VIA ROMOLO GESSI;VIA ROMOLO GESSI;;;Scontro frontale/laterale DX fra veicoli in marcia;Incrocio;Una carreggiata a doppio senso;Asciutto;Asfaltata;Verticale ed orizzontale;Sereno;Normale;Buona;Ore Diurne;1;0;0;1;12.47071;41.87748;-1;2;Motociclo a solo;In marcia / fermata / arresto;Conducente;M;Rifiuta cure immediate;0;NON DECEDUTO;Non accertato;
2987717;5;29/09/2016 07:55;Strada Urbana;VIA TIBURTINA;da specificare;;;;ponte di Portonaccio 200 mt. prima svin. S. Tiburt;Scontro laterale fra veicoli in marcia;Rettilineo;Una carreggiata a doppio senso;Asciutto;Asfaltata;Verticale ed orizzontale;Sereno;Intenso;Buona;Ore Diurne;2;0;0;1;12.53382;41.90821;-1;1;Autovettura privata;In marcia / fermata / arresto;Conducente;M;Illeso;0;;Non accertato;Inesploso
2987717;5;29/09/2016 07:55;Strada Urbana;VIA TIBURTINA;da specificare;;;;ponte di Portonaccio 200 mt. prima svin. S. Tiburt;Scontro laterale fra veicoli in marcia;Rettilineo;Una carreggiata a doppio senso;Asciutto;Asfaltata;Verticale ed orizzontale;Sereno;Intenso;Buona;Ore Diurne;2;0;0;1;12.53382;41.90821;-1;2;Motociclo con passeggero;In marcia / fermata / arresto;Conducente;M;Rimandato;0;NON DECEDUTO;Non accertato;
2987717;5;29/09/2016 07:55;Strada Urbana;VIA TIBURTINA;da specificare;;;;ponte di Portonaccio 200 mt. prima svin. S. Tiburt;Scontro laterale fra veicoli in marcia;Rettilineo;Una carreggiata a doppio senso;Asciutto;Asfaltata;Verticale ed orizzontale;Sereno;Intenso;Buona;Ore Diurne;2;0;0;1;12.53382;41.90821;-1;2;Motociclo con passeggero;In marcia / fermata / arresto;Passeggero;F;Rimandato;0;NON DECEDUTO;Non accertato;
2987719;10;30/09/2016 10:10;Strada Urbana;VIA TUSCOLANA;in prossimità;;del civico n.;879;;Scontro laterale fra veicoli in marcia;Rettilineo;Una carreggiata a senso unico di marcia;Asciutto;Asfaltata;Orizzontale;Sereno;Normale;Buona;Ore Diurne;0;0;0;6;12.56146;41.85765;-1;1;Autovettura privata;In marcia / fermata / arresto;Conducente;M;Illeso;0;;;
2987719;10;30/09/2016 10:10;Strada Urbana;VIA TUSCOLANA;in prossimità;;del civico n.;879;;Scontro laterale fra veicoli in marcia;Rettilineo;Una carreggiata a senso unico di marcia;Asciutto;Asfaltata;Orizzontale;Sereno;Normale;Buona;Ore Diurne;0;0;0;6;12.56146;41.85765;-1;1;Autovettura privata;In marcia / fermata / arresto;Passeggero;F;Illeso;0;;Non accertato;Inesploso
2987719;10;30/09/2016 10:10;Strada Urbana;VIA TUSCOLANA;in prossimità;;del civico n.;879;;Scontro laterale fra veicoli in marcia;Rettilineo;Una carreggiata a senso unico di marcia;Asciutto;Asfaltata;Orizzontale;Sereno;Normale;Buona;Ore Diurne;0;0;0;6;12.56146;41.85765;-1;1;Autovettura privata;In marcia / fermata / arresto;Passeggero;F;Illeso;0;;Non accertato;Inesploso
2987719;10;30/09/2016 10:10;Strada Urbana;VIA TUSCOLANA;in prossimità;;del civico n.;879;;Scontro laterale fra veicoli in marcia;Rettilineo;Una carreggiata a senso unico di marcia;Asciutto;Asfaltata;Orizzontale;Sereno;Normale;Buona;Ore Diurne;0;0;0;6;12.56146;41.85765;-1;2;Autovettura privata;In marcia / fermata / arresto;Conducente;F;Illeso;0;;Non accertato;Inesploso
2987719;10;30/09/2016 10:10;Strada Urbana;VIA TUSCOLANA;in prossimità;;del civico n.;879;;Scontro laterale fra veicoli in marcia;Rettilineo;Una carreggiata a senso unico di marcia;Asciutto;Asfaltata;Orizzontale;Sereno;Normale;Buona;Ore Diurne;0;0;0;6;12.56146;41.85765;-1;2;Autovettura privata;In marcia / fermata / arresto;Passeggero;F;Illeso;0;;Non accertato;Inesploso
2987719;10;30/09/2016 10:10;Strada Urbana;VIA TUSCOLANA;in prossimità;;del civico n.;879;;Scontro laterale fra veicoli in marcia;Rettilineo;Una carreggiata a senso unico di marcia;Asciutto;Asfaltata;Orizzontale;Sereno;Normale;Buona;Ore Diurne;0;0;0;6;12.56146;41.85765;-1;2;Autovettura privata;In marcia / fermata / arresto;Passeggero;F;Illeso;0;;Non accertato;Inesploso
2987726;7;29/09/2016 17:15;Strada Urbana;VIA DI TOR TRE TESTE;all'intersezione con;VIA WALTER TOBAGI;VIA WALTER TOBAGI;;;Scontro frontale/laterale DX fra veicoli in marcia;Incrocio;Una carreggiata a doppio senso;Asciutto;Asfaltata;Verticale ed orizzontale;Sereno;Normale;Buona;Ore Diurne;1;0;0;1;12.59334;41.88382;-1;1;Autovettura privata;In marcia / fermata / arresto;Conducente;M;Illeso;0;;Non accertato;Inesploso
2987726;7;29/09/2016 17:15;Strada Urbana;VIA DI TOR TRE TESTE;all'intersezione con;VIA WALTER TOBAGI;VIA WALTER TOBAGI;;;Scontro frontale/laterale DX fra veicoli in marcia;Incrocio;Una carreggiata a doppio senso;Asciutto;Asfaltata;Verticale ed orizzontale;Sereno;Normale;Buona;Ore Diurne;1;0;0;1;12.59334;41.88382;-1;2;Motociclo a solo;In marcia / fermata / arresto;Conducente;M;Ricoverato;0;NON DECEDUTO;Non accertato;
2987728;5;29/09/2016 12:30;Strada Urbana;VIA NICOLA ANTONIO PEDICINO;in corrispondenza;;del civico n.;15;;Veicolo in marcia contro veicoli in sosta;Rettilineo;Una carreggiata a senso unico di marcia;Asciutto;Asfaltata;Verticale;Sereno;Normale;Buona;Ore Diurne;0;0;0;2;12.55177;41.93605;-1;1;Autovettura privata;In marcia / fermata / arresto;Conducente;F;Illeso;0;;Non accertato;Inesploso
2987728;5;29/09/2016 12:30;Strada Urbana;VIA NICOLA ANTONIO PEDICINO;in corrispondenza;;del civico n.;15;;Veicolo in marcia contro veicoli in sosta;Rettilineo;Una carreggiata a senso unico di marcia;Asciutto;Asfaltata;Verticale;Sereno;Normale;Buona;Ore Diurne;0;0;0;2;12.55177;41.93605;-1;2;Autovettura privata;In marcia / fermata / arresto;Conducente;M;Illeso;0;;Non accertato;Inesploso
2987732;5;29/09/2016 14:10;Strada Urbana;VIA ALBERTO BERGAMINI;in prossimità;;del civico n.;50;;Scontro frontale fra veicoli in marcia;Rettilineo;Due carreggiate;Asciutto;Asfaltata;Orizzontale;Sereno;Normale;Buona;Ore Diurne;1;0;0;1;12.5543;41.90577;-1;1;Motociclo a solo;In marcia / fermata / arresto;Conducente;M;Illeso;0;;Non accertato;
2987732;5;29/09/2016 14:10;Strada Urbana;VIA ALBERTO BERGAMINI;in prossimità;;del civico n.;50;;Scontro frontale fra veicoli in marcia;Rettilineo;Due carreggiate;Asciutto;Asfaltata;Orizzontale;Sereno;Normale;Buona;Ore Diurne;1;0;0;1;12.5543;41.90577;-1;2;Velocipede;In marcia / fermata / arresto;Conducente;M;Rimandato;0;NON DECEDUTO;Esente;
2987742;5;29/09/2016 19:15;Strada Urbana;VIA SEBASTIANO SATTA;all'intersezione con;VIA SANDRO SANDRI;VIA SANDRO SANDRI;;;Investimento di pedone;Incrocio;Una carreggiata a doppio senso;Asciutto;Asfaltata;Verticale ed orizzontale;Sereno;Scarso;Sufficiente;Sufficiente;0;0;0;2;12.55104;41.90426;-1;;;;Pedone;M;Illeso;0;;;
2987742;5;29/09/2016 19:15;Strada Urbana;VIA SEBASTIANO SATTA;all'intersezione con;VIA SANDRO SANDRI;VIA SANDRO SANDRI;;;Investimento di pedone;Incrocio;Una carreggiata a doppio senso;Asciutto;Asfaltata;Verticale ed orizzontale;Sereno;Scarso;Sufficiente;Sufficiente;0;0;0;2;12.55104;41.90426;-1;1;Autovettura privata;In marcia / fermata / arresto;Conducente;M;Illeso;0;;;
2987759;16;29/09/2016 15:05;Strada Urbana;VIA LEONE XIII;all'intersezione con;LARGO MARTIN LUTHER KING;LARGO MARTIN LUTHER KING;;;Scontro laterale fra veicoli in marcia;Intersezione semaforizzata;Due carreggiate;Asciutto;Asfaltata;Verticale ed orizzontale;Sereno;Intenso;Buona;Ore Diurne;1;0;0;1;12.44047;41.8879;-1;1;Autocarro inferiore 35 q.;In marcia / fermata / arresto;Conducente;M;Illeso;0;;;
2987759;16;29/09/2016 15:05;Strada Urbana;VIA LEONE XIII;all'intersezione con;LARGO MARTIN LUTHER KING;LARGO MARTIN LUTHER KING;;;Scontro laterale fra veicoli in marcia;Intersezione semaforizzata;Due carreggiate;Asciutto;Asfaltata;Verticale ed orizzontale;Sereno;Intenso;Buona;Ore Diurne;1;0;0;1;12.44047;41.8879;-1;2;Motociclo a solo;In marcia / fermata / arresto;Conducente;F;Rimandato;0;NON DECEDUTO;Non accertato;
2987764;16;29/09/2016 15:30;Strada Urbana;VIA BERNARDINO RAMAZZINI;in prossimità;;del civico n.;76;;Veicolo in marcia contro veicoli in sosta;Rettilineo;Una carreggiata a doppio senso;Asciutto;Asfaltata;Orizzontale;Sereno;Normale;Buona;Ore Diurne;0;0;0;1;12.45285;41.86954;-1;3;Autocarro inferiore 35 q.;In marcia / fermata / arresto;Conducente;M;Illeso;0;;Non accertato;Inesploso
2987791;6;30/09/2016 10:50;Statale entro l'abitato;VIA CASILINA;all'intersezione semaforizzata con;VIALE FILARETE;VIALE FILARETE;;;Scontro frontale/laterale DX fra veicoli in marcia;Intersezione semaforizzata;Due carreggiate;Asciutto;Asfaltata;Verticale ed orizzontale;Sereno;Normale;Buona;Ore Diurne;1;0;0;1;12.53863;41.88136;-1;1;Motociclo a solo;In marcia / fermata / arresto;Conducente;M;Rimandato;0;NON DECEDUTO;Non accertato;Inesploso
2987791;6;30/09/2016 10:50;Statale entro l'abitato;VIA CASILINA;all'intersezione semaforizzata con;VIALE FILARETE;VIALE FILARETE;;;Scontro frontale/laterale DX fra veicoli in marcia;Intersezione semaforizzata;Due carreggiate;Asciutto;Asfaltata;Verticale ed orizzontale;Sereno;Normale;Buona;Ore Diurne;1;0;0;1;12.53863;41.88136;-1;2;Autoambulanza in servizio;In marcia / fermata / arresto;Conducente;M;Illeso;0;;Non accertato;Inesploso
2987804;8;30/09/2016 08:45;Strada Urbana;VIA AMICO ASPERTINI;da specificare;;;;altezza civico 227 area parcheggio;Investimento di pedone;Rettilineo;Una carreggiata a doppio senso;Asciutto;Asfaltata;Verticale;Nuvoloso;Normale;Buona;Ore Diurne;1;0;0;0;12.6299;41.87275;-1;;;;Pedone;F;Rimandato;0;NON DECEDUTO;;
2987833;7;29/09/2016 12:40;Strada Urbana;VIA PRENESTINA;all'intersezione con;VIALE PALMIRO TOGLIATTI;VIALE PALMIRO TOGLIATTI;;;Scontro laterale fra veicoli in marcia;Incrocio;Una carreggiata a senso unico di marcia;Asciutto;Asfaltata;Verticale ed orizzontale;Sereno;Normale;Buona;Ore Diurne;2;0;0;0;12.57531;41.89499;-1;1;Motociclo a solo;In marcia / fermata / arresto;Conducente;M;Rimandato;0;NON DECEDUTO;Non accertato;
2987833;7;29/09/2016 12:40;Strada Urbana;VIA PRENESTINA;all'intersezione con;VIALE PALMIRO TOGLIATTI;VIALE PALMIRO TOGLIATTI;;;Scontro laterale fra veicoli in marcia;Incrocio;Una carreggiata a senso unico di marcia;Asciutto;Asfaltata;Verticale ed orizzontale;Sereno;Normale;Buona;Ore Diurne;2;0;0;0;12.57531;41.89499;-1;1;Motociclo a solo;In marcia / fermata / arresto;Passeggero;F;Rimandato;0;NON DECEDUTO;Non accertato;
2987868;1;30/09/2016 07:00;Strada Urbana;VIA NICOLA ZABAGLIA;in prossimità;;del civico n.;38;;Veicolo in marcia contro ostacolo accidentale;Rettilineo;Una carreggiata a doppio senso;Asciutto;Asfaltata;Verticale ed orizzontale;Sereno;Scarso;Buona;Ore Diurne;0;0;0;1;12.47606;41.87695;-1;1;Motociclo a solo;In marcia / fermata / arresto;Conducente;M;Illeso;0;;Non accertato;
2987876;9;30/09/2016 09:15;Strada Urbana;VIA APPIA NUOVA;in prossimità;;del civico n.;574;;Scontro frontale/laterale DX fra veicoli in marcia;Rettilineo;Due carreggiate;Asciutto;Asfaltata;Orizzontale;Sereno;Normale;Buona;Ore Diurne;0;0;0;2;12.52806;41.87031;-1;1;Autocarro inferiore 35 q.;In marcia / fermata / arresto;Conducente;M;Illeso;0;;Utilizzato;Inesploso
2987876;9;30/09/2016 09:15;Strada Urbana;VIA APPIA NUOVA;in prossimità;;del civico n.;574;;Scontro frontale/laterale DX fra veicoli in marcia;Rettilineo;Due carreggiate;Asciutto;Asfaltata;Orizzontale;Sereno;Normale;Buona;Ore Diurne;0;0;0;2;12.52806;41.87031;-1;2;Autovettura privata;In marcia / fermata / arresto;Conducente;M;Illeso;0;;Utilizzato;Inesploso
2987941;10;30/09/2016 11:15;Strada Urbana;VIA ERODE ATTICO;all'intersezione con;VIA LUCIO VOLUMNIO;VIA LUCIO VOLUMNIO;;;Scontro laterale fra veicoli in marcia;Incrocio;Una carreggiata a doppio senso;Asciutto;Asfaltata;Orizzontale;Sereno;Scarso;Buona;Ore Diurne;1;0;0;1;12.54184;41.83814;-1;1;Motociclo a solo;In marcia / fermata / arresto;Conducente;M;Rifiuta cure immediate;0;NON DECEDUTO;Non accertato;
2987941;10;30/09/2016 11:15;Strada Urbana;VIA ERODE ATTICO;all'intersezione con;VIA LUCIO VOLUMNIO;VIA LUCIO VOLUMNIO;;;Scontro laterale fra veicoli in marcia;Incrocio;Una carreggiata a doppio senso;Asciutto;Asfaltata;Orizzontale;Sereno;Scarso;Buona;Ore Diurne;1;0;0;1;12.54184;41.83814;-1;2;Autovettura privata;Allontanatosi;Conducente;M;Illeso;0;;Non accertato;Inesploso
2987979;1;30/09/2016 07:55;Strada Urbana;LUNGOTEVERE GIANICOLENSE;da specificare;;;;ALL'ALTEZZA DI VIA DELLA LUNGARA;Scontro laterale fra veicoli in marcia;Rettilineo;Una carreggiata a senso unico di marcia;Asciutto;Asfaltata;Verticale ed orizzontale;Sereno;Intenso;Buona;Ore Diurne;1;0;0;2;12.46325;41.89827;-1;1;Autovettura privata;In marcia / fermata / arresto;Conducente;M;Illeso;0;;Non accertato;Inesploso
2987979;1;30/09/2016 07:55;Strada Urbana;LUNGOTEVERE GIANICOLENSE;da specificare;;;;ALL'ALTEZZA DI VIA DELLA LUNGARA;Scontro laterale fra veicoli in marcia;Rettilineo;Una carreggiata a senso unico di marcia;Asciutto;Asfaltata;Verticale ed orizzontale;Sereno;Intenso;Buona;Ore Diurne;1;0;0;2;12.46325;41.89827;-1;2;Motociclo con passeggero;In marcia / fermata / arresto;Conducente;M;Illeso;0;;Non accertato;
2987979;1;30/09/2016 07:55;Strada Urbana;LUNGOTEVERE GIANICOLENSE;da specificare;;;;ALL'ALTEZZA DI VIA DELLA LUNGARA;Scontro laterale fra veicoli in marcia;Rettilineo;Una carreggiata a senso unico di marcia;Asciutto;Asfaltata;Verticale ed orizzontale;Sereno;Intenso;Buona;Ore Diurne;1;0;0;2;12.46325;41.89827;-1;2;Motociclo con passeggero;In marcia / fermata / arresto;Passeggero;F;Rimandato;0;NON DECEDUTO;Non accertato;
2987988;16;29/09/2016 20:30;Strada Urbana;VIA DI POZZO PANTALEO;all'intersezione semaforizzata con;VIA PORTUENSE;VIA PORTUENSE;;;Scontro laterale fra veicoli in marcia;Intersezione semaforizzata;Una carreggiata a senso unico di marcia;Asciutto;Asfaltata;Verticale ed orizzontale;Sereno;Normale;Sufficiente;Sufficiente;2;0;0;3;12.46387;41.86673;-1;1;Autovettura privata;In marcia / fermata / arresto;Conducente;F;Rimandato;0;NON DECEDUTO;Non accertato;Inesploso
2987988;16;29/09/2016 20:30;Strada Urbana;VIA DI POZZO PANTALEO;all'intersezione semaforizzata con;VIA PORTUENSE;VIA PORTUENSE;;;Scontro laterale fra veicoli in marcia;Intersezione semaforizzata;Una carreggiata a senso unico di marcia;Asciutto;Asfaltata;Verticale ed orizzontale;Sereno;Normale;Sufficiente;Sufficiente;2;0;0;3;12.46387;41.86673;-1;1;Autovettura privata;In marcia / fermata / arresto;Passeggero;F;Illeso;0;;Non accertato;Inesploso
2987988;16;29/09/2016 20:30;Strada Urbana;VIA DI POZZO PANTALEO;all'intersezione semaforizzata con;VIA PORTUENSE;VIA PORTUENSE;;;Scontro laterale fra veicoli in marcia;Intersezione semaforizzata;Una carreggiata a senso unico di marcia;Asciutto;Asfaltata;Verticale ed orizzontale;Sereno;Normale;Sufficiente;Sufficiente;2;0;0;3;12.46387;41.86673;-1;1;Autovettura privata;In marcia / fermata / arresto;Passeggero;F;Illeso;0;;Non accertato;Inesploso