Protocollo;Gruppo;DataOraIncidente;Localizzazione1;STRADA1;Localizzazione2;STRADA2;Strada02;Chilometrica;DaSpecificare;NaturaIncidente;particolaritastrade;TipoStrada;FondoStradale;Pavimentazione;Segnaletica;CondizioneAtmosferica;Traffico;Visibilita;Illuminazione;NUM_FERITI;NUM_RISERVATA;NUM_MORTI;NUM_ILLESI;Longitudine;Latitudine;Confermato;Progressivo;TipoVeicolo;StatoVeicolo;TipoPersona;Sesso;Tipolesione;Deceduto;DecedutoDopo;CinturaCascoUtilizzato;Airbag
2989068;4;30/09/2016 08:15;Strada Urbana;VIA MONTE SUBASIO;in corrispondenza;;del civico n.;5;;Infortunio per sola frenata improvvisa;Rettilineo;Una carreggiata a senso unico di marcia;Asciutto;Asfaltata;Verticale ed orizzontale;Sereno;Normale;Buona;Ore Diurne;2;0;0;0;12.53571;41.93536;-1;1;Motociclo a solo;In marcia / fermata / arresto;Passeggero;F;Ricoverato;0;NON DECEDUTO;Non accertato;
2989096;2;30/09/2016 20:00;Strada Urbana;VIA DI TRASONE;in prossimità;;del civico n.;38;;Veicolo in marcia contro veicolo in sosta;Rettilineo;Una carreggiata a senso unico di marcia;Asciutto;Asfaltata;Verticale ed orizzontale;Sereno;Normale;Buona;Sufficiente;0;0;0;1;12.51265;41.93013;-1;1;Autovettura privata;In marcia / fermata / arresto;Conducente;M;Illeso;0;;Non accertato;Inesploso
2989100;4;30/09/2016 10:10;Statale;VIA SALARIA;all'intersezione con;VIA MODESTO PANETTI;VIA MODESTO PANETTI;;;Scontro frontale/laterale SX fra veicoli in marcia;Incrocio;Una carreggiata a doppio senso;Asciutto;Asfaltata;Verticale ed orizzontale;Sereno;Normale;Buona;Ore Diurne;0;0;0;2;12.56863;42.04562;-1;1;Autovettura privata;In marcia / fermata / arresto;Conducente;M;Illeso;0;;;
2989100;4;30/09/2016 10:10;Statale;VIA SALARIA;all'intersezione con;VIA MODESTO PANETTI;VIA MODESTO PANETTI;;;Scontro frontale/laterale SX fra veicoli in marcia;Incrocio;Una carreggiata a doppio senso;Asciutto;Asfaltata;Verticale ed orizzontale;Sereno;Normale;Buona;Ore Diurne;0;0;0;2;12.56863;42.04562;-1;2;Autovettura privata;In marcia / fermata / arresto;Conducente;M;Illeso;0;;;
2989160;4;30/09/2016 10:30;Strada Urbana;VIA ETTORE ROMAGNOLI;da specificare;;;;in corrisponza del fronte civico 31;Veicolo in marcia contro veicoli in sosta;Rettilineo;Due carreggiate;Asciutto;Asfaltata;Verticale ed orizzontale;Sereno;Scarso;Buona;Ore Diurne;0;0;0;1;12.54684;41.94114;-1;1;Autovettura privata;In marcia / fermata / arresto;Conducente;M;Illeso;0;;Non accertato;
2989169;4;30/09/2016 15:15;Provinciale entro l'abitato;VIA NOMENTANA;in prossimità;;del civico n.;1141;;Tamponamento;Rettilineo;Una carreggiata a doppio senso;Asciutto;Asfaltata;Verticale ed orizzontale;Sereno;Intenso;Buona;Ore Diurne;1;0;0;2;12.57751;41.95678;-1;1;Autovettura privata;In marcia / fermata / arresto;Conducente;M;Rimandato;0;NON DECEDUTO;;
2989169;4;30/09/2016 15:15;Provinciale entro l'abitato;VIA NOMENTANA;in prossimità;;del civico n.;1141;;Tamponamento;Rettilineo;Una carreggiata a doppio senso;Asciutto;Asfaltata;Verticale ed orizzontale;Sereno;Intenso;Buona;Ore Diurne;1;0;0;2;12.57751;41.95678;-1;1;Autovettura privata;In marcia / fermata / arresto;Passeggero;M;Illeso;0;;;
2989169;4;30/09/2016 15:15;Provinciale entro l'abitato;VIA NOMENTANA;in prossimità;;del civico n.;1141;;Tamponamento;Rettilineo;Una carreggiata a doppio senso;Asciutto;Asfaltata;Verticale ed orizzontale;Sereno;Intenso;Buona;Ore Diurne;1;0;0;2;12.57751;41.95678;-1;2;Autovettura privata;In marcia / fermata / arresto;Conducente;M;Illeso;0;;;
2989183;4;30/09/2016 17:00;Strada Urbana;LARGO LUCHINO VISCONTI;da specificare;;;;in corrispondenza di via C. Baseggio;Scontro laterale fra veicoli in marcia;Rotatoria;Una carreggiata a senso unico di marcia;Asciutto;Asfaltata;Verticale ed orizzontale;Sereno;Normale;Buona;Ore Diurne;0;0;0;3;12.53535;41.96562;-1;1;Autovettura privata;In marcia / fermata / arresto;Conducente;F;Illeso;0;;Non accertato;
2989183;4;30/09/2016 17:00;Strada Urbana;LARGO LUCHINO VISCONTI;da specificare;;;;in corrispondenza di via C. Baseggio;Scontro laterale fra veicoli in marcia;Rotatoria;Una carreggiata a senso unico di marcia;Asciutto;Asfaltata;Verticale ed orizzontale;Sereno;Normale;Buona;Ore Diurne;0;0;0;3;12.53535;41.96562;-1;2;Autovettura privata;In marcia / fermata / arresto;Conducente;F;Illeso;0;;Non accertato;
2989183;4;30/09/2016 17:00;Strada Urbana;LARGO LUCHINO VISCONTI;da specificare;;;;in corrispondenza di via C. Baseggio;Scontro laterale fra veicoli in marcia;Rotatoria;Una carreggiata a senso unico di marcia;Asciutto;Asfaltata;Verticale ed orizzontale;Sereno;Normale;Buona;Ore Diurne;0;0;0;3;12.53535;41.96562;-1;2;Autovettura privata;In marcia / fermata / arresto;Passeggero;M;Illeso;0;;Non accertato;
2989211;4;30/09/2016 19:00;Strada Urbana;VIA DELLE VIGNE NUOVE;in corrispondenza;;del civico n.;498;;Investimento di pedone;Rettilineo;Una carreggiata a doppio senso;Asciutto;Asfaltata;Verticale ed orizzontale;Sereno;Normale;Buona;Sufficiente;1;0;0;1;12.53566;41.95705;-1;;;;Pedone;F;Rimandato;0;NON DECEDUTO;;
2989211;4;30/09/2016 19:00;Strada Urbana;VIA DELLE VIGNE NUOVE;in corrispondenza;;del civico n.;498;;Investimento di pedone;Rettilineo;Una carreggiata a doppio senso;Asciutto;Asfaltata;Verticale ed orizzontale;Sereno;Normale;Buona;Sufficiente;1;0;0;1;12.53566;41.95705;-1;1;Motociclo a solo;In marcia / fermata / arresto;Conducente;M;Illeso;0;;Non accertato;
2989261;4;30/09/2016 16:00;Strada Urbana;VIA CASALE REDICICOLI;da specificare;;;;ingresso  Porte di Roma entrata Ikea;Tamponamento;Rettilineo;Una carreggiata a senso unico di marcia;Asciutto;Asfaltata;Orizzontale;Sereno;Normale;Buona;Ore Diurne;0;0;0;2;12.53738;41.97196;-1;1;Autovettura privata;In marcia / fermata / arresto;Conducente;F;Illeso;0;;Non accertato;
2989261;4;30/09/2016 16:00;Strada Urbana;VIA CASALE REDICICOLI;da specificare;;;;ingresso  Porte di Roma entrata Ikea;Tamponamento;Rettilineo;Una carreggiata a senso unico di marcia;Asciutto;Asfaltata;Orizzontale;Sereno;Normale;Buona;Ore Diurne;0;0;0;2;12.53738;41.97196;-1;2;Autovettura privata;In marcia / fermata / arresto;Conducente;M;Illeso;0;;Non accertato;Esploso
2989272;4;30/09/2016 19:35;Strada Urbana;VIA ANTONIO DE CURTIS;da specificare;;;;in prossimità di via delle Vigne Nuove;Scontro frontale/laterale SX fra veicoli in marcia;Rettilineo;Una carreggiata a doppio senso;Asciutto;Asfaltata;Verticale;Sereno;Scarso;Buona;Sufficiente;1;0;0;1;12.5357;41.95332;-1;1;Autovettura privata;In marcia / fermata / arresto;Conducente;M;Illeso;0;;Non accertato;Esploso
2989272;4;30/09/2016 19:35;Strada Urbana;VIA ANTONIO DE CURTIS;da specificare;;;;in prossimità di via delle Vigne Nuove;Scontro frontale/laterale SX fra veicoli in marcia;Rettilineo;Una carreggiata a doppio senso;Asciutto;Asfaltata;Verticale;Sereno;Scarso;Buona;Sufficiente;1;0;0;1;12.5357;41.95332;-1;2;Autovettura privata;In marcia / fermata / arresto;Conducente;M;Rifiuta cure immediate;0;NON DECEDUTO;;
2989294;1;30/09/2016 14:10;Strada Urbana;LUNGOTEVERE IN AUGUSTA;in prossimità;;del palo luce n.;13;;Tamponamento;Rettilineo;Una carreggiata a senso unico di marcia;Asciutto;Asfaltata;Verticale ed orizzontale;Sereno;Normale;Buona;Ore Diurne;1;0;0;2;12.47331;41.90951;-1;1;Autovettura privata;In marcia / fermata / arresto;Conducente;M;Illeso;0;;;
2989294;1;30/09/2016 14:10;Strada Urbana;LUNGOTEVERE IN AUGUSTA;in prossimità;;del palo luce n.;13;;Tamponamento;Rettilineo;Una carreggiata a senso unico di marcia;Asciutto;Asfaltata;Verticale ed orizzontale;Sereno;Normale;Buona;Ore Diurne;1;0;0;2;12.47331;41.90951;-1;1;Autovettura privata;In marcia / fermata / arresto;Passeggero;F;Illeso;0;;;
2989294;1;30/09/2016 14:10;Strada Urbana;LUNGOTEVERE IN AUGUSTA;in prossimità;;del palo luce n.;13;;Tamponamento;Rettilineo;Una carreggiata a senso unico di marcia;Asciutto;Asfaltata;Verticale ed orizzontale;Sereno;Normale;Buona;Ore Diurne;1;0;0;2;12.47331;41.90951;-1;2;Motociclo a solo;In marcia / fermata / arresto;Conducente;M;Rimandato;0;NON DECEDUTO;;
2989300;2;30/09/2016 08:00;Strada Urbana;VIA EUGENIO VAJNA;da specificare;;;;fronte civico 10;Veicolo in marcia contro veicolo in sosta;Rettilineo;Una carreggiata a doppio senso;Asciutto;Asfaltata;Verticale ed orizzontale;Sereno;Normale;Buona;Ore Diurne;0;0;0;1;12.48799;41.9298;-1;1;Autovettura privata;In marcia / fermata / arresto;Conducente;M;Illeso;0;;;
2989725;15;30/09/2016 08:00;Strada Urbana;VIA ALBERESE;all'intersezione con;VICOLO DI PAPA LEONE;VICOLO DI PAPA LEONE;;;Scontro frontale/laterale DX fra veicoli in marcia;Incrocio;Una carreggiata a doppio senso;Asciutto;Asfaltata;Verticale ed orizzontale;Sereno;Normale;Buona;Ore Diurne;0;0;0;2;12.44115;41.84823;-1;1;Autovettura privata;In marcia / fermata / arresto;Conducente;F;Illeso;0;;;
2989725;15;30/09/2016 08:00;Strada Urbana;VIA ALBERESE;all'intersezione con;VICOLO DI PAPA LEONE;VICOLO DI PAPA LEONE;;;Scontro frontale/laterale DX fra veicoli in marcia;Incrocio;Una carreggiata a doppio senso;Asciutto;Asfaltata;Verticale ed orizzontale;Sereno;Normale;Buona;Ore Diurne;0;0;0;2;12.44115;41.84823;-1;2;Autovettura privata;In marcia / fermata / arresto;Conducente;M;Illeso;0;;;
2989733;15;30/09/2016 11:15;Strada Urbana;VIA ODERISI DA GUBBIO;in corrispondenza;;del civico n.;205;;Scontro frontale fra veicoli in marcia;Rettilineo;Una carreggiata a doppio senso;Asciutto;Asfaltata;Orizzontale;Sereno;Normale;Buona;Ore Diurne;1;0;0;1;12.4645;41.86375;-1;1;Autovettura privata;In marcia / fermata / arresto;Conducente;F;Illeso;0;;Utilizzato;
2989733;15;30/09/2016 11:15;Strada Urbana;VIA ODERISI DA GUBBIO;in corrispondenza;;del civico n.;205;;Scontro frontale fra veicoli in marcia;Rettilineo;Una carreggiata a doppio senso;Asciutto;Asfaltata;Orizzontale;Sereno;Normale;Buona;Ore Diurne;1;0;0;1;12.4645;41.86375;-1;2;Motociclo a solo;In marcia / fermata / arresto;Conducente;F;Rimandato;0;NON DECEDUTO;Utilizzato;
2989739;15;30/09/2016 19:50;Strada Urbana;VIALE ISACCO NEWTON;in prossimità;;del civico n.;126;;Veicolo in marcia contro ostacolo accidentale;Rettilineo;Due carreggiate;Asciutto;Asfaltata;Verticale ed orizzontale;Sereno;Intenso;Buona;Sufficiente;0;0;0;3;12.44008;41.85616;-1;1;Autovettura privata;In marcia / fermata / arresto;Conducente;F;Illeso;0;;;
2989739;15;30/09/2016 19:50;Strada Urbana;VIALE ISACCO NEWTON;in prossimità;;del civico n.;126;;Veicolo in marcia contro ostacolo accidentale;Rettilineo;Due carreggiate;Asciutto;Asfaltata;Verticale ed orizzontale;Sereno;Intenso;Buona;Sufficiente;0;0;0;3;12.44008;41.85616;-1;1;Autovettura privata;In marcia / fermata / arresto;Passeggero;F;Illeso;0;;;
2989739;15;30/09/2016 19:50;Strada Urbana;VIALE ISACCO NEWTON;in prossimità;;del civico n.;126;;Veicolo in marcia contro ostacolo accidentale;Rettilineo;Due carreggiate;Asciutto;Asfaltata;Verticale ed orizzontale;Sereno;Intenso;Buona;Sufficiente;0;0;0;3;12.44008;41.85616;-1;1;Autovettura privata;In marcia / fermata / arresto;Passeggero;M;Illeso;0;;;
2989793;12;29/09/2016 15:45;Strada Urbana;VIALE CITTA' D'EUROPA;in prossimità;;del civico n.;702;;Veicolo in marcia contro ostacolo accidentale;Rettilineo;Due carreggiate;Asciutto;Con buche;Verticale ed orizzontale;Sereno;Scarso;Buona;Ore Diurne;0;0;0;1;12.45322;41.82112;-1;1;Autovettura privata;In marcia / fermata / arresto;Conducente;F;Illeso;0;;Utilizzato;Inesploso
2989843;12;29/09/2016 15:55;Provinciale entro l'abitato;VIA LAURENTINA;da specificare;;;;altezza Via Castel di Leva;Scontro laterale fra veicoli in marcia;Rotatoria;Una carreggiata a senso unico di marcia;Asciutto;Asfaltata;Verticale ed orizzontale;Sereno;Normale;Buona;Ore Diurne;0;0;0;4;12.48323;41.7876;-1;1;Autovettura privata;In marcia / fermata / arresto;Conducente;M;Illeso;0;;Utilizzato;Inesploso
2989843;12;29/09/2016 15:55;Provinciale entro l'abitato;VIA LAURENTINA;da specificare;;;;altezza Via Castel di Leva;Scontro laterale fra veicoli in marcia;Rotatoria;Una carreggiata a senso unico di marcia;Asciutto;Asfaltata;Verticale ed orizzontale;Sereno;Normale;Buona;Ore Diurne;0;0;0;4;12.48323;41.7876;-1;2;Autovettura privata;In marcia / fermata / arresto;Conducente;F;Illeso;0;;Utilizzato;Inesploso
2989843;12;29/09/2016 15:55;Provinciale entro l'abitato;VIA LAURENTINA;da specificare;;;;altezza Via Castel di Leva;Scontro laterale fra veicoli in marcia;Rotatoria;Una carreggiata a senso unico di marcia;Asciutto;Asfaltata;Verticale ed orizzontale;Sereno;Normale;Buona;Ore Diurne;0;0;0;4;12.48323;41.7876;-1;2;Autovettura privata;In marcia / fermata / arresto;Passeggero;F;Illeso;0;;Utilizzato;Inesploso
2989843;12;29/09/2016 15:55;Provinciale entro l'abitato;VIA LAURENTINA;da specificare;;;;altezza Via Castel di Leva;Scontro laterale fra veicoli in marcia;Rotatoria;Una carreggiata a senso unico di marcia;Asciutto;Asfaltata;Verticale ed orizzontale;Sereno;Normale;Buona;Ore Diurne;0;0;0;4;12.48323;41.7876;-1;2;Autovettura privata;In marcia / fermata / arresto;Passeggero;F;Illeso;0;;Utilizzato;Inesploso
2990204;23;30/09/2016 14:45;Comunale extraurbana;VIA CRISTOFORO COLOMBO;all'intersezione semaforizzata con;VIA DEL CANALE DELLA LINGUA;VIA DEL CANALE DELLA LINGUA;;;Scontro frontale/laterale SX fra veicoli in marcia;Intersezione semaforizzata;Più di due carreggiate;Asciutto;Asfaltata;Verticale ed orizzontale;Sereno;Normale;Buona;Ore Diurne;0;0;0;2;12.34574;41.73635;-1;1;Autovettura privata;In marcia / fermata / arresto;Conducente;F;Illeso;0;;Utilizzato;Inesploso
2990204;23;30/09/2016 14:45;Comunale extraurbana;VIA CRISTOFORO COLOMBO;all'intersezione semaforizzata con;VIA DEL CANALE DELLA LINGUA;VIA DEL CANALE DELLA LINGUA;;;Scontro frontale/laterale SX fra veicoli in marcia;Intersezione semaforizzata;Più di due carreggiate;Asciutto;Asfaltata;Verticale ed orizzontale;Sereno;Normale;Buona;Ore Diurne;0;0;0;2;12.34574;41.73635;-1;2;Autovettura privata;In marcia / fermata / arresto;Conducente;F;Illeso;0;;Utilizzato;Inesploso
2990261;18;30/09/2016 11:40;Strada Urbana;VIA TEMISTOCLE CALISTI;all'intersezione con;VIA FRANCESCO AZZURRI;VIA FRANCESCO AZZURRI;;;Scontro frontale/laterale SX fra veicoli in marcia;Intersezione stradale segnalata;Una carreggiata a senso unico di marcia;Asciutto;Asfaltata;Verticale ed orizzontale;Sereno;Normale;Buona;Ore Diurne;0;0;0;2;12.39195;41.90713;-1;1;Autocarro inferiore 35 q.;In marcia / fermata / arresto;Conducente;M;Illeso;0;;Non accertato;Inesploso
2990261;18;30/09/2016 11:40;Strada Urbana;VIA TEMISTOCLE CALISTI;all'intersezione con;VIA FRANCESCO AZZURRI;VIA FRANCESCO AZZURRI;;;Scontro frontale/laterale SX fra veicoli in marcia;Intersezione stradale segnalata;Una carreggiata a senso unico di marcia;Asciutto;Asfaltata;Verticale ed orizzontale;Sereno;Normale;Buona;Ore Diurne;0;0;0;2;12.39195;41.90713;-1;2;Autovettura privata;In marcia / fermata / arresto;Conducente;M;Illeso;0;;;
2990262;18;30/09/2016 22:15;Strada Urbana;VIA GIACINTO DE VECCHI PIERALICE;in prossimità;;del civico n.;116;;Tamponamento;Rettilineo;Una carreggiata a doppio senso;Asciutto;Asfaltata;Verticale ed orizzontale;Sereno;Normale;Sufficiente;Sufficiente;0;0;0;3;12.44221;41.90018;-1;1;Autovettura privata;In marcia / fermata / arresto;Conducente;M;Illeso;0;;Non accertato;Inesploso
2990262;18;30/09/2016 22:15;Strada Urbana;VIA GIACINTO DE VECCHI PIERALICE;in prossimità;;del civico n.;116;;Tamponamento;Rettilineo;Una carreggiata a doppio senso;Asciutto;Asfaltata;Verticale ed orizzontale;Sereno;Normale;Sufficiente;Sufficiente;0;0;0;3;12.44221;41.90018;-1;1;Autovettura privata;In marcia / fermata / arresto;Passeggero;M;Illeso;0;;Non utilizzato;Inesploso
2990262;18;30/09/2016 22:15;Strada Urbana;VIA GIACINTO DE VECCHI PIERALICE;in prossimità;;del civico n.;116;;Tamponamento;Rettilineo;Una carreggiata a doppio senso;Asciutto;Asfaltata;Verticale ed orizzontale;Sereno;Normale;Sufficiente;Sufficiente;0;0;0;3;12.44221;41.90018;-1;2;Autovettura privata;In marcia / fermata / arresto;Conducente;M;Illeso;0;;Non accertato;Inesploso
2990264;18;30/09/2016 15:15;Strada Urbana;VIA LEONE XIII;in prossimità;;del civico n.;464;;Tamponamento;Rettilineo;Due carreggiate;Asciutto;Asfaltata;Verticale ed orizzontale;Sereno;Normale;Sufficiente;Ore Diurne;1;0;0;1;12.43764;41.89347;-1;1;Autovettura privata;In marcia / fermata / arresto;Conducente;M;Illeso;0;;;
2990264;18;30/09/2016 15:15;Strada Urbana;VIA LEONE XIII;in prossimità;;del civico n.;464;;Tamponamento;Rettilineo;Due carreggiate;Asciutto;Asfaltata;Verticale ed orizzontale;Sereno;Normale;Sufficiente;Ore Diurne;1;0;0;1;12.43764;41.89347;-1;2;Motociclo a solo;In marcia / fermata / arresto;Conducente;M;Rimandato;0;NON DECEDUTO;Non accertato;
2990316;12;29/09/2016 17:45;Strada Urbana;VIALE DELLA CIVILTA' DEL LAVORO;all'intersezione con;VIA CIRO IL GRANDE;VIA CIRO IL GRANDE;;;Tamponamento;Incrocio;Due carreggiate;Asciutto;Asfaltata;Verticale ed orizzontale;Sereno;Normale;Buona;Ore Diurne;0;0;0;2;12.46885;41.83583;-1;1;Autovettura privata;In marcia / fermata / arresto;Conducente;F;Illeso;0;;Utilizzato;Inesploso
2990316;12;29/09/2016 17:45;Strada Urbana;VIALE DELLA CIVILTA' DEL LAVORO;all'intersezione con;VIA CIRO IL GRANDE;VIA CIRO IL GRANDE;;;Tamponamento;Incrocio;Due carreggiate;Asciutto;Asfaltata;Verticale ed orizzontale;Sereno;Normale;Buona;Ore Diurne;0;0;0;2;12.46885;41.83583;-1;2;Autovettura privata;In marcia / fermata / arresto;Conducente;F;Illeso;0;;Utilizzato;Inesploso
2990906;5;30/09/2016 01:00;Strada Urbana;VIA ANTONIO BALDISSERA;in prossimità;;del civico n.;51;;Veicolo in marcia contro veicoli in sosta;Rettilineo;Una carreggiata a doppio senso;Asciutto;Asfaltata;Verticale ed orizzontale;Sereno;Scarso;Buona;Sufficiente;0;0;0;1;12.53718;41.89717;-1;1;Autovettura privata;In marcia / fermata / arresto;Conducente;M;Illeso;0;;Non accertato;Inesploso
2990908;5;30/09/2016 12:10;Strada Urbana;VIA DEL CASALE DI S. BASILIO;all'intersezione con;VIA TINO BUAZZELLI;VIA TINO BUAZZELLI;;;Scontro frontale/laterale SX fra veicoli in marcia;Incrocio;Una carreggiata a doppio senso;Asciutto;Asfaltata;Verticale ed orizzontale;Sereno;Normale;Buona;Ore Diurne;1;0;0;3;12.56888;41.94452;-1;1;Autocarro inferiore 35 q.;In marcia / fermata / arresto;Conducente;M;Illeso;0;;Non accertato;
2990908;5;30/09/2016 12:10;Strada Urbana;VIA DEL CASALE DI S. BASILIO;all'intersezione con;VIA TINO BUAZZELLI;VIA TINO BUAZZELLI;;;Scontro frontale/laterale SX fra veicoli in marcia;Incrocio;Una carreggiata a doppio senso;Asciutto;Asfaltata;Verticale ed orizzontale;Sereno;Normale;Buona;Ore Diurne;1;0;0;3;12.56888;41.94452;-1;1;Autocarro inferiore 35 q.;In marcia / fermata / arresto;Passeggero;F;Illeso;0;;Non accertato;
2990908;5;30/09/2016 12:10;Strada Urbana;VIA DEL CASALE DI S. BASILIO;all'intersezione con;VIA TINO BUAZZELLI;VIA TINO BUAZZELLI;;;Scontro frontale/laterale SX fra veicoli in marcia;Incrocio;Una carreggiata a doppio senso;Asciutto;Asfaltata;Verticale ed orizzontale;Sereno;Normale;Buona;Ore Diurne;1;0;0;3;12.56888;41.94452;-1;2;Autovettura privata;In marcia / fermata / arresto;Conducente;M;Illeso;0;;Non accertato;
2990908;5;30/09/2016 12:10;Strada Urbana;VIA DEL CASALE DI S. BASILIO;all'intersezione con;VIA TINO BUAZZELLI;VIA TINO BUAZZELLI;;;Scontro frontale/laterale SX fra veicoli in marcia;Incrocio;Una carreggiata a doppio senso;Asciutto;Asfaltata;Verticale ed orizzontale;Sereno;Normale;Buona;Ore Diurne;1;0;0;3;12.56888;41.94452;-1;3;Motociclo a solo;In marcia / fermata / arresto;Conducente;M;Rimandato;0;NON DECEDUTO;Non accertato;
2990914;5;30/09/2016 16:00;Strada Urbana;VIALE RATTO DELLE SABINE;in prossimità;;del civico n.;28;;Veicolo in marcia contro ostacolo fisso;Rettilineo;Più di due carreggiate;Asciutto;Asfaltata;Verticale ed orizzontale;Sereno;Normale;Buona;Ore Diurne;0;0;0;1;12.60038;41.94568;-1;1;Autovettura privata;In marcia / fermata / arresto;Conducente;M;Illeso;0;;Non accertato;Inesploso
2990915;5;30/09/2016 16:30;Strada Urbana;LARGO DOMENICO DE DOMINICIS;all'intersezione con;VIA DI PORTONACCIO;VIA DI PORTONACCIO;;;Scontro frontale/laterale SX fra veicoli in marcia;Incrocio;Una carreggiata a doppio senso;Asciutto;Asfaltata;Verticale ed orizzontale;Sereno;Normale;Buona;Ore Diurne;0;0;0;3;12.536;41.90305;-1;1;Autovettura privata;In marcia / fermata / arresto;Conducente;F;Illeso;0;;Non accertato;Inesploso
2990915;5;30/09/2016 16:30;Strada Urbana;LARGO DOMENICO DE DOMINICIS;all'intersezione con;VIA DI PORTONACCIO;VIA DI PORTONACCIO;;;Scontro frontale/laterale SX fra veicoli in marcia;Incrocio;Una carreggiata a doppio senso;Asciutto;Asfaltata;Verticale ed orizzontale;Sereno;Normale;Buona;Ore Diurne;0;0;0;3;12.536;41.90305;-1;1;Autovettura privata;In marcia / fermata / arresto;Passeggero;M;Illeso;0;;Non accertato;Inesploso
2990915;5;30/09/2016 16:30;Strada Urbana;LARGO DOMENICO DE DOMINICIS;all'intersezione con;VIA DI PORTONACCIO;VIA DI PORTONACCIO;;;Scontro frontale/laterale SX fra veicoli in marcia;Incrocio;Una carreggiata a doppio senso;Asciutto;Asfaltata;Verticale ed orizzontale;Sereno;Normale;Buona;Ore Diurne;0;0;0;3;12.536;41.90305;-1;2;Autocarro inferiore 35 q.;In marcia / fermata / arresto;Conducente;M;Illeso;0;;Non accertato;Inesploso
2990916;5;30/09/2016 16:40;Strada Urbana;VIA DELLA DEA OPI;in prossimità;;del civico n.;25;;Scontro laterale fra veicoli in marcia;Curva a visuale libera;Una carreggiata a doppio senso;Asciutto;Asfaltata;Assente;Sereno;Normale;Buona;Ore Diurne;0;0;0;2;12.55374;41.9156;-1;1;Autovettura privata;In marcia / fermata / arresto;Conducente;F;Illeso;0;;Non accertato;Inesploso
2990916;5;30/09/2016 16:40;Strada Urbana;VIA DELLA DEA OPI;in prossimità;;del civico n.;25;;Scontro laterale fra veicoli in marcia;Curva a visuale libera;Una carreggiata a doppio senso;Asciutto;Asfaltata;Assente;Sereno;Normale;Buona;Ore Diurne;0;0;0;2;12.55374;41.9156;-1;2;Autovettura privata;In marcia / fermata / arresto;Conducente;F;Illeso;0;;Non accertato;Inesploso
2990917;5;30/09/2016 17:35;Strada Urbana;VIA TIBURTINA;in prossimità;;del civico n.;1578;;Tamponamento;Rettilineo;Una carreggiata a doppio senso;Asciutto;Asfaltata;Verticale ed orizzontale;Sereno;Normale;Buona;Ore Diurne;0;0;0;2;12.64347;41.9415;-1;1;Autovettura privata;In marcia / fermata / arresto;Conducente;F;Illeso;0;;Non accertato;Inesploso
2990917;5;30/09/2016 17:35;Strada Urbana;VIA TIBURTINA;in prossimità;;del civico n.;1578;;Tamponamento;Rettilineo;Una carreggiata a doppio senso;Asciutto;Asfaltata;Verticale ed orizzontale;Sereno;Normale;Buona;Ore Diurne;0;0;0;2;12.64347;41.9415;-1;2;Autovettura privata;In marcia / fermata / arresto;Conducente;F;Illeso;0;;Non accertato;Inesploso
2991036;9;30/09/2016 23:28;Strada Urbana;VIA TUSCOLANA;in corrispondenza;;del civico n.;504;;Scontro frontale/laterale DX fra veicoli in marcia;Rettilineo;Due carreggiate;Asciutto;Asfaltata;Verticale ed orizzontale;Sereno;Normale;Sufficiente;Sufficiente;1;0;0;3;12.5356;41.8704;-1;1;Autovettura privata;In marcia / fermata / arresto;Conducente;M;Illeso;0;;Non accertato;Inesploso
2991036;9;30/09/2016 23:28;Strada Urbana;VIA TUSCOLANA;in corrispondenza;;del civico n.;504;;Scontro frontale/laterale DX fra veicoli in marcia;Rettilineo;Due carreggiate;Asciutto;Asfaltata;Verticale ed orizzontale;Sereno;Normale;Sufficiente;Sufficiente;1;0;0;3;12.5356;41.8704;-1;1;Autovettura privata;In marcia / fermata / arresto;Passeggero;M;Illeso;0;;Non accertato;Inesploso
2991036;9;30/09/2016 23:28;Strada Urbana;VIA TUSCOLANA;in corrispondenza;;del civico n.;504;;Scontro frontale/laterale DX fra veicoli in marcia;Rettilineo;Due carreggiate;Asciutto;Asfaltata;Verticale ed orizzontale;Sereno;Normale;Sufficiente;Sufficiente;1;0;0;3;12.5356;41.8704;-1;1;Autovettura privata;In marcia / fermata / arresto;Passeggero;M;Illeso;0;;Non accertato;Inesploso
2991036;9;30/09/2016 23:28;Strada Urbana;VIA TUSCOLANA;in corrispondenza;;del civico n.;504;;Scontro frontale/laterale DX fra veicoli in marcia;Rettilineo;Due carreggiate;Asciutto;Asfaltata;Verticale ed orizzontale;Sereno;Normale;Sufficiente;Sufficiente;1;0;0;3;12.5356;41.8704;-1;2;Motociclo a solo;In marcia / fermata / arresto;Conducente;F;Rimandato;0;NON DECEDUTO;Non accertato;
2991057;7;30/09/2016 09:00;Strada Urbana;VIALE DELLA BELLA VILLA;all'intersezione con;VIA CARLO DE' MARCHESETTI;VIA CARLO DE' MARCHESETTI;;;Scontro frontale/laterale DX fra veicoli in marcia;Intersezione stradale segnalata;Una carreggiata a doppio senso;Asciutto;Asfaltata;Verticale ed orizzontale;Sereno;Normale;Sufficiente;Ore Diurne;0;0;0;2;12.58396;41.8728;-1;1;Autovettura privata;In marcia / fermata / arresto;Conducente;M;Illeso;0;;Non accertato;Inesploso